sample_id,image_path,shrinkage,thread_defect,incomplete_molding,burr,contamination,split
burr_bottom_ng_camera_1_1,images/burr_bottom_ng/burr_bottom_ng_camera_1_1.png,0,0,0,1,0,train
burr_bottom_ng_camera_1_10,images/burr_bottom_ng/burr_bottom_ng_camera_1_10.png,0,0,0,1,0,train
burr_bottom_ng_camera_1_100,images/burr_bottom_ng/burr_bottom_ng_camera_1_100.png,0,0,0,1,0,test
burr_bottom_ng_camera_1_11,images/burr_bottom_ng/burr_bottom_ng_camera_1_11.png,0,0,0,1,0,val
burr_bottom_ng_camera_1_12,images/burr_bottom_ng/burr_bottom_ng_camera_1_12.png,0,0,0,1,0,train
burr_bottom_ng_camera_1_13,images/burr_bottom_ng/burr_bottom_ng_camera_1_13.png,0,0,0,1,0,train
burr_bottom_ng_camera_1_14,images/burr_bottom_ng/burr_bottom_ng_camera_1_14.png,0,0,0,1,0,train
burr_bottom_ng_camera_1_15,images/burr_bottom_ng/burr_bottom_ng_camera_1_15.png,0,0,0,1,0,val
burr_bottom_ng_camera_1_16,images/burr_bottom_ng/burr_bottom_ng_camera_1_16.png,0,0,0,1,0,train
burr_bottom_ng_camera_1_17,images/burr_bottom_ng/burr_bottom_ng_camera_1_17.png,0,0,0,1,0,train
burr_bottom_ng_camera_1_18,images/burr_bottom_ng/burr_bottom_ng_camera_1_18.png,0,0,0,1,0,train
burr_bottom_ng_camera_1_19,images/burr_bottom_ng/burr_bottom_ng_camera_1_19.png,0,0,0,1,0,train
burr_bottom_ng_camera_1_2,images/burr_bottom_ng/burr_bottom_ng_camera_1_2.png,0,0,0,1,0,val
burr_bottom_ng_camera_1_20,images/burr_bottom_ng/burr_bottom_ng_camera_1_20.png,0,0,0,1,0,val
burr_bottom_ng_camera_1_21,images/burr_bottom_ng/burr_bottom_ng_camera_1_21.png,0,0,0,1,0,val
burr_bottom_ng_camera_1_22,images/burr_bottom_ng/burr_bottom_ng_camera_1_22.png,0,0,0,1,0,train
burr_bottom_ng_camera_1_23,images/burr_bottom_ng/burr_bottom_ng_camera_1_23.png,0,0,0,1,0,train
burr_bottom_ng_camera_1_24,images/burr_bottom_ng/burr_bottom_ng_camera_1_24.png,0,0,0,1,0,train
burr_bottom_ng_camera_1_25,images/burr_bottom_ng/burr_bottom_ng_camera_1_25.png,0,0,0,1,0,train
burr_bottom_ng_camera_1_26,images/burr_bottom_ng/burr_bottom_ng_camera_1_26.png,0,0,0,1,0,train
burr_bottom_ng_camera_1_27,images/burr_bottom_ng/burr_bottom_ng_camera_1_27.png,0,0,0,1,0,train
burr_bottom_ng_camera_1_28,images/burr_bottom_ng/burr_bottom_ng_camera_1_28.png,0,0,0,1,0,train
burr_bottom_ng_camera_1_29,images/burr_bottom_ng/burr_bottom_ng_camera_1_29.png,0,0,0,1,0,val
burr_bottom_ng_camera_1_3,images/burr_bottom_ng/burr_bottom_ng_camera_1_3.png,0,0,0,1,0,train
burr_bottom_ng_camera_1_30,images/burr_bottom_ng/burr_bottom_ng_camera_1_30.png,0,0,0,1,0,val
burr_bottom_ng_camera_1_31,images/burr_bottom_ng/burr_bottom_ng_camera_1_31.png,0,0,0,1,0,train
burr_bottom_ng_camera_1_32,images/burr_bottom_ng/burr_bottom_ng_camera_1_32.png,0,0,0,1,0,train
burr_bottom_ng_camera_1_33,images/burr_bottom_ng/burr_bottom_ng_camera_1_33.png,0,0,0,1,0,train
burr_bottom_ng_camera_1_34,images/burr_bottom_ng/burr_bottom_ng_camera_1_34.png,0,0,0,1,0,train
burr_bottom_ng_camera_1_35,images/burr_bottom_ng/burr_bottom_ng_camera_1_35.png,0,0,0,1,0,train
burr_bottom_ng_camera_1_36,images/burr_bottom_ng/burr_bottom_ng_camera_1_36.png,0,0,0,1,0,test
burr_bottom_ng_camera_1_37,images/burr_bottom_ng/burr_bottom_ng_camera_1_37.png,0,0,0,1,0,val
burr_bottom_ng_camera_1_38,images/burr_bottom_ng/burr_bottom_ng_camera_1_38.png,0,0,0,1,0,train
burr_bottom_ng_camera_1_39,images/burr_bottom_ng/burr_bottom_ng_camera_1_39.png,0,0,0,1,0,test
burr_bottom_ng_camera_1_4,images/burr_bottom_ng/burr_bottom_ng_camera_1_4.png,0,0,0,1,0,val
burr_bottom_ng_camera_1_40,images/burr_bottom_ng/burr_bottom_ng_camera_1_40.png,0,0,0,1,0,train
burr_bottom_ng_camera_1_41,images/burr_bottom_ng/burr_bottom_ng_camera_1_41.png,0,0,0,1,0,train
burr_bottom_ng_camera_1_42,images/burr_bottom_ng/burr_bottom_ng_camera_1_42.png,0,0,0,1,0,train
burr_bottom_ng_camera_1_43,images/burr_bottom_ng/burr_bottom_ng_camera_1_43.png,0,0,0,1,0,train
burr_bottom_ng_camera_1_44,images/burr_bottom_ng/burr_bottom_ng_camera_1_44.png,0,0,0,1,0,train
burr_bottom_ng_camera_1_45,images/burr_bottom_ng/burr_bottom_ng_camera_1_45.png,0,0,0,1,0,train
burr_bottom_ng_camera_1_46,images/burr_bottom_ng/burr_bottom_ng_camera_1_46.png,0,0,0,1,0,train
burr_bottom_ng_camera_1_47,images/burr_bottom_ng/burr_bottom_ng_camera_1_47.png,0,0,0,1,0,train
burr_bottom_ng_camera_1_48,images/burr_bottom_ng/burr_bottom_ng_camera_1_48.png,0,0,0,1,0,train
burr_bottom_ng_camera_1_49,images/burr_bottom_ng/burr_bottom_ng_camera_1_49.png,0,0,0,1,0,train
burr_bottom_ng_camera_1_5,images/burr_bottom_ng/burr_bottom_ng_camera_1_5.png,0,0,0,1,0,val
burr_bottom_ng_camera_1_50,images/burr_bottom_ng/burr_bottom_ng_camera_1_50.png,0,0,0,1,0,train
burr_bottom_ng_camera_1_51,images/burr_bottom_ng/burr_bottom_ng_camera_1_51.png,0,0,0,1,0,train
burr_bottom_ng_camera_1_52,images/burr_bottom_ng/burr_bottom_ng_camera_1_52.png,0,0,0,1,0,train
burr_bottom_ng_camera_1_53,images/burr_bottom_ng/burr_bottom_ng_camera_1_53.png,0,0,0,1,0,train
burr_bottom_ng_camera_1_54,images/burr_bottom_ng/burr_bottom_ng_camera_1_54.png,0,0,0,1,0,test
burr_bottom_ng_camera_1_55,images/burr_bottom_ng/burr_bottom_ng_camera_1_55.png,0,0,0,1,0,train
burr_bottom_ng_camera_1_56,images/burr_bottom_ng/burr_bottom_ng_camera_1_56.png,0,0,0,1,0,train
burr_bottom_ng_camera_1_57,images/burr_bottom_ng/burr_bottom_ng_camera_1_57.png,0,0,0,1,0,train
burr_bottom_ng_camera_1_58,images/burr_bottom_ng/burr_bottom_ng_camera_1_58.png,0,0,0,1,0,train
burr_bottom_ng_camera_1_59,images/burr_bottom_ng/burr_bottom_ng_camera_1_59.png,0,0,0,1,0,train
burr_bottom_ng_camera_1_6,images/burr_bottom_ng/burr_bottom_ng_camera_1_6.png,0,0,0,1,0,train
burr_bottom_ng_camera_1_60,images/burr_bottom_ng/burr_bottom_ng_camera_1_60.png,0,0,0,1,0,test
burr_bottom_ng_camera_1_61,images/burr_bottom_ng/burr_bottom_ng_camera_1_61.png,0,0,0,1,0,train
burr_bottom_ng_camera_1_62,images/burr_bottom_ng/burr_bottom_ng_camera_1_62.png,0,0,0,1,0,train
burr_bottom_ng_camera_1_63,images/burr_bottom_ng/burr_bottom_ng_camera_1_63.png,0,0,0,1,0,train
burr_bottom_ng_camera_1_64,images/burr_bottom_ng/burr_bottom_ng_camera_1_64.png,0,0,0,1,0,train
burr_bottom_ng_camera_1_65,images/burr_bottom_ng/burr_bottom_ng_camera_1_65.png,0,0,0,1,0,train
burr_bottom_ng_camera_1_66,images/burr_bottom_ng/burr_bottom_ng_camera_1_66.png,0,0,0,1,0,test
burr_bottom_ng_camera_1_67,images/burr_bottom_ng/burr_bottom_ng_camera_1_67.png,0,0,0,1,0,val
burr_bottom_ng_camera_1_68,images/burr_bottom_ng/burr_bottom_ng_camera_1_68.png,0,0,0,1,0,val
burr_bottom_ng_camera_1_69,images/burr_bottom_ng/burr_bottom_ng_camera_1_69.png,0,0,0,1,0,train
burr_bottom_ng_camera_1_7,images/burr_bottom_ng/burr_bottom_ng_camera_1_7.png,0,0,0,1,0,train
burr_bottom_ng_camera_1_70,images/burr_bottom_ng/burr_bottom_ng_camera_1_70.png,0,0,0,1,0,test
burr_bottom_ng_camera_1_71,images/burr_bottom_ng/burr_bottom_ng_camera_1_71.png,0,0,0,1,0,test
burr_bottom_ng_camera_1_72,images/burr_bottom_ng/burr_bottom_ng_camera_1_72.png,0,0,0,1,0,test
burr_bottom_ng_camera_1_73,images/burr_bottom_ng/burr_bottom_ng_camera_1_73.png,0,0,0,1,0,test
burr_bottom_ng_camera_1_74,images/burr_bottom_ng/burr_bottom_ng_camera_1_74.png,0,0,0,1,0,train
burr_bottom_ng_camera_1_75,images/burr_bottom_ng/burr_bottom_ng_camera_1_75.png,0,0,0,1,0,train
burr_bottom_ng_camera_1_76,images/burr_bottom_ng/burr_bottom_ng_camera_1_76.png,0,0,0,1,0,train
burr_bottom_ng_camera_1_77,images/burr_bottom_ng/burr_bottom_ng_camera_1_77.png,0,0,0,1,0,train
burr_bottom_ng_camera_1_78,images/burr_bottom_ng/burr_bottom_ng_camera_1_78.png,0,0,0,1,0,train
burr_bottom_ng_camera_1_79,images/burr_bottom_ng/burr_bottom_ng_camera_1_79.png,0,0,0,1,0,train
burr_bottom_ng_camera_1_8,images/burr_bottom_ng/burr_bottom_ng_camera_1_8.png,0,0,0,1,0,val
burr_bottom_ng_camera_1_80,images/burr_bottom_ng/burr_bottom_ng_camera_1_80.png,0,0,0,1,0,train
burr_bottom_ng_camera_1_81,images/burr_bottom_ng/burr_bottom_ng_camera_1_81.png,0,0,0,1,0,train
burr_bottom_ng_camera_1_82,images/burr_bottom_ng/burr_bottom_ng_camera_1_82.png,0,0,0,1,0,train
burr_bottom_ng_camera_1_83,images/burr_bottom_ng/burr_bottom_ng_camera_1_83.png,0,0,0,1,0,train
burr_bottom_ng_camera_1_84,images/burr_bottom_ng/burr_bottom_ng_camera_1_84.png,0,0,0,1,0,train
burr_bottom_ng_camera_1_85,images/burr_bottom_ng/burr_bottom_ng_camera_1_85.png,0,0,0,1,0,train
burr_bottom_ng_camera_1_86,images/burr_bottom_ng/burr_bottom_ng_camera_1_86.png,0,0,0,1,0,train
burr_bottom_ng_camera_1_87,images/burr_bottom_ng/burr_bottom_ng_camera_1_87.png,0,0,0,1,0,train
burr_bottom_ng_camera_1_88,images/burr_bottom_ng/burr_bottom_ng_camera_1_88.png,0,0,0,1,0,train
burr_bottom_ng_camera_1_89,images/burr_bottom_ng/burr_bottom_ng_camera_1_89.png,0,0,0,1,0,train
burr_bottom_ng_camera_1_9,images/burr_bottom_ng/burr_bottom_ng_camera_1_9.png,0,0,0,1,0,train
burr_bottom_ng_camera_1_90,images/burr_bottom_ng/burr_bottom_ng_camera_1_90.png,0,0,0,1,0,train
burr_bottom_ng_camera_1_91,images/burr_bottom_ng/burr_bottom_ng_camera_1_91.png,0,0,0,1,0,train
burr_bottom_ng_camera_1_92,images/burr_bottom_ng/burr_bottom_ng_camera_1_92.png,0,0,0,1,0,val
burr_bottom_ng_camera_1_93,images/burr_bottom_ng/burr_bottom_ng_camera_1_93.png,0,0,0,1,0,test
burr_bottom_ng_camera_1_94,images/burr_bottom_ng/burr_bottom_ng_camera_1_94.png,0,0,0,1,0,train
burr_bottom_ng_camera_1_95,images/burr_bottom_ng/burr_bottom_ng_camera_1_95.png,0,0,0,1,0,val
burr_bottom_ng_camera_1_96,images/burr_bottom_ng/burr_bottom_ng_camera_1_96.png,0,0,0,1,0,train
burr_bottom_ng_camera_1_97,images/burr_bottom_ng/burr_bottom_ng_camera_1_97.png,0,0,0,1,0,train
burr_bottom_ng_camera_1_98,images/burr_bottom_ng/burr_bottom_ng_camera_1_98.png,0,0,0,1,0,val
burr_bottom_ng_camera_1_99,images/burr_bottom_ng/burr_bottom_ng_camera_1_99.png,0,0,0,1,0,train
burr_bottom_ng_camera_2_1,images/burr_bottom_ng/burr_bottom_ng_camera_2_1.png,0,0,0,1,0,val
burr_bottom_ng_camera_2_10,images/burr_bottom_ng/burr_bottom_ng_camera_2_10.png,0,0,0,1,0,train
burr_bottom_ng_camera_2_11,images/burr_bottom_ng/burr_bottom_ng_camera_2_11.png,0,0,0,1,0,train
burr_bottom_ng_camera_2_12,images/burr_bottom_ng/burr_bottom_ng_camera_2_12.png,0,0,0,1,0,train
burr_bottom_ng_camera_2_13,images/burr_bottom_ng/burr_bottom_ng_camera_2_13.png,0,0,0,1,0,val
burr_bottom_ng_camera_2_14,images/burr_bottom_ng/burr_bottom_ng_camera_2_14.png,0,0,0,1,0,test
burr_bottom_ng_camera_2_15,images/burr_bottom_ng/burr_bottom_ng_camera_2_15.png,0,0,0,1,0,val
burr_bottom_ng_camera_2_20,images/burr_bottom_ng/burr_bottom_ng_camera_2_20.png,0,0,0,1,0,val
burr_bottom_ng_camera_2_22,images/burr_bottom_ng/burr_bottom_ng_camera_2_22.png,0,0,0,1,0,train
burr_bottom_ng_camera_2_23,images/burr_bottom_ng/burr_bottom_ng_camera_2_23.png,0,0,0,1,0,train
burr_bottom_ng_camera_2_25,images/burr_bottom_ng/burr_bottom_ng_camera_2_25.png,0,0,0,1,0,train
burr_bottom_ng_camera_2_26,images/burr_bottom_ng/burr_bottom_ng_camera_2_26.png,0,0,0,1,0,train
burr_bottom_ng_camera_2_29,images/burr_bottom_ng/burr_bottom_ng_camera_2_29.png,0,0,0,1,0,val
burr_bottom_ng_camera_2_34,images/burr_bottom_ng/burr_bottom_ng_camera_2_34.png,0,0,0,1,0,train
burr_bottom_ng_camera_2_36,images/burr_bottom_ng/burr_bottom_ng_camera_2_36.png,0,0,0,1,0,train
burr_bottom_ng_camera_2_37,images/burr_bottom_ng/burr_bottom_ng_camera_2_37.png,0,0,0,1,0,train
burr_bottom_ng_camera_2_4,images/burr_bottom_ng/burr_bottom_ng_camera_2_4.png,0,0,0,1,0,val
burr_bottom_ng_camera_2_40,images/burr_bottom_ng/burr_bottom_ng_camera_2_40.png,0,0,0,1,0,train
burr_bottom_ng_camera_2_41,images/burr_bottom_ng/burr_bottom_ng_camera_2_41.png,0,0,0,1,0,train
burr_bottom_ng_camera_2_42,images/burr_bottom_ng/burr_bottom_ng_camera_2_42.png,0,0,0,1,0,train
burr_bottom_ng_camera_2_43,images/burr_bottom_ng/burr_bottom_ng_camera_2_43.png,0,0,0,1,0,train
burr_bottom_ng_camera_2_44,images/burr_bottom_ng/burr_bottom_ng_camera_2_44.png,0,0,0,1,0,test
burr_bottom_ng_camera_2_45,images/burr_bottom_ng/burr_bottom_ng_camera_2_45.png,0,0,0,1,0,train
burr_bottom_ng_camera_2_46,images/burr_bottom_ng/burr_bottom_ng_camera_2_46.png,0,0,0,1,0,train
burr_bottom_ng_camera_2_49,images/burr_bottom_ng/burr_bottom_ng_camera_2_49.png,0,0,0,1,0,train
burr_bottom_ng_camera_2_50,images/burr_bottom_ng/burr_bottom_ng_camera_2_50.png,0,0,0,1,0,train
burr_bottom_ng_camera_2_51,images/burr_bottom_ng/burr_bottom_ng_camera_2_51.png,0,0,0,1,0,test
burr_bottom_ng_camera_2_52,images/burr_bottom_ng/burr_bottom_ng_camera_2_52.png,0,0,0,1,0,val
burr_bottom_ng_camera_2_54,images/burr_bottom_ng/burr_bottom_ng_camera_2_54.png,0,0,0,1,0,val
burr_bottom_ng_camera_2_56,images/burr_bottom_ng/burr_bottom_ng_camera_2_56.png,0,0,0,1,0,test
burr_bottom_ng_camera_2_6,images/burr_bottom_ng/burr_bottom_ng_camera_2_6.png,0,0,0,1,0,train
burr_bottom_ng_camera_2_60,images/burr_bottom_ng/burr_bottom_ng_camera_2_60.png,0,0,0,1,0,train
burr_bottom_ng_camera_2_62,images/burr_bottom_ng/burr_bottom_ng_camera_2_62.png,0,0,0,1,0,train
burr_bottom_ng_camera_2_63,images/burr_bottom_ng/burr_bottom_ng_camera_2_63.png,0,0,0,1,0,train
burr_bottom_ng_camera_2_64,images/burr_bottom_ng/burr_bottom_ng_camera_2_64.png,0,0,0,1,0,train
burr_bottom_ng_camera_2_67,images/burr_bottom_ng/burr_bottom_ng_camera_2_67.png,0,0,0,1,0,train
burr_bottom_ng_camera_2_7,images/burr_bottom_ng/burr_bottom_ng_camera_2_7.png,0,0,0,1,0,train
burr_bottom_ng_camera_2_70,images/burr_bottom_ng/burr_bottom_ng_camera_2_70.png,0,0,0,1,0,train
burr_bottom_ng_camera_2_72,images/burr_bottom_ng/burr_bottom_ng_camera_2_72.png,0,0,0,1,0,test
burr_bottom_ng_camera_2_74,images/burr_bottom_ng/burr_bottom_ng_camera_2_74.png,0,0,0,1,0,train
burr_bottom_ng_camera_2_76,images/burr_bottom_ng/burr_bottom_ng_camera_2_76.png,0,0,0,1,0,train
burr_bottom_ng_camera_2_77,images/burr_bottom_ng/burr_bottom_ng_camera_2_77.png,0,0,0,1,0,train
burr_bottom_ng_camera_2_78,images/burr_bottom_ng/burr_bottom_ng_camera_2_78.png,0,0,0,1,0,val
burr_bottom_ng_camera_2_82,images/burr_bottom_ng/burr_bottom_ng_camera_2_82.png,0,0,0,1,0,train
burr_bottom_ng_camera_2_83,images/burr_bottom_ng/burr_bottom_ng_camera_2_83.png,0,0,0,1,0,train
burr_bottom_ng_camera_2_84,images/burr_bottom_ng/burr_bottom_ng_camera_2_84.png,0,0,0,1,0,train
burr_bottom_ng_camera_2_89,images/burr_bottom_ng/burr_bottom_ng_camera_2_89.png,0,0,0,1,0,train
burr_bottom_ng_camera_2_9,images/burr_bottom_ng/burr_bottom_ng_camera_2_9.png,0,0,0,1,0,train
burr_bottom_ng_camera_2_91,images/burr_bottom_ng/burr_bottom_ng_camera_2_91.png,0,0,0,1,0,train
burr_bottom_ng_camera_2_92,images/burr_bottom_ng/burr_bottom_ng_camera_2_92.png,0,0,0,1,0,train
burr_bottom_ng_camera_2_93,images/burr_bottom_ng/burr_bottom_ng_camera_2_93.png,0,0,0,1,0,val
burr_bottom_ng_camera_2_95,images/burr_bottom_ng/burr_bottom_ng_camera_2_95.png,0,0,0,1,0,train
burr_bottom_ng_camera_2_96,images/burr_bottom_ng/burr_bottom_ng_camera_2_96.png,0,0,0,1,0,train
burr_bottom_ng_camera_2_97,images/burr_bottom_ng/burr_bottom_ng_camera_2_97.png,0,0,0,1,0,train
burr_bottom_ng_camera_2_98,images/burr_bottom_ng/burr_bottom_ng_camera_2_98.png,0,0,0,1,0,train
burr_bottom_ng_camera_3_1,images/burr_bottom_ng/burr_bottom_ng_camera_3_1.png,0,0,0,1,0,train
burr_bottom_ng_camera_3_10,images/burr_bottom_ng/burr_bottom_ng_camera_3_10.png,0,0,0,1,0,train
burr_bottom_ng_camera_3_11,images/burr_bottom_ng/burr_bottom_ng_camera_3_11.png,0,0,0,1,0,train
burr_bottom_ng_camera_3_12,images/burr_bottom_ng/burr_bottom_ng_camera_3_12.png,0,0,0,1,0,test
burr_bottom_ng_camera_3_13,images/burr_bottom_ng/burr_bottom_ng_camera_3_13.png,0,0,0,1,0,train
burr_bottom_ng_camera_3_17,images/burr_bottom_ng/burr_bottom_ng_camera_3_17.png,0,0,0,1,0,train
burr_bottom_ng_camera_3_19,images/burr_bottom_ng/burr_bottom_ng_camera_3_19.png,0,0,0,1,0,val
burr_bottom_ng_camera_3_24,images/burr_bottom_ng/burr_bottom_ng_camera_3_24.png,0,0,0,1,0,val
burr_bottom_ng_camera_3_26,images/burr_bottom_ng/burr_bottom_ng_camera_3_26.png,0,0,0,1,0,train
burr_bottom_ng_camera_3_28,images/burr_bottom_ng/burr_bottom_ng_camera_3_28.png,0,0,0,1,0,train
burr_bottom_ng_camera_3_29,images/burr_bottom_ng/burr_bottom_ng_camera_3_29.png,0,0,0,1,0,test
burr_bottom_ng_camera_3_3,images/burr_bottom_ng/burr_bottom_ng_camera_3_3.png,0,0,0,1,0,train
burr_bottom_ng_camera_3_30,images/burr_bottom_ng/burr_bottom_ng_camera_3_30.png,0,0,0,1,0,train
burr_bottom_ng_camera_3_32,images/burr_bottom_ng/burr_bottom_ng_camera_3_32.png,0,0,0,1,0,test
burr_bottom_ng_camera_3_33,images/burr_bottom_ng/burr_bottom_ng_camera_3_33.png,0,0,0,1,0,val
burr_bottom_ng_camera_3_35,images/burr_bottom_ng/burr_bottom_ng_camera_3_35.png,0,0,0,1,0,val
burr_bottom_ng_camera_3_36,images/burr_bottom_ng/burr_bottom_ng_camera_3_36.png,0,0,0,1,0,train
burr_bottom_ng_camera_3_37,images/burr_bottom_ng/burr_bottom_ng_camera_3_37.png,0,0,0,1,0,train
burr_bottom_ng_camera_3_38,images/burr_bottom_ng/burr_bottom_ng_camera_3_38.png,0,0,0,1,0,train
burr_bottom_ng_camera_3_40,images/burr_bottom_ng/burr_bottom_ng_camera_3_40.png,0,0,0,1,0,val
burr_bottom_ng_camera_3_42,images/burr_bottom_ng/burr_bottom_ng_camera_3_42.png,0,0,0,1,0,train
burr_bottom_ng_camera_3_44,images/burr_bottom_ng/burr_bottom_ng_camera_3_44.png,0,0,0,1,0,val
burr_bottom_ng_camera_3_46,images/burr_bottom_ng/burr_bottom_ng_camera_3_46.png,0,0,0,1,0,train
burr_bottom_ng_camera_3_47,images/burr_bottom_ng/burr_bottom_ng_camera_3_47.png,0,0,0,1,0,val
burr_bottom_ng_camera_3_49,images/burr_bottom_ng/burr_bottom_ng_camera_3_49.png,0,0,0,1,0,train
burr_bottom_ng_camera_3_50,images/burr_bottom_ng/burr_bottom_ng_camera_3_50.png,0,0,0,1,0,test
burr_bottom_ng_camera_3_53,images/burr_bottom_ng/burr_bottom_ng_camera_3_53.png,0,0,0,1,0,train
burr_bottom_ng_camera_3_54,images/burr_bottom_ng/burr_bottom_ng_camera_3_54.png,0,0,0,1,0,train
burr_bottom_ng_camera_3_56,images/burr_bottom_ng/burr_bottom_ng_camera_3_56.png,0,0,0,1,0,val
burr_bottom_ng_camera_3_57,images/burr_bottom_ng/burr_bottom_ng_camera_3_57.png,0,0,0,1,0,train
burr_bottom_ng_camera_3_58,images/burr_bottom_ng/burr_bottom_ng_camera_3_58.png,0,0,0,1,0,val
burr_bottom_ng_camera_3_6,images/burr_bottom_ng/burr_bottom_ng_camera_3_6.png,0,0,0,1,0,train
burr_bottom_ng_camera_3_60,images/burr_bottom_ng/burr_bottom_ng_camera_3_60.png,0,0,0,1,0,test
burr_bottom_ng_camera_3_61,images/burr_bottom_ng/burr_bottom_ng_camera_3_61.png,0,0,0,1,0,val
burr_bottom_ng_camera_3_62,images/burr_bottom_ng/burr_bottom_ng_camera_3_62.png,0,0,0,1,0,train
burr_bottom_ng_camera_3_63,images/burr_bottom_ng/burr_bottom_ng_camera_3_63.png,0,0,0,1,0,train
burr_bottom_ng_camera_3_66,images/burr_bottom_ng/burr_bottom_ng_camera_3_66.png,0,0,0,1,0,train
burr_bottom_ng_camera_3_69,images/burr_bottom_ng/burr_bottom_ng_camera_3_69.png,0,0,0,1,0,train
burr_bottom_ng_camera_3_71,images/burr_bottom_ng/burr_bottom_ng_camera_3_71.png,0,0,0,1,0,val
burr_bottom_ng_camera_3_72,images/burr_bottom_ng/burr_bottom_ng_camera_3_72.png,0,0,0,1,0,train
burr_bottom_ng_camera_3_73,images/burr_bottom_ng/burr_bottom_ng_camera_3_73.png,0,0,0,1,0,train
burr_bottom_ng_camera_3_74,images/burr_bottom_ng/burr_bottom_ng_camera_3_74.png,0,0,0,1,0,train
burr_bottom_ng_camera_3_75,images/burr_bottom_ng/burr_bottom_ng_camera_3_75.png,0,0,0,1,0,train
burr_bottom_ng_camera_3_76,images/burr_bottom_ng/burr_bottom_ng_camera_3_76.png,0,0,0,1,0,train
burr_bottom_ng_camera_3_77,images/burr_bottom_ng/burr_bottom_ng_camera_3_77.png,0,0,0,1,0,train
burr_bottom_ng_camera_3_78,images/burr_bottom_ng/burr_bottom_ng_camera_3_78.png,0,0,0,1,0,val
burr_bottom_ng_camera_3_8,images/burr_bottom_ng/burr_bottom_ng_camera_3_8.png,0,0,0,1,0,train
burr_bottom_ng_camera_3_81,images/burr_bottom_ng/burr_bottom_ng_camera_3_81.png,0,0,0,1,0,train
burr_bottom_ng_camera_3_82,images/burr_bottom_ng/burr_bottom_ng_camera_3_82.png,0,0,0,1,0,val
burr_bottom_ng_camera_3_83,images/burr_bottom_ng/burr_bottom_ng_camera_3_83.png,0,0,0,1,0,train
burr_bottom_ng_camera_3_86,images/burr_bottom_ng/burr_bottom_ng_camera_3_86.png,0,0,0,1,0,test
burr_bottom_ng_camera_3_87,images/burr_bottom_ng/burr_bottom_ng_camera_3_87.png,0,0,0,1,0,train
burr_bottom_ng_camera_3_88,images/burr_bottom_ng/burr_bottom_ng_camera_3_88.png,0,0,0,1,0,val
burr_bottom_ng_camera_3_92,images/burr_bottom_ng/burr_bottom_ng_camera_3_92.png,0,0,0,1,0,train
burr_bottom_ng_camera_3_93,images/burr_bottom_ng/burr_bottom_ng_camera_3_93.png,0,0,0,1,0,train
burr_bottom_ng_camera_3_96,images/burr_bottom_ng/burr_bottom_ng_camera_3_96.png,0,0,0,1,0,val
burr_bottom_ng_camera_3_97,images/burr_bottom_ng/burr_bottom_ng_camera_3_97.png,0,0,0,1,0,val
burr_bottom_ng_camera_3_98,images/burr_bottom_ng/burr_bottom_ng_camera_3_98.png,0,0,0,1,0,train
burr_bottom_ng_camera_4_10,images/burr_bottom_ng/burr_bottom_ng_camera_4_10.png,0,0,0,1,0,val
burr_bottom_ng_camera_4_100,images/burr_bottom_ng/burr_bottom_ng_camera_4_100.png,0,0,0,1,0,val
burr_bottom_ng_camera_4_11,images/burr_bottom_ng/burr_bottom_ng_camera_4_11.png,0,0,0,1,0,train
burr_bottom_ng_camera_4_12,images/burr_bottom_ng/burr_bottom_ng_camera_4_12.png,0,0,0,1,0,train
burr_bottom_ng_camera_4_17,images/burr_bottom_ng/burr_bottom_ng_camera_4_17.png,0,0,0,1,0,val
burr_bottom_ng_camera_4_18,images/burr_bottom_ng/burr_bottom_ng_camera_4_18.png,0,0,0,1,0,train
burr_bottom_ng_camera_4_21,images/burr_bottom_ng/burr_bottom_ng_camera_4_21.png,0,0,0,1,0,train
burr_bottom_ng_camera_4_23,images/burr_bottom_ng/burr_bottom_ng_camera_4_23.png,0,0,0,1,0,val
burr_bottom_ng_camera_4_31,images/burr_bottom_ng/burr_bottom_ng_camera_4_31.png,0,0,0,1,0,train
burr_bottom_ng_camera_4_32,images/burr_bottom_ng/burr_bottom_ng_camera_4_32.png,0,0,0,1,0,train
burr_bottom_ng_camera_4_33,images/burr_bottom_ng/burr_bottom_ng_camera_4_33.png,0,0,0,1,0,train
burr_bottom_ng_camera_4_34,images/burr_bottom_ng/burr_bottom_ng_camera_4_34.png,0,0,0,1,0,train
burr_bottom_ng_camera_4_35,images/burr_bottom_ng/burr_bottom_ng_camera_4_35.png,0,0,0,1,0,train
burr_bottom_ng_camera_4_37,images/burr_bottom_ng/burr_bottom_ng_camera_4_37.png,0,0,0,1,0,val
burr_bottom_ng_camera_4_4,images/burr_bottom_ng/burr_bottom_ng_camera_4_4.png,0,0,0,1,0,val
burr_bottom_ng_camera_4_44,images/burr_bottom_ng/burr_bottom_ng_camera_4_44.png,0,0,0,1,0,val
burr_bottom_ng_camera_4_45,images/burr_bottom_ng/burr_bottom_ng_camera_4_45.png,0,0,0,1,0,train
burr_bottom_ng_camera_4_47,images/burr_bottom_ng/burr_bottom_ng_camera_4_47.png,0,0,0,1,0,train
burr_bottom_ng_camera_4_48,images/burr_bottom_ng/burr_bottom_ng_camera_4_48.png,0,0,0,1,0,train
burr_bottom_ng_camera_4_49,images/burr_bottom_ng/burr_bottom_ng_camera_4_49.png,0,0,0,1,0,train
burr_bottom_ng_camera_4_51,images/burr_bottom_ng/burr_bottom_ng_camera_4_51.png,0,0,0,1,0,train
burr_bottom_ng_camera_4_52,images/burr_bottom_ng/burr_bottom_ng_camera_4_52.png,0,0,0,1,0,val
burr_bottom_ng_camera_4_53,images/burr_bottom_ng/burr_bottom_ng_camera_4_53.png,0,0,0,1,0,val
burr_bottom_ng_camera_4_54,images/burr_bottom_ng/burr_bottom_ng_camera_4_54.png,0,0,0,1,0,train
burr_bottom_ng_camera_4_55,images/burr_bottom_ng/burr_bottom_ng_camera_4_55.png,0,0,0,1,0,test
burr_bottom_ng_camera_4_57,images/burr_bottom_ng/burr_bottom_ng_camera_4_57.png,0,0,0,1,0,train
burr_bottom_ng_camera_4_58,images/burr_bottom_ng/burr_bottom_ng_camera_4_58.png,0,0,0,1,0,test
burr_bottom_ng_camera_4_6,images/burr_bottom_ng/burr_bottom_ng_camera_4_6.png,0,0,0,1,0,train
burr_bottom_ng_camera_4_60,images/burr_bottom_ng/burr_bottom_ng_camera_4_60.png,0,0,0,1,0,test
burr_bottom_ng_camera_4_62,images/burr_bottom_ng/burr_bottom_ng_camera_4_62.png,0,0,0,1,0,val
burr_bottom_ng_camera_4_63,images/burr_bottom_ng/burr_bottom_ng_camera_4_63.png,0,0,0,1,0,val
burr_bottom_ng_camera_4_64,images/burr_bottom_ng/burr_bottom_ng_camera_4_64.png,0,0,0,1,0,test
burr_bottom_ng_camera_4_65,images/burr_bottom_ng/burr_bottom_ng_camera_4_65.png,0,0,0,1,0,test
burr_bottom_ng_camera_4_66,images/burr_bottom_ng/burr_bottom_ng_camera_4_66.png,0,0,0,1,0,train
burr_bottom_ng_camera_4_7,images/burr_bottom_ng/burr_bottom_ng_camera_4_7.png,0,0,0,1,0,train
burr_bottom_ng_camera_4_70,images/burr_bottom_ng/burr_bottom_ng_camera_4_70.png,0,0,0,1,0,train
burr_bottom_ng_camera_4_75,images/burr_bottom_ng/burr_bottom_ng_camera_4_75.png,0,0,0,1,0,val
burr_bottom_ng_camera_4_81,images/burr_bottom_ng/burr_bottom_ng_camera_4_81.png,0,0,0,1,0,train
burr_bottom_ng_camera_4_83,images/burr_bottom_ng/burr_bottom_ng_camera_4_83.png,0,0,0,1,0,train
burr_bottom_ng_camera_4_84,images/burr_bottom_ng/burr_bottom_ng_camera_4_84.png,0,0,0,1,0,train
burr_bottom_ng_camera_4_85,images/burr_bottom_ng/burr_bottom_ng_camera_4_85.png,0,0,0,1,0,train
burr_bottom_ng_camera_4_93,images/burr_bottom_ng/burr_bottom_ng_camera_4_93.png,0,0,0,1,0,train
burr_bottom_ng_camera_4_95,images/burr_bottom_ng/burr_bottom_ng_camera_4_95.png,0,0,0,1,0,train
burr_bottom_ng_camera_4_96,images/burr_bottom_ng/burr_bottom_ng_camera_4_96.png,0,0,0,1,0,train
burr_bottom_ng_camera_4_97,images/burr_bottom_ng/burr_bottom_ng_camera_4_97.png,0,0,0,1,0,val
burr_bottom_ok_camera_1_1,images/burr_bottom_ok/burr_bottom_ok_camera_1_1.png,0,0,0,0,0,train
burr_bottom_ok_camera_1_10,images/burr_bottom_ok/burr_bottom_ok_camera_1_10.png,0,0,0,0,0,val
burr_bottom_ok_camera_1_100,images/burr_bottom_ok/burr_bottom_ok_camera_1_100.png,0,0,0,0,0,train
burr_bottom_ok_camera_1_11,images/burr_bottom_ok/burr_bottom_ok_camera_1_11.png,0,0,0,0,0,train
burr_bottom_ok_camera_1_12,images/burr_bottom_ok/burr_bottom_ok_camera_1_12.png,0,0,0,0,0,train
burr_bottom_ok_camera_1_13,images/burr_bottom_ok/burr_bottom_ok_camera_1_13.png,0,0,0,0,0,train
burr_bottom_ok_camera_1_14,images/burr_bottom_ok/burr_bottom_ok_camera_1_14.png,0,0,0,0,0,train
burr_bottom_ok_camera_1_15,images/burr_bottom_ok/burr_bottom_ok_camera_1_15.png,0,0,0,0,0,val
burr_bottom_ok_camera_1_16,images/burr_bottom_ok/burr_bottom_ok_camera_1_16.png,0,0,0,0,0,val
burr_bottom_ok_camera_1_17,images/burr_bottom_ok/burr_bottom_ok_camera_1_17.png,0,0,0,0,0,train
burr_bottom_ok_camera_1_18,images/burr_bottom_ok/burr_bottom_ok_camera_1_18.png,0,0,0,0,0,train
burr_bottom_ok_camera_1_19,images/burr_bottom_ok/burr_bottom_ok_camera_1_19.png,0,0,0,0,0,test
burr_bottom_ok_camera_1_2,images/burr_bottom_ok/burr_bottom_ok_camera_1_2.png,0,0,0,0,0,train
burr_bottom_ok_camera_1_20,images/burr_bottom_ok/burr_bottom_ok_camera_1_20.png,0,0,0,0,0,train
burr_bottom_ok_camera_1_21,images/burr_bottom_ok/burr_bottom_ok_camera_1_21.png,0,0,0,0,0,train
burr_bottom_ok_camera_1_22,images/burr_bottom_ok/burr_bottom_ok_camera_1_22.png,0,0,0,0,0,train
burr_bottom_ok_camera_1_23,images/burr_bottom_ok/burr_bottom_ok_camera_1_23.png,0,0,0,0,0,train
burr_bottom_ok_camera_1_24,images/burr_bottom_ok/burr_bottom_ok_camera_1_24.png,0,0,0,0,0,train
burr_bottom_ok_camera_1_25,images/burr_bottom_ok/burr_bottom_ok_camera_1_25.png,0,0,0,0,0,train
burr_bottom_ok_camera_1_26,images/burr_bottom_ok/burr_bottom_ok_camera_1_26.png,0,0,0,0,0,train
burr_bottom_ok_camera_1_27,images/burr_bottom_ok/burr_bottom_ok_camera_1_27.png,0,0,0,0,0,train
burr_bottom_ok_camera_1_28,images/burr_bottom_ok/burr_bottom_ok_camera_1_28.png,0,0,0,0,0,test
burr_bottom_ok_camera_1_29,images/burr_bottom_ok/burr_bottom_ok_camera_1_29.png,0,0,0,0,0,train
burr_bottom_ok_camera_1_3,images/burr_bottom_ok/burr_bottom_ok_camera_1_3.png,0,0,0,0,0,train
burr_bottom_ok_camera_1_30,images/burr_bottom_ok/burr_bottom_ok_camera_1_30.png,0,0,0,0,0,train
burr_bottom_ok_camera_1_31,images/burr_bottom_ok/burr_bottom_ok_camera_1_31.png,0,0,0,0,0,train
burr_bottom_ok_camera_1_32,images/burr_bottom_ok/burr_bottom_ok_camera_1_32.png,0,0,0,0,0,train
burr_bottom_ok_camera_1_33,images/burr_bottom_ok/burr_bottom_ok_camera_1_33.png,0,0,0,0,0,test
burr_bottom_ok_camera_1_34,images/burr_bottom_ok/burr_bottom_ok_camera_1_34.png,0,0,0,0,0,val
burr_bottom_ok_camera_1_35,images/burr_bottom_ok/burr_bottom_ok_camera_1_35.png,0,0,0,0,0,train
burr_bottom_ok_camera_1_36,images/burr_bottom_ok/burr_bottom_ok_camera_1_36.png,0,0,0,0,0,train
burr_bottom_ok_camera_1_37,images/burr_bottom_ok/burr_bottom_ok_camera_1_37.png,0,0,0,0,0,train
burr_bottom_ok_camera_1_38,images/burr_bottom_ok/burr_bottom_ok_camera_1_38.png,0,0,0,0,0,train
burr_bottom_ok_camera_1_39,images/burr_bottom_ok/burr_bottom_ok_camera_1_39.png,0,0,0,0,0,val
burr_bottom_ok_camera_1_4,images/burr_bottom_ok/burr_bottom_ok_camera_1_4.png,0,0,0,0,0,val
burr_bottom_ok_camera_1_40,images/burr_bottom_ok/burr_bottom_ok_camera_1_40.png,0,0,0,0,0,train
burr_bottom_ok_camera_1_41,images/burr_bottom_ok/burr_bottom_ok_camera_1_41.png,0,0,0,0,0,test
burr_bottom_ok_camera_1_42,images/burr_bottom_ok/burr_bottom_ok_camera_1_42.png,0,0,0,0,0,train
burr_bottom_ok_camera_1_43,images/burr_bottom_ok/burr_bottom_ok_camera_1_43.png,0,0,0,0,0,train
burr_bottom_ok_camera_1_44,images/burr_bottom_ok/burr_bottom_ok_camera_1_44.png,0,0,0,0,0,train
burr_bottom_ok_camera_1_45,images/burr_bottom_ok/burr_bottom_ok_camera_1_45.png,0,0,0,0,0,train
burr_bottom_ok_camera_1_46,images/burr_bottom_ok/burr_bottom_ok_camera_1_46.png,0,0,0,0,0,train
burr_bottom_ok_camera_1_47,images/burr_bottom_ok/burr_bottom_ok_camera_1_47.png,0,0,0,0,0,train
burr_bottom_ok_camera_1_48,images/burr_bottom_ok/burr_bottom_ok_camera_1_48.png,0,0,0,0,0,train
burr_bottom_ok_camera_1_49,images/burr_bottom_ok/burr_bottom_ok_camera_1_49.png,0,0,0,0,0,train
burr_bottom_ok_camera_1_5,images/burr_bottom_ok/burr_bottom_ok_camera_1_5.png,0,0,0,0,0,train
burr_bottom_ok_camera_1_50,images/burr_bottom_ok/burr_bottom_ok_camera_1_50.png,0,0,0,0,0,train
burr_bottom_ok_camera_1_51,images/burr_bottom_ok/burr_bottom_ok_camera_1_51.png,0,0,0,0,0,train
burr_bottom_ok_camera_1_52,images/burr_bottom_ok/burr_bottom_ok_camera_1_52.png,0,0,0,0,0,train
burr_bottom_ok_camera_1_53,images/burr_bottom_ok/burr_bottom_ok_camera_1_53.png,0,0,0,0,0,train
burr_bottom_ok_camera_1_54,images/burr_bottom_ok/burr_bottom_ok_camera_1_54.png,0,0,0,0,0,train
burr_bottom_ok_camera_1_55,images/burr_bottom_ok/burr_bottom_ok_camera_1_55.png,0,0,0,0,0,train
burr_bottom_ok_camera_1_56,images/burr_bottom_ok/burr_bottom_ok_camera_1_56.png,0,0,0,0,0,train
burr_bottom_ok_camera_1_57,images/burr_bottom_ok/burr_bottom_ok_camera_1_57.png,0,0,0,0,0,train
burr_bottom_ok_camera_1_58,images/burr_bottom_ok/burr_bottom_ok_camera_1_58.png,0,0,0,0,0,test
burr_bottom_ok_camera_1_59,images/burr_bottom_ok/burr_bottom_ok_camera_1_59.png,0,0,0,0,0,train
burr_bottom_ok_camera_1_6,images/burr_bottom_ok/burr_bottom_ok_camera_1_6.png,0,0,0,0,0,test
burr_bottom_ok_camera_1_60,images/burr_bottom_ok/burr_bottom_ok_camera_1_60.png,0,0,0,0,0,train
burr_bottom_ok_camera_1_61,images/burr_bottom_ok/burr_bottom_ok_camera_1_61.png,0,0,0,0,0,test
burr_bottom_ok_camera_1_62,images/burr_bottom_ok/burr_bottom_ok_camera_1_62.png,0,0,0,0,0,train
burr_bottom_ok_camera_1_63,images/burr_bottom_ok/burr_bottom_ok_camera_1_63.png,0,0,0,0,0,train
burr_bottom_ok_camera_1_64,images/burr_bottom_ok/burr_bottom_ok_camera_1_64.png,0,0,0,0,0,test
burr_bottom_ok_camera_1_65,images/burr_bottom_ok/burr_bottom_ok_camera_1_65.png,0,0,0,0,0,train
burr_bottom_ok_camera_1_66,images/burr_bottom_ok/burr_bottom_ok_camera_1_66.png,0,0,0,0,0,train
burr_bottom_ok_camera_1_67,images/burr_bottom_ok/burr_bottom_ok_camera_1_67.png,0,0,0,0,0,train
burr_bottom_ok_camera_1_68,images/burr_bottom_ok/burr_bottom_ok_camera_1_68.png,0,0,0,0,0,train
burr_bottom_ok_camera_1_69,images/burr_bottom_ok/burr_bottom_ok_camera_1_69.png,0,0,0,0,0,test
burr_bottom_ok_camera_1_7,images/burr_bottom_ok/burr_bottom_ok_camera_1_7.png,0,0,0,0,0,train
burr_bottom_ok_camera_1_70,images/burr_bottom_ok/burr_bottom_ok_camera_1_70.png,0,0,0,0,0,val
burr_bottom_ok_camera_1_71,images/burr_bottom_ok/burr_bottom_ok_camera_1_71.png,0,0,0,0,0,train
burr_bottom_ok_camera_1_72,images/burr_bottom_ok/burr_bottom_ok_camera_1_72.png,0,0,0,0,0,test
burr_bottom_ok_camera_1_73,images/burr_bottom_ok/burr_bottom_ok_camera_1_73.png,0,0,0,0,0,train
burr_bottom_ok_camera_1_74,images/burr_bottom_ok/burr_bottom_ok_camera_1_74.png,0,0,0,0,0,train
burr_bottom_ok_camera_1_75,images/burr_bottom_ok/burr_bottom_ok_camera_1_75.png,0,0,0,0,0,train
burr_bottom_ok_camera_1_76,images/burr_bottom_ok/burr_bottom_ok_camera_1_76.png,0,0,0,0,0,train
burr_bottom_ok_camera_1_77,images/burr_bottom_ok/burr_bottom_ok_camera_1_77.png,0,0,0,0,0,train
burr_bottom_ok_camera_1_78,images/burr_bottom_ok/burr_bottom_ok_camera_1_78.png,0,0,0,0,0,val
burr_bottom_ok_camera_1_79,images/burr_bottom_ok/burr_bottom_ok_camera_1_79.png,0,0,0,0,0,val
burr_bottom_ok_camera_1_8,images/burr_bottom_ok/burr_bottom_ok_camera_1_8.png,0,0,0,0,0,train
burr_bottom_ok_camera_1_80,images/burr_bottom_ok/burr_bottom_ok_camera_1_80.png,0,0,0,0,0,train
burr_bottom_ok_camera_1_81,images/burr_bottom_ok/burr_bottom_ok_camera_1_81.png,0,0,0,0,0,train
burr_bottom_ok_camera_1_82,images/burr_bottom_ok/burr_bottom_ok_camera_1_82.png,0,0,0,0,0,val
burr_bottom_ok_camera_1_83,images/burr_bottom_ok/burr_bottom_ok_camera_1_83.png,0,0,0,0,0,test
burr_bottom_ok_camera_1_84,images/burr_bottom_ok/burr_bottom_ok_camera_1_84.png,0,0,0,0,0,train
burr_bottom_ok_camera_1_85,images/burr_bottom_ok/burr_bottom_ok_camera_1_85.png,0,0,0,0,0,train
burr_bottom_ok_camera_1_86,images/burr_bottom_ok/burr_bottom_ok_camera_1_86.png,0,0,0,0,0,test
burr_bottom_ok_camera_1_87,images/burr_bottom_ok/burr_bottom_ok_camera_1_87.png,0,0,0,0,0,train
burr_bottom_ok_camera_1_88,images/burr_bottom_ok/burr_bottom_ok_camera_1_88.png,0,0,0,0,0,train
burr_bottom_ok_camera_1_89,images/burr_bottom_ok/burr_bottom_ok_camera_1_89.png,0,0,0,0,0,train
burr_bottom_ok_camera_1_9,images/burr_bottom_ok/burr_bottom_ok_camera_1_9.png,0,0,0,0,0,test
burr_bottom_ok_camera_1_90,images/burr_bottom_ok/burr_bottom_ok_camera_1_90.png,0,0,0,0,0,train
burr_bottom_ok_camera_1_91,images/burr_bottom_ok/burr_bottom_ok_camera_1_91.png,0,0,0,0,0,train
burr_bottom_ok_camera_1_92,images/burr_bottom_ok/burr_bottom_ok_camera_1_92.png,0,0,0,0,0,val
burr_bottom_ok_camera_1_93,images/burr_bottom_ok/burr_bottom_ok_camera_1_93.png,0,0,0,0,0,val
burr_bottom_ok_camera_1_94,images/burr_bottom_ok/burr_bottom_ok_camera_1_94.png,0,0,0,0,0,train
burr_bottom_ok_camera_1_95,images/burr_bottom_ok/burr_bottom_ok_camera_1_95.png,0,0,0,0,0,test
burr_bottom_ok_camera_1_96,images/burr_bottom_ok/burr_bottom_ok_camera_1_96.png,0,0,0,0,0,val
burr_bottom_ok_camera_1_97,images/burr_bottom_ok/burr_bottom_ok_camera_1_97.png,0,0,0,0,0,train
burr_bottom_ok_camera_1_98,images/burr_bottom_ok/burr_bottom_ok_camera_1_98.png,0,0,0,0,0,train
burr_bottom_ok_camera_1_99,images/burr_bottom_ok/burr_bottom_ok_camera_1_99.png,0,0,0,0,0,train
burr_bottom_ok_camera_2_1,images/burr_bottom_ok/burr_bottom_ok_camera_2_1.png,0,0,0,0,0,val
burr_bottom_ok_camera_2_10,images/burr_bottom_ok/burr_bottom_ok_camera_2_10.png,0,0,0,0,0,train
burr_bottom_ok_camera_2_100,images/burr_bottom_ok/burr_bottom_ok_camera_2_100.png,0,0,0,0,0,train
burr_bottom_ok_camera_2_11,images/burr_bottom_ok/burr_bottom_ok_camera_2_11.png,0,0,0,0,0,test
burr_bottom_ok_camera_2_12,images/burr_bottom_ok/burr_bottom_ok_camera_2_12.png,0,0,0,0,0,train
burr_bottom_ok_camera_2_13,images/burr_bottom_ok/burr_bottom_ok_camera_2_13.png,0,0,0,0,0,train
burr_bottom_ok_camera_2_14,images/burr_bottom_ok/burr_bottom_ok_camera_2_14.png,0,0,0,0,0,train
burr_bottom_ok_camera_2_15,images/burr_bottom_ok/burr_bottom_ok_camera_2_15.png,0,0,0,0,0,train
burr_bottom_ok_camera_2_16,images/burr_bottom_ok/burr_bottom_ok_camera_2_16.png,0,0,0,0,0,train
burr_bottom_ok_camera_2_17,images/burr_bottom_ok/burr_bottom_ok_camera_2_17.png,0,0,0,0,0,train
burr_bottom_ok_camera_2_19,images/burr_bottom_ok/burr_bottom_ok_camera_2_19.png,0,0,0,0,0,train
burr_bottom_ok_camera_2_2,images/burr_bottom_ok/burr_bottom_ok_camera_2_2.png,0,0,0,0,0,train
burr_bottom_ok_camera_2_20,images/burr_bottom_ok/burr_bottom_ok_camera_2_20.png,0,0,0,0,0,train
burr_bottom_ok_camera_2_21,images/burr_bottom_ok/burr_bottom_ok_camera_2_21.png,0,0,0,0,0,train
burr_bottom_ok_camera_2_22,images/burr_bottom_ok/burr_bottom_ok_camera_2_22.png,0,0,0,0,0,train
burr_bottom_ok_camera_2_23,images/burr_bottom_ok/burr_bottom_ok_camera_2_23.png,0,0,0,0,0,train
burr_bottom_ok_camera_2_24,images/burr_bottom_ok/burr_bottom_ok_camera_2_24.png,0,0,0,0,0,train
burr_bottom_ok_camera_2_25,images/burr_bottom_ok/burr_bottom_ok_camera_2_25.png,0,0,0,0,0,train
burr_bottom_ok_camera_2_26,images/burr_bottom_ok/burr_bottom_ok_camera_2_26.png,0,0,0,0,0,val
burr_bottom_ok_camera_2_27,images/burr_bottom_ok/burr_bottom_ok_camera_2_27.png,0,0,0,0,0,val
burr_bottom_ok_camera_2_28,images/burr_bottom_ok/burr_bottom_ok_camera_2_28.png,0,0,0,0,0,train
burr_bottom_ok_camera_2_29,images/burr_bottom_ok/burr_bottom_ok_camera_2_29.png,0,0,0,0,0,train
burr_bottom_ok_camera_2_3,images/burr_bottom_ok/burr_bottom_ok_camera_2_3.png,0,0,0,0,0,train
burr_bottom_ok_camera_2_30,images/burr_bottom_ok/burr_bottom_ok_camera_2_30.png,0,0,0,0,0,train
burr_bottom_ok_camera_2_31,images/burr_bottom_ok/burr_bottom_ok_camera_2_31.png,0,0,0,0,0,val
burr_bottom_ok_camera_2_32,images/burr_bottom_ok/burr_bottom_ok_camera_2_32.png,0,0,0,0,0,test
burr_bottom_ok_camera_2_33,images/burr_bottom_ok/burr_bottom_ok_camera_2_33.png,0,0,0,0,0,train
burr_bottom_ok_camera_2_34,images/burr_bottom_ok/burr_bottom_ok_camera_2_34.png,0,0,0,0,0,val
burr_bottom_ok_camera_2_36,images/burr_bottom_ok/burr_bottom_ok_camera_2_36.png,0,0,0,0,0,test
burr_bottom_ok_camera_2_37,images/burr_bottom_ok/burr_bottom_ok_camera_2_37.png,0,0,0,0,0,test
burr_bottom_ok_camera_2_38,images/burr_bottom_ok/burr_bottom_ok_camera_2_38.png,0,0,0,0,0,train
burr_bottom_ok_camera_2_39,images/burr_bottom_ok/burr_bottom_ok_camera_2_39.png,0,0,0,0,0,train
burr_bottom_ok_camera_2_4,images/burr_bottom_ok/burr_bottom_ok_camera_2_4.png,0,0,0,0,0,train
burr_bottom_ok_camera_2_40,images/burr_bottom_ok/burr_bottom_ok_camera_2_40.png,0,0,0,0,0,test
burr_bottom_ok_camera_2_41,images/burr_bottom_ok/burr_bottom_ok_camera_2_41.png,0,0,0,0,0,train
burr_bottom_ok_camera_2_42,images/burr_bottom_ok/burr_bottom_ok_camera_2_42.png,0,0,0,0,0,train
burr_bottom_ok_camera_2_43,images/burr_bottom_ok/burr_bottom_ok_camera_2_43.png,0,0,0,0,0,train
burr_bottom_ok_camera_2_44,images/burr_bottom_ok/burr_bottom_ok_camera_2_44.png,0,0,0,0,0,train
burr_bottom_ok_camera_2_45,images/burr_bottom_ok/burr_bottom_ok_camera_2_45.png,0,0,0,0,0,train
burr_bottom_ok_camera_2_47,images/burr_bottom_ok/burr_bottom_ok_camera_2_47.png,0,0,0,0,0,train
burr_bottom_ok_camera_2_48,images/burr_bottom_ok/burr_bottom_ok_camera_2_48.png,0,0,0,0,0,train
burr_bottom_ok_camera_2_49,images/burr_bottom_ok/burr_bottom_ok_camera_2_49.png,0,0,0,0,0,train
burr_bottom_ok_camera_2_5,images/burr_bottom_ok/burr_bottom_ok_camera_2_5.png,0,0,0,0,0,val
burr_bottom_ok_camera_2_50,images/burr_bottom_ok/burr_bottom_ok_camera_2_50.png,0,0,0,0,0,train
burr_bottom_ok_camera_2_51,images/burr_bottom_ok/burr_bottom_ok_camera_2_51.png,0,0,0,0,0,val
burr_bottom_ok_camera_2_52,images/burr_bottom_ok/burr_bottom_ok_camera_2_52.png,0,0,0,0,0,val
burr_bottom_ok_camera_2_53,images/burr_bottom_ok/burr_bottom_ok_camera_2_53.png,0,0,0,0,0,train
burr_bottom_ok_camera_2_54,images/burr_bottom_ok/burr_bottom_ok_camera_2_54.png,0,0,0,0,0,train
burr_bottom_ok_camera_2_55,images/burr_bottom_ok/burr_bottom_ok_camera_2_55.png,0,0,0,0,0,train
burr_bottom_ok_camera_2_56,images/burr_bottom_ok/burr_bottom_ok_camera_2_56.png,0,0,0,0,0,train
burr_bottom_ok_camera_2_57,images/burr_bottom_ok/burr_bottom_ok_camera_2_57.png,0,0,0,0,0,train
burr_bottom_ok_camera_2_58,images/burr_bottom_ok/burr_bottom_ok_camera_2_58.png,0,0,0,0,0,train
burr_bottom_ok_camera_2_59,images/burr_bottom_ok/burr_bottom_ok_camera_2_59.png,0,0,0,0,0,train
burr_bottom_ok_camera_2_6,images/burr_bottom_ok/burr_bottom_ok_camera_2_6.png,0,0,0,0,0,train
burr_bottom_ok_camera_2_60,images/burr_bottom_ok/burr_bottom_ok_camera_2_60.png,0,0,0,0,0,train
burr_bottom_ok_camera_2_61,images/burr_bottom_ok/burr_bottom_ok_camera_2_61.png,0,0,0,0,0,val
burr_bottom_ok_camera_2_62,images/burr_bottom_ok/burr_bottom_ok_camera_2_62.png,0,0,0,0,0,val
burr_bottom_ok_camera_2_63,images/burr_bottom_ok/burr_bottom_ok_camera_2_63.png,0,0,0,0,0,test
burr_bottom_ok_camera_2_64,images/burr_bottom_ok/burr_bottom_ok_camera_2_64.png,0,0,0,0,0,train
burr_bottom_ok_camera_2_65,images/burr_bottom_ok/burr_bottom_ok_camera_2_65.png,0,0,0,0,0,train
burr_bottom_ok_camera_2_66,images/burr_bottom_ok/burr_bottom_ok_camera_2_66.png,0,0,0,0,0,train
burr_bottom_ok_camera_2_67,images/burr_bottom_ok/burr_bottom_ok_camera_2_67.png,0,0,0,0,0,train
burr_bottom_ok_camera_2_68,images/burr_bottom_ok/burr_bottom_ok_camera_2_68.png,0,0,0,0,0,train
burr_bottom_ok_camera_2_69,images/burr_bottom_ok/burr_bottom_ok_camera_2_69.png,0,0,0,0,0,test
burr_bottom_ok_camera_2_7,images/burr_bottom_ok/burr_bottom_ok_camera_2_7.png,0,0,0,0,0,train
burr_bottom_ok_camera_2_70,images/burr_bottom_ok/burr_bottom_ok_camera_2_70.png,0,0,0,0,0,train
burr_bottom_ok_camera_2_71,images/burr_bottom_ok/burr_bottom_ok_camera_2_71.png,0,0,0,0,0,train
burr_bottom_ok_camera_2_72,images/burr_bottom_ok/burr_bottom_ok_camera_2_72.png,0,0,0,0,0,val
burr_bottom_ok_camera_2_73,images/burr_bottom_ok/burr_bottom_ok_camera_2_73.png,0,0,0,0,0,val
burr_bottom_ok_camera_2_74,images/burr_bottom_ok/burr_bottom_ok_camera_2_74.png,0,0,0,0,0,train
burr_bottom_ok_camera_2_75,images/burr_bottom_ok/burr_bottom_ok_camera_2_75.png,0,0,0,0,0,train
burr_bottom_ok_camera_2_76,images/burr_bottom_ok/burr_bottom_ok_camera_2_76.png,0,0,0,0,0,train
burr_bottom_ok_camera_2_77,images/burr_bottom_ok/burr_bottom_ok_camera_2_77.png,0,0,0,0,0,test
burr_bottom_ok_camera_2_78,images/burr_bottom_ok/burr_bottom_ok_camera_2_78.png,0,0,0,0,0,train
burr_bottom_ok_camera_2_79,images/burr_bottom_ok/burr_bottom_ok_camera_2_79.png,0,0,0,0,0,train
burr_bottom_ok_camera_2_8,images/burr_bottom_ok/burr_bottom_ok_camera_2_8.png,0,0,0,0,0,train
burr_bottom_ok_camera_2_80,images/burr_bottom_ok/burr_bottom_ok_camera_2_80.png,0,0,0,0,0,train
burr_bottom_ok_camera_2_81,images/burr_bottom_ok/burr_bottom_ok_camera_2_81.png,0,0,0,0,0,train
burr_bottom_ok_camera_2_82,images/burr_bottom_ok/burr_bottom_ok_camera_2_82.png,0,0,0,0,0,val
burr_bottom_ok_camera_2_83,images/burr_bottom_ok/burr_bottom_ok_camera_2_83.png,0,0,0,0,0,val
burr_bottom_ok_camera_2_84,images/burr_bottom_ok/burr_bottom_ok_camera_2_84.png,0,0,0,0,0,train
burr_bottom_ok_camera_2_85,images/burr_bottom_ok/burr_bottom_ok_camera_2_85.png,0,0,0,0,0,train
burr_bottom_ok_camera_2_86,images/burr_bottom_ok/burr_bottom_ok_camera_2_86.png,0,0,0,0,0,val
burr_bottom_ok_camera_2_87,images/burr_bottom_ok/burr_bottom_ok_camera_2_87.png,0,0,0,0,0,train
burr_bottom_ok_camera_2_88,images/burr_bottom_ok/burr_bottom_ok_camera_2_88.png,0,0,0,0,0,train
burr_bottom_ok_camera_2_89,images/burr_bottom_ok/burr_bottom_ok_camera_2_89.png,0,0,0,0,0,test
burr_bottom_ok_camera_2_9,images/burr_bottom_ok/burr_bottom_ok_camera_2_9.png,0,0,0,0,0,train
burr_bottom_ok_camera_2_90,images/burr_bottom_ok/burr_bottom_ok_camera_2_90.png,0,0,0,0,0,train
burr_bottom_ok_camera_2_91,images/burr_bottom_ok/burr_bottom_ok_camera_2_91.png,0,0,0,0,0,test
burr_bottom_ok_camera_2_92,images/burr_bottom_ok/burr_bottom_ok_camera_2_92.png,0,0,0,0,0,train
burr_bottom_ok_camera_2_93,images/burr_bottom_ok/burr_bottom_ok_camera_2_93.png,0,0,0,0,0,train
burr_bottom_ok_camera_2_94,images/burr_bottom_ok/burr_bottom_ok_camera_2_94.png,0,0,0,0,0,test
burr_bottom_ok_camera_2_95,images/burr_bottom_ok/burr_bottom_ok_camera_2_95.png,0,0,0,0,0,train
burr_bottom_ok_camera_2_96,images/burr_bottom_ok/burr_bottom_ok_camera_2_96.png,0,0,0,0,0,train
burr_bottom_ok_camera_2_97,images/burr_bottom_ok/burr_bottom_ok_camera_2_97.png,0,0,0,0,0,train
burr_bottom_ok_camera_2_98,images/burr_bottom_ok/burr_bottom_ok_camera_2_98.png,0,0,0,0,0,train
burr_bottom_ok_camera_2_99,images/burr_bottom_ok/burr_bottom_ok_camera_2_99.png,0,0,0,0,0,train
burr_bottom_ok_camera_3_1,images/burr_bottom_ok/burr_bottom_ok_camera_3_1.png,0,0,0,0,0,val
burr_bottom_ok_camera_3_10,images/burr_bottom_ok/burr_bottom_ok_camera_3_10.png,0,0,0,0,0,val
burr_bottom_ok_camera_3_100,images/burr_bottom_ok/burr_bottom_ok_camera_3_100.png,0,0,0,0,0,val
burr_bottom_ok_camera_3_11,images/burr_bottom_ok/burr_bottom_ok_camera_3_11.png,0,0,0,0,0,train
burr_bottom_ok_camera_3_12,images/burr_bottom_ok/burr_bottom_ok_camera_3_12.png,0,0,0,0,0,train
burr_bottom_ok_camera_3_13,images/burr_bottom_ok/burr_bottom_ok_camera_3_13.png,0,0,0,0,0,train
burr_bottom_ok_camera_3_14,images/burr_bottom_ok/burr_bottom_ok_camera_3_14.png,0,0,0,0,0,test
burr_bottom_ok_camera_3_15,images/burr_bottom_ok/burr_bottom_ok_camera_3_15.png,0,0,0,0,0,train
burr_bottom_ok_camera_3_16,images/burr_bottom_ok/burr_bottom_ok_camera_3_16.png,0,0,0,0,0,train
burr_bottom_ok_camera_3_17,images/burr_bottom_ok/burr_bottom_ok_camera_3_17.png,0,0,0,0,0,train
burr_bottom_ok_camera_3_18,images/burr_bottom_ok/burr_bottom_ok_camera_3_18.png,0,0,0,0,0,train
burr_bottom_ok_camera_3_19,images/burr_bottom_ok/burr_bottom_ok_camera_3_19.png,0,0,0,0,0,test
burr_bottom_ok_camera_3_2,images/burr_bottom_ok/burr_bottom_ok_camera_3_2.png,0,0,0,0,0,train
burr_bottom_ok_camera_3_20,images/burr_bottom_ok/burr_bottom_ok_camera_3_20.png,0,0,0,0,0,train
burr_bottom_ok_camera_3_21,images/burr_bottom_ok/burr_bottom_ok_camera_3_21.png,0,0,0,0,0,train
burr_bottom_ok_camera_3_22,images/burr_bottom_ok/burr_bottom_ok_camera_3_22.png,0,0,0,0,0,train
burr_bottom_ok_camera_3_23,images/burr_bottom_ok/burr_bottom_ok_camera_3_23.png,0,0,0,0,0,train
burr_bottom_ok_camera_3_24,images/burr_bottom_ok/burr_bottom_ok_camera_3_24.png,0,0,0,0,0,train
burr_bottom_ok_camera_3_25,images/burr_bottom_ok/burr_bottom_ok_camera_3_25.png,0,0,0,0,0,train
burr_bottom_ok_camera_3_26,images/burr_bottom_ok/burr_bottom_ok_camera_3_26.png,0,0,0,0,0,val
burr_bottom_ok_camera_3_27,images/burr_bottom_ok/burr_bottom_ok_camera_3_27.png,0,0,0,0,0,train
burr_bottom_ok_camera_3_28,images/burr_bottom_ok/burr_bottom_ok_camera_3_28.png,0,0,0,0,0,train
burr_bottom_ok_camera_3_29,images/burr_bottom_ok/burr_bottom_ok_camera_3_29.png,0,0,0,0,0,train
burr_bottom_ok_camera_3_3,images/burr_bottom_ok/burr_bottom_ok_camera_3_3.png,0,0,0,0,0,train
burr_bottom_ok_camera_3_30,images/burr_bottom_ok/burr_bottom_ok_camera_3_30.png,0,0,0,0,0,train
burr_bottom_ok_camera_3_31,images/burr_bottom_ok/burr_bottom_ok_camera_3_31.png,0,0,0,0,0,train
burr_bottom_ok_camera_3_32,images/burr_bottom_ok/burr_bottom_ok_camera_3_32.png,0,0,0,0,0,test
burr_bottom_ok_camera_3_33,images/burr_bottom_ok/burr_bottom_ok_camera_3_33.png,0,0,0,0,0,train
burr_bottom_ok_camera_3_34,images/burr_bottom_ok/burr_bottom_ok_camera_3_34.png,0,0,0,0,0,train
burr_bottom_ok_camera_3_35,images/burr_bottom_ok/burr_bottom_ok_camera_3_35.png,0,0,0,0,0,val
burr_bottom_ok_camera_3_36,images/burr_bottom_ok/burr_bottom_ok_camera_3_36.png,0,0,0,0,0,train
burr_bottom_ok_camera_3_37,images/burr_bottom_ok/burr_bottom_ok_camera_3_37.png,0,0,0,0,0,train
burr_bottom_ok_camera_3_38,images/burr_bottom_ok/burr_bottom_ok_camera_3_38.png,0,0,0,0,0,train
burr_bottom_ok_camera_3_39,images/burr_bottom_ok/burr_bottom_ok_camera_3_39.png,0,0,0,0,0,train
burr_bottom_ok_camera_3_4,images/burr_bottom_ok/burr_bottom_ok_camera_3_4.png,0,0,0,0,0,val
burr_bottom_ok_camera_3_40,images/burr_bottom_ok/burr_bottom_ok_camera_3_40.png,0,0,0,0,0,train
burr_bottom_ok_camera_3_41,images/burr_bottom_ok/burr_bottom_ok_camera_3_41.png,0,0,0,0,0,train
burr_bottom_ok_camera_3_42,images/burr_bottom_ok/burr_bottom_ok_camera_3_42.png,0,0,0,0,0,val
burr_bottom_ok_camera_3_43,images/burr_bottom_ok/burr_bottom_ok_camera_3_43.png,0,0,0,0,0,test
burr_bottom_ok_camera_3_44,images/burr_bottom_ok/burr_bottom_ok_camera_3_44.png,0,0,0,0,0,test
burr_bottom_ok_camera_3_45,images/burr_bottom_ok/burr_bottom_ok_camera_3_45.png,0,0,0,0,0,test
burr_bottom_ok_camera_3_46,images/burr_bottom_ok/burr_bottom_ok_camera_3_46.png,0,0,0,0,0,train
burr_bottom_ok_camera_3_47,images/burr_bottom_ok/burr_bottom_ok_camera_3_47.png,0,0,0,0,0,train
burr_bottom_ok_camera_3_48,images/burr_bottom_ok/burr_bottom_ok_camera_3_48.png,0,0,0,0,0,val
burr_bottom_ok_camera_3_49,images/burr_bottom_ok/burr_bottom_ok_camera_3_49.png,0,0,0,0,0,val
burr_bottom_ok_camera_3_5,images/burr_bottom_ok/burr_bottom_ok_camera_3_5.png,0,0,0,0,0,train
burr_bottom_ok_camera_3_50,images/burr_bottom_ok/burr_bottom_ok_camera_3_50.png,0,0,0,0,0,train
burr_bottom_ok_camera_3_51,images/burr_bottom_ok/burr_bottom_ok_camera_3_51.png,0,0,0,0,0,train
burr_bottom_ok_camera_3_52,images/burr_bottom_ok/burr_bottom_ok_camera_3_52.png,0,0,0,0,0,val
burr_bottom_ok_camera_3_53,images/burr_bottom_ok/burr_bottom_ok_camera_3_53.png,0,0,0,0,0,train
burr_bottom_ok_camera_3_54,images/burr_bottom_ok/burr_bottom_ok_camera_3_54.png,0,0,0,0,0,train
burr_bottom_ok_camera_3_55,images/burr_bottom_ok/burr_bottom_ok_camera_3_55.png,0,0,0,0,0,train
burr_bottom_ok_camera_3_56,images/burr_bottom_ok/burr_bottom_ok_camera_3_56.png,0,0,0,0,0,train
burr_bottom_ok_camera_3_57,images/burr_bottom_ok/burr_bottom_ok_camera_3_57.png,0,0,0,0,0,train
burr_bottom_ok_camera_3_58,images/burr_bottom_ok/burr_bottom_ok_camera_3_58.png,0,0,0,0,0,test
burr_bottom_ok_camera_3_59,images/burr_bottom_ok/burr_bottom_ok_camera_3_59.png,0,0,0,0,0,train
burr_bottom_ok_camera_3_6,images/burr_bottom_ok/burr_bottom_ok_camera_3_6.png,0,0,0,0,0,train
burr_bottom_ok_camera_3_60,images/burr_bottom_ok/burr_bottom_ok_camera_3_60.png,0,0,0,0,0,train
burr_bottom_ok_camera_3_61,images/burr_bottom_ok/burr_bottom_ok_camera_3_61.png,0,0,0,0,0,test
burr_bottom_ok_camera_3_62,images/burr_bottom_ok/burr_bottom_ok_camera_3_62.png,0,0,0,0,0,train
burr_bottom_ok_camera_3_63,images/burr_bottom_ok/burr_bottom_ok_camera_3_63.png,0,0,0,0,0,train
burr_bottom_ok_camera_3_64,images/burr_bottom_ok/burr_bottom_ok_camera_3_64.png,0,0,0,0,0,train
burr_bottom_ok_camera_3_65,images/burr_bottom_ok/burr_bottom_ok_camera_3_65.png,0,0,0,0,0,train
burr_bottom_ok_camera_3_66,images/burr_bottom_ok/burr_bottom_ok_camera_3_66.png,0,0,0,0,0,train
burr_bottom_ok_camera_3_67,images/burr_bottom_ok/burr_bottom_ok_camera_3_67.png,0,0,0,0,0,train
burr_bottom_ok_camera_3_68,images/burr_bottom_ok/burr_bottom_ok_camera_3_68.png,0,0,0,0,0,train
burr_bottom_ok_camera_3_69,images/burr_bottom_ok/burr_bottom_ok_camera_3_69.png,0,0,0,0,0,train
burr_bottom_ok_camera_3_7,images/burr_bottom_ok/burr_bottom_ok_camera_3_7.png,0,0,0,0,0,val
burr_bottom_ok_camera_3_70,images/burr_bottom_ok/burr_bottom_ok_camera_3_70.png,0,0,0,0,0,train
burr_bottom_ok_camera_3_71,images/burr_bottom_ok/burr_bottom_ok_camera_3_71.png,0,0,0,0,0,train
burr_bottom_ok_camera_3_72,images/burr_bottom_ok/burr_bottom_ok_camera_3_72.png,0,0,0,0,0,train
burr_bottom_ok_camera_3_73,images/burr_bottom_ok/burr_bottom_ok_camera_3_73.png,0,0,0,0,0,val
burr_bottom_ok_camera_3_74,images/burr_bottom_ok/burr_bottom_ok_camera_3_74.png,0,0,0,0,0,train
burr_bottom_ok_camera_3_75,images/burr_bottom_ok/burr_bottom_ok_camera_3_75.png,0,0,0,0,0,test
burr_bottom_ok_camera_3_76,images/burr_bottom_ok/burr_bottom_ok_camera_3_76.png,0,0,0,0,0,val
burr_bottom_ok_camera_3_77,images/burr_bottom_ok/burr_bottom_ok_camera_3_77.png,0,0,0,0,0,test
burr_bottom_ok_camera_3_78,images/burr_bottom_ok/burr_bottom_ok_camera_3_78.png,0,0,0,0,0,train
burr_bottom_ok_camera_3_79,images/burr_bottom_ok/burr_bottom_ok_camera_3_79.png,0,0,0,0,0,train
burr_bottom_ok_camera_3_8,images/burr_bottom_ok/burr_bottom_ok_camera_3_8.png,0,0,0,0,0,train
burr_bottom_ok_camera_3_80,images/burr_bottom_ok/burr_bottom_ok_camera_3_80.png,0,0,0,0,0,val
burr_bottom_ok_camera_3_81,images/burr_bottom_ok/burr_bottom_ok_camera_3_81.png,0,0,0,0,0,train
burr_bottom_ok_camera_3_82,images/burr_bottom_ok/burr_bottom_ok_camera_3_82.png,0,0,0,0,0,val
burr_bottom_ok_camera_3_83,images/burr_bottom_ok/burr_bottom_ok_camera_3_83.png,0,0,0,0,0,train
burr_bottom_ok_camera_3_84,images/burr_bottom_ok/burr_bottom_ok_camera_3_84.png,0,0,0,0,0,train
burr_bottom_ok_camera_3_85,images/burr_bottom_ok/burr_bottom_ok_camera_3_85.png,0,0,0,0,0,train
burr_bottom_ok_camera_3_86,images/burr_bottom_ok/burr_bottom_ok_camera_3_86.png,0,0,0,0,0,train
burr_bottom_ok_camera_3_87,images/burr_bottom_ok/burr_bottom_ok_camera_3_87.png,0,0,0,0,0,val
burr_bottom_ok_camera_3_88,images/burr_bottom_ok/burr_bottom_ok_camera_3_88.png,0,0,0,0,0,train
burr_bottom_ok_camera_3_89,images/burr_bottom_ok/burr_bottom_ok_camera_3_89.png,0,0,0,0,0,train
burr_bottom_ok_camera_3_9,images/burr_bottom_ok/burr_bottom_ok_camera_3_9.png,0,0,0,0,0,train
burr_bottom_ok_camera_3_90,images/burr_bottom_ok/burr_bottom_ok_camera_3_90.png,0,0,0,0,0,train
burr_bottom_ok_camera_3_91,images/burr_bottom_ok/burr_bottom_ok_camera_3_91.png,0,0,0,0,0,train
burr_bottom_ok_camera_3_92,images/burr_bottom_ok/burr_bottom_ok_camera_3_92.png,0,0,0,0,0,val
burr_bottom_ok_camera_3_93,images/burr_bottom_ok/burr_bottom_ok_camera_3_93.png,0,0,0,0,0,train
burr_bottom_ok_camera_3_94,images/burr_bottom_ok/burr_bottom_ok_camera_3_94.png,0,0,0,0,0,train
burr_bottom_ok_camera_3_95,images/burr_bottom_ok/burr_bottom_ok_camera_3_95.png,0,0,0,0,0,train
burr_bottom_ok_camera_3_96,images/burr_bottom_ok/burr_bottom_ok_camera_3_96.png,0,0,0,0,0,train
burr_bottom_ok_camera_3_97,images/burr_bottom_ok/burr_bottom_ok_camera_3_97.png,0,0,0,0,0,train
burr_bottom_ok_camera_3_98,images/burr_bottom_ok/burr_bottom_ok_camera_3_98.png,0,0,0,0,0,train
burr_bottom_ok_camera_3_99,images/burr_bottom_ok/burr_bottom_ok_camera_3_99.png,0,0,0,0,0,val
burr_bottom_ok_camera_4_1,images/burr_bottom_ok/burr_bottom_ok_camera_4_1.png,0,0,0,0,0,test
burr_bottom_ok_camera_4_10,images/burr_bottom_ok/burr_bottom_ok_camera_4_10.png,0,0,0,0,0,train
burr_bottom_ok_camera_4_100,images/burr_bottom_ok/burr_bottom_ok_camera_4_100.png,0,0,0,0,0,train
burr_bottom_ok_camera_4_11,images/burr_bottom_ok/burr_bottom_ok_camera_4_11.png,0,0,0,0,0,train
burr_bottom_ok_camera_4_12,images/burr_bottom_ok/burr_bottom_ok_camera_4_12.png,0,0,0,0,0,test
burr_bottom_ok_camera_4_13,images/burr_bottom_ok/burr_bottom_ok_camera_4_13.png,0,0,0,0,0,val
burr_bottom_ok_camera_4_14,images/burr_bottom_ok/burr_bottom_ok_camera_4_14.png,0,0,0,0,0,train
burr_bottom_ok_camera_4_15,images/burr_bottom_ok/burr_bottom_ok_camera_4_15.png,0,0,0,0,0,train
burr_bottom_ok_camera_4_16,images/burr_bottom_ok/burr_bottom_ok_camera_4_16.png,0,0,0,0,0,val
burr_bottom_ok_camera_4_18,images/burr_bottom_ok/burr_bottom_ok_camera_4_18.png,0,0,0,0,0,test
burr_bottom_ok_camera_4_19,images/burr_bottom_ok/burr_bottom_ok_camera_4_19.png,0,0,0,0,0,val
burr_bottom_ok_camera_4_2,images/burr_bottom_ok/burr_bottom_ok_camera_4_2.png,0,0,0,0,0,train
burr_bottom_ok_camera_4_20,images/burr_bottom_ok/burr_bottom_ok_camera_4_20.png,0,0,0,0,0,train
burr_bottom_ok_camera_4_21,images/burr_bottom_ok/burr_bottom_ok_camera_4_21.png,0,0,0,0,0,train
burr_bottom_ok_camera_4_22,images/burr_bottom_ok/burr_bottom_ok_camera_4_22.png,0,0,0,0,0,train
burr_bottom_ok_camera_4_23,images/burr_bottom_ok/burr_bottom_ok_camera_4_23.png,0,0,0,0,0,train
burr_bottom_ok_camera_4_24,images/burr_bottom_ok/burr_bottom_ok_camera_4_24.png,0,0,0,0,0,train
burr_bottom_ok_camera_4_25,images/burr_bottom_ok/burr_bottom_ok_camera_4_25.png,0,0,0,0,0,train
burr_bottom_ok_camera_4_26,images/burr_bottom_ok/burr_bottom_ok_camera_4_26.png,0,0,0,0,0,train
burr_bottom_ok_camera_4_27,images/burr_bottom_ok/burr_bottom_ok_camera_4_27.png,0,0,0,0,0,val
burr_bottom_ok_camera_4_28,images/burr_bottom_ok/burr_bottom_ok_camera_4_28.png,0,0,0,0,0,train
burr_bottom_ok_camera_4_29,images/burr_bottom_ok/burr_bottom_ok_camera_4_29.png,0,0,0,0,0,train
burr_bottom_ok_camera_4_3,images/burr_bottom_ok/burr_bottom_ok_camera_4_3.png,0,0,0,0,0,train
burr_bottom_ok_camera_4_30,images/burr_bottom_ok/burr_bottom_ok_camera_4_30.png,0,0,0,0,0,train
burr_bottom_ok_camera_4_31,images/burr_bottom_ok/burr_bottom_ok_camera_4_31.png,0,0,0,0,0,train
burr_bottom_ok_camera_4_32,images/burr_bottom_ok/burr_bottom_ok_camera_4_32.png,0,0,0,0,0,val
burr_bottom_ok_camera_4_33,images/burr_bottom_ok/burr_bottom_ok_camera_4_33.png,0,0,0,0,0,test
burr_bottom_ok_camera_4_35,images/burr_bottom_ok/burr_bottom_ok_camera_4_35.png,0,0,0,0,0,test
burr_bottom_ok_camera_4_36,images/burr_bottom_ok/burr_bottom_ok_camera_4_36.png,0,0,0,0,0,train
burr_bottom_ok_camera_4_37,images/burr_bottom_ok/burr_bottom_ok_camera_4_37.png,0,0,0,0,0,train
burr_bottom_ok_camera_4_38,images/burr_bottom_ok/burr_bottom_ok_camera_4_38.png,0,0,0,0,0,train
burr_bottom_ok_camera_4_39,images/burr_bottom_ok/burr_bottom_ok_camera_4_39.png,0,0,0,0,0,train
burr_bottom_ok_camera_4_4,images/burr_bottom_ok/burr_bottom_ok_camera_4_4.png,0,0,0,0,0,test
burr_bottom_ok_camera_4_40,images/burr_bottom_ok/burr_bottom_ok_camera_4_40.png,0,0,0,0,0,train
burr_bottom_ok_camera_4_41,images/burr_bottom_ok/burr_bottom_ok_camera_4_41.png,0,0,0,0,0,train
burr_bottom_ok_camera_4_42,images/burr_bottom_ok/burr_bottom_ok_camera_4_42.png,0,0,0,0,0,val
burr_bottom_ok_camera_4_43,images/burr_bottom_ok/burr_bottom_ok_camera_4_43.png,0,0,0,0,0,val
burr_bottom_ok_camera_4_44,images/burr_bottom_ok/burr_bottom_ok_camera_4_44.png,0,0,0,0,0,train
burr_bottom_ok_camera_4_46,images/burr_bottom_ok/burr_bottom_ok_camera_4_46.png,0,0,0,0,0,train
burr_bottom_ok_camera_4_47,images/burr_bottom_ok/burr_bottom_ok_camera_4_47.png,0,0,0,0,0,test
burr_bottom_ok_camera_4_48,images/burr_bottom_ok/burr_bottom_ok_camera_4_48.png,0,0,0,0,0,train
burr_bottom_ok_camera_4_49,images/burr_bottom_ok/burr_bottom_ok_camera_4_49.png,0,0,0,0,0,val
burr_bottom_ok_camera_4_5,images/burr_bottom_ok/burr_bottom_ok_camera_4_5.png,0,0,0,0,0,val
burr_bottom_ok_camera_4_50,images/burr_bottom_ok/burr_bottom_ok_camera_4_50.png,0,0,0,0,0,test
burr_bottom_ok_camera_4_51,images/burr_bottom_ok/burr_bottom_ok_camera_4_51.png,0,0,0,0,0,train
burr_bottom_ok_camera_4_52,images/burr_bottom_ok/burr_bottom_ok_camera_4_52.png,0,0,0,0,0,val
burr_bottom_ok_camera_4_53,images/burr_bottom_ok/burr_bottom_ok_camera_4_53.png,0,0,0,0,0,train
burr_bottom_ok_camera_4_54,images/burr_bottom_ok/burr_bottom_ok_camera_4_54.png,0,0,0,0,0,train
burr_bottom_ok_camera_4_55,images/burr_bottom_ok/burr_bottom_ok_camera_4_55.png,0,0,0,0,0,train
burr_bottom_ok_camera_4_56,images/burr_bottom_ok/burr_bottom_ok_camera_4_56.png,0,0,0,0,0,train
burr_bottom_ok_camera_4_57,images/burr_bottom_ok/burr_bottom_ok_camera_4_57.png,0,0,0,0,0,train
burr_bottom_ok_camera_4_58,images/burr_bottom_ok/burr_bottom_ok_camera_4_58.png,0,0,0,0,0,test
burr_bottom_ok_camera_4_59,images/burr_bottom_ok/burr_bottom_ok_camera_4_59.png,0,0,0,0,0,test
burr_bottom_ok_camera_4_6,images/burr_bottom_ok/burr_bottom_ok_camera_4_6.png,0,0,0,0,0,test
burr_bottom_ok_camera_4_60,images/burr_bottom_ok/burr_bottom_ok_camera_4_60.png,0,0,0,0,0,train
burr_bottom_ok_camera_4_61,images/burr_bottom_ok/burr_bottom_ok_camera_4_61.png,0,0,0,0,0,train
burr_bottom_ok_camera_4_62,images/burr_bottom_ok/burr_bottom_ok_camera_4_62.png,0,0,0,0,0,train
burr_bottom_ok_camera_4_63,images/burr_bottom_ok/burr_bottom_ok_camera_4_63.png,0,0,0,0,0,train
burr_bottom_ok_camera_4_64,images/burr_bottom_ok/burr_bottom_ok_camera_4_64.png,0,0,0,0,0,train
burr_bottom_ok_camera_4_65,images/burr_bottom_ok/burr_bottom_ok_camera_4_65.png,0,0,0,0,0,train
burr_bottom_ok_camera_4_66,images/burr_bottom_ok/burr_bottom_ok_camera_4_66.png,0,0,0,0,0,val
burr_bottom_ok_camera_4_67,images/burr_bottom_ok/burr_bottom_ok_camera_4_67.png,0,0,0,0,0,train
burr_bottom_ok_camera_4_68,images/burr_bottom_ok/burr_bottom_ok_camera_4_68.png,0,0,0,0,0,train
burr_bottom_ok_camera_4_69,images/burr_bottom_ok/burr_bottom_ok_camera_4_69.png,0,0,0,0,0,train
burr_bottom_ok_camera_4_7,images/burr_bottom_ok/burr_bottom_ok_camera_4_7.png,0,0,0,0,0,val
burr_bottom_ok_camera_4_70,images/burr_bottom_ok/burr_bottom_ok_camera_4_70.png,0,0,0,0,0,train
burr_bottom_ok_camera_4_71,images/burr_bottom_ok/burr_bottom_ok_camera_4_71.png,0,0,0,0,0,train
burr_bottom_ok_camera_4_72,images/burr_bottom_ok/burr_bottom_ok_camera_4_72.png,0,0,0,0,0,train
burr_bottom_ok_camera_4_73,images/burr_bottom_ok/burr_bottom_ok_camera_4_73.png,0,0,0,0,0,train
burr_bottom_ok_camera_4_74,images/burr_bottom_ok/burr_bottom_ok_camera_4_74.png,0,0,0,0,0,test
burr_bottom_ok_camera_4_75,images/burr_bottom_ok/burr_bottom_ok_camera_4_75.png,0,0,0,0,0,train
burr_bottom_ok_camera_4_76,images/burr_bottom_ok/burr_bottom_ok_camera_4_76.png,0,0,0,0,0,val
burr_bottom_ok_camera_4_77,images/burr_bottom_ok/burr_bottom_ok_camera_4_77.png,0,0,0,0,0,train
burr_bottom_ok_camera_4_78,images/burr_bottom_ok/burr_bottom_ok_camera_4_78.png,0,0,0,0,0,train
burr_bottom_ok_camera_4_79,images/burr_bottom_ok/burr_bottom_ok_camera_4_79.png,0,0,0,0,0,train
burr_bottom_ok_camera_4_8,images/burr_bottom_ok/burr_bottom_ok_camera_4_8.png,0,0,0,0,0,val
burr_bottom_ok_camera_4_80,images/burr_bottom_ok/burr_bottom_ok_camera_4_80.png,0,0,0,0,0,test
burr_bottom_ok_camera_4_81,images/burr_bottom_ok/burr_bottom_ok_camera_4_81.png,0,0,0,0,0,train
burr_bottom_ok_camera_4_82,images/burr_bottom_ok/burr_bottom_ok_camera_4_82.png,0,0,0,0,0,val
burr_bottom_ok_camera_4_83,images/burr_bottom_ok/burr_bottom_ok_camera_4_83.png,0,0,0,0,0,train
burr_bottom_ok_camera_4_84,images/burr_bottom_ok/burr_bottom_ok_camera_4_84.png,0,0,0,0,0,train
burr_bottom_ok_camera_4_85,images/burr_bottom_ok/burr_bottom_ok_camera_4_85.png,0,0,0,0,0,train
burr_bottom_ok_camera_4_86,images/burr_bottom_ok/burr_bottom_ok_camera_4_86.png,0,0,0,0,0,train
burr_bottom_ok_camera_4_87,images/burr_bottom_ok/burr_bottom_ok_camera_4_87.png,0,0,0,0,0,train
burr_bottom_ok_camera_4_88,images/burr_bottom_ok/burr_bottom_ok_camera_4_88.png,0,0,0,0,0,train
burr_bottom_ok_camera_4_89,images/burr_bottom_ok/burr_bottom_ok_camera_4_89.png,0,0,0,0,0,train
burr_bottom_ok_camera_4_9,images/burr_bottom_ok/burr_bottom_ok_camera_4_9.png,0,0,0,0,0,train
burr_bottom_ok_camera_4_90,images/burr_bottom_ok/burr_bottom_ok_camera_4_90.png,0,0,0,0,0,val
burr_bottom_ok_camera_4_91,images/burr_bottom_ok/burr_bottom_ok_camera_4_91.png,0,0,0,0,0,train
burr_bottom_ok_camera_4_92,images/burr_bottom_ok/burr_bottom_ok_camera_4_92.png,0,0,0,0,0,train
burr_bottom_ok_camera_4_93,images/burr_bottom_ok/burr_bottom_ok_camera_4_93.png,0,0,0,0,0,train
burr_bottom_ok_camera_4_94,images/burr_bottom_ok/burr_bottom_ok_camera_4_94.png,0,0,0,0,0,train
burr_bottom_ok_camera_4_95,images/burr_bottom_ok/burr_bottom_ok_camera_4_95.png,0,0,0,0,0,train
burr_bottom_ok_camera_4_96,images/burr_bottom_ok/burr_bottom_ok_camera_4_96.png,0,0,0,0,0,val
burr_bottom_ok_camera_4_97,images/burr_bottom_ok/burr_bottom_ok_camera_4_97.png,0,0,0,0,0,train
burr_bottom_ok_camera_4_98,images/burr_bottom_ok/burr_bottom_ok_camera_4_98.png,0,0,0,0,0,train
burr_bottom_ok_camera_4_99,images/burr_bottom_ok/burr_bottom_ok_camera_4_99.png,0,0,0,0,0,train
burr_top_ng_camera_1_1,images/burr_top_ng/burr_top_ng_camera_1_1.png,0,0,0,1,0,train
burr_top_ng_camera_1_10,images/burr_top_ng/burr_top_ng_camera_1_10.png,0,0,0,1,0,test
burr_top_ng_camera_1_100,images/burr_top_ng/burr_top_ng_camera_1_100.png,0,0,0,1,0,train
burr_top_ng_camera_1_101,images/burr_top_ng/burr_top_ng_camera_1_101.png,0,0,0,1,0,val
burr_top_ng_camera_1_102,images/burr_top_ng/burr_top_ng_camera_1_102.png,0,0,0,1,0,val
burr_top_ng_camera_1_103,images/burr_top_ng/burr_top_ng_camera_1_103.png,0,0,0,1,0,train
burr_top_ng_camera_1_104,images/burr_top_ng/burr_top_ng_camera_1_104.png,0,0,0,1,0,train
burr_top_ng_camera_1_11,images/burr_top_ng/burr_top_ng_camera_1_11.png,0,0,0,1,0,train
burr_top_ng_camera_1_12,images/burr_top_ng/burr_top_ng_camera_1_12.png,0,0,0,1,0,train
burr_top_ng_camera_1_13,images/burr_top_ng/burr_top_ng_camera_1_13.png,0,0,0,1,0,train
burr_top_ng_camera_1_14,images/burr_top_ng/burr_top_ng_camera_1_14.png,0,0,0,1,0,val
burr_top_ng_camera_1_15,images/burr_top_ng/burr_top_ng_camera_1_15.png,0,0,0,1,0,val
burr_top_ng_camera_1_16,images/burr_top_ng/burr_top_ng_camera_1_16.png,0,0,0,1,0,val
burr_top_ng_camera_1_17,images/burr_top_ng/burr_top_ng_camera_1_17.png,0,0,0,1,0,train
burr_top_ng_camera_1_18,images/burr_top_ng/burr_top_ng_camera_1_18.png,0,0,0,1,0,train
burr_top_ng_camera_1_19,images/burr_top_ng/burr_top_ng_camera_1_19.png,0,0,0,1,0,train
burr_top_ng_camera_1_2,images/burr_top_ng/burr_top_ng_camera_1_2.png,0,0,0,1,0,train
burr_top_ng_camera_1_20,images/burr_top_ng/burr_top_ng_camera_1_20.png,0,0,0,1,0,train
burr_top_ng_camera_1_21,images/burr_top_ng/burr_top_ng_camera_1_21.png,0,0,0,1,0,train
burr_top_ng_camera_1_22,images/burr_top_ng/burr_top_ng_camera_1_22.png,0,0,0,1,0,train
burr_top_ng_camera_1_23,images/burr_top_ng/burr_top_ng_camera_1_23.png,0,0,0,1,0,train
burr_top_ng_camera_1_24,images/burr_top_ng/burr_top_ng_camera_1_24.png,0,0,0,1,0,test
burr_top_ng_camera_1_25,images/burr_top_ng/burr_top_ng_camera_1_25.png,0,0,0,1,0,train
burr_top_ng_camera_1_26,images/burr_top_ng/burr_top_ng_camera_1_26.png,0,0,0,1,0,train
burr_top_ng_camera_1_27,images/burr_top_ng/burr_top_ng_camera_1_27.png,0,0,0,1,0,train
burr_top_ng_camera_1_28,images/burr_top_ng/burr_top_ng_camera_1_28.png,0,0,0,1,0,test
burr_top_ng_camera_1_29,images/burr_top_ng/burr_top_ng_camera_1_29.png,0,0,0,1,0,train
burr_top_ng_camera_1_3,images/burr_top_ng/burr_top_ng_camera_1_3.png,0,0,0,1,0,train
burr_top_ng_camera_1_30,images/burr_top_ng/burr_top_ng_camera_1_30.png,0,0,0,1,0,test
burr_top_ng_camera_1_31,images/burr_top_ng/burr_top_ng_camera_1_31.png,0,0,0,1,0,val
burr_top_ng_camera_1_32,images/burr_top_ng/burr_top_ng_camera_1_32.png,0,0,0,1,0,train
burr_top_ng_camera_1_33,images/burr_top_ng/burr_top_ng_camera_1_33.png,0,0,0,1,0,train
burr_top_ng_camera_1_34,images/burr_top_ng/burr_top_ng_camera_1_34.png,0,0,0,1,0,test
burr_top_ng_camera_1_35,images/burr_top_ng/burr_top_ng_camera_1_35.png,0,0,0,1,0,train
burr_top_ng_camera_1_36,images/burr_top_ng/burr_top_ng_camera_1_36.png,0,0,0,1,0,train
burr_top_ng_camera_1_37,images/burr_top_ng/burr_top_ng_camera_1_37.png,0,0,0,1,0,train
burr_top_ng_camera_1_38,images/burr_top_ng/burr_top_ng_camera_1_38.png,0,0,0,1,0,test
burr_top_ng_camera_1_39,images/burr_top_ng/burr_top_ng_camera_1_39.png,0,0,0,1,0,val
burr_top_ng_camera_1_4,images/burr_top_ng/burr_top_ng_camera_1_4.png,0,0,0,1,0,train
burr_top_ng_camera_1_40,images/burr_top_ng/burr_top_ng_camera_1_40.png,0,0,0,1,0,train
burr_top_ng_camera_1_41,images/burr_top_ng/burr_top_ng_camera_1_41.png,0,0,0,1,0,train
burr_top_ng_camera_1_42,images/burr_top_ng/burr_top_ng_camera_1_42.png,0,0,0,1,0,train
burr_top_ng_camera_1_43,images/burr_top_ng/burr_top_ng_camera_1_43.png,0,0,0,1,0,train
burr_top_ng_camera_1_44,images/burr_top_ng/burr_top_ng_camera_1_44.png,0,0,0,1,0,val
burr_top_ng_camera_1_45,images/burr_top_ng/burr_top_ng_camera_1_45.png,0,0,0,1,0,train
burr_top_ng_camera_1_46,images/burr_top_ng/burr_top_ng_camera_1_46.png,0,0,0,1,0,train
burr_top_ng_camera_1_47,images/burr_top_ng/burr_top_ng_camera_1_47.png,0,0,0,1,0,val
burr_top_ng_camera_1_48,images/burr_top_ng/burr_top_ng_camera_1_48.png,0,0,0,1,0,train
burr_top_ng_camera_1_49,images/burr_top_ng/burr_top_ng_camera_1_49.png,0,0,0,1,0,val
burr_top_ng_camera_1_5,images/burr_top_ng/burr_top_ng_camera_1_5.png,0,0,0,1,0,train
burr_top_ng_camera_1_50,images/burr_top_ng/burr_top_ng_camera_1_50.png,0,0,0,1,0,val
burr_top_ng_camera_1_51,images/burr_top_ng/burr_top_ng_camera_1_51.png,0,0,0,1,0,train
burr_top_ng_camera_1_52,images/burr_top_ng/burr_top_ng_camera_1_52.png,0,0,0,1,0,train
burr_top_ng_camera_1_53,images/burr_top_ng/burr_top_ng_camera_1_53.png,0,0,0,1,0,train
burr_top_ng_camera_1_54,images/burr_top_ng/burr_top_ng_camera_1_54.png,0,0,0,1,0,train
burr_top_ng_camera_1_55,images/burr_top_ng/burr_top_ng_camera_1_55.png,0,0,0,1,0,train
burr_top_ng_camera_1_56,images/burr_top_ng/burr_top_ng_camera_1_56.png,0,0,0,1,0,train
burr_top_ng_camera_1_57,images/burr_top_ng/burr_top_ng_camera_1_57.png,0,0,0,1,0,train
burr_top_ng_camera_1_58,images/burr_top_ng/burr_top_ng_camera_1_58.png,0,0,0,1,0,train
burr_top_ng_camera_1_59,images/burr_top_ng/burr_top_ng_camera_1_59.png,0,0,0,1,0,train
burr_top_ng_camera_1_6,images/burr_top_ng/burr_top_ng_camera_1_6.png,0,0,0,1,0,train
burr_top_ng_camera_1_60,images/burr_top_ng/burr_top_ng_camera_1_60.png,0,0,0,1,0,train
burr_top_ng_camera_1_61,images/burr_top_ng/burr_top_ng_camera_1_61.png,0,0,0,1,0,train
burr_top_ng_camera_1_62,images/burr_top_ng/burr_top_ng_camera_1_62.png,0,0,0,1,0,train
burr_top_ng_camera_1_63,images/burr_top_ng/burr_top_ng_camera_1_63.png,0,0,0,1,0,train
burr_top_ng_camera_1_64,images/burr_top_ng/burr_top_ng_camera_1_64.png,0,0,0,1,0,val
burr_top_ng_camera_1_65,images/burr_top_ng/burr_top_ng_camera_1_65.png,0,0,0,1,0,train
burr_top_ng_camera_1_66,images/burr_top_ng/burr_top_ng_camera_1_66.png,0,0,0,1,0,train
burr_top_ng_camera_1_67,images/burr_top_ng/burr_top_ng_camera_1_67.png,0,0,0,1,0,train
burr_top_ng_camera_1_68,images/burr_top_ng/burr_top_ng_camera_1_68.png,0,0,0,1,0,train
burr_top_ng_camera_1_69,images/burr_top_ng/burr_top_ng_camera_1_69.png,0,0,0,1,0,val
burr_top_ng_camera_1_7,images/burr_top_ng/burr_top_ng_camera_1_7.png,0,0,0,1,0,val
burr_top_ng_camera_1_70,images/burr_top_ng/burr_top_ng_camera_1_70.png,0,0,0,1,0,test
burr_top_ng_camera_1_71,images/burr_top_ng/burr_top_ng_camera_1_71.png,0,0,0,1,0,train
burr_top_ng_camera_1_72,images/burr_top_ng/burr_top_ng_camera_1_72.png,0,0,0,1,0,val
burr_top_ng_camera_1_73,images/burr_top_ng/burr_top_ng_camera_1_73.png,0,0,0,1,0,val
burr_top_ng_camera_1_74,images/burr_top_ng/burr_top_ng_camera_1_74.png,0,0,0,1,0,train
burr_top_ng_camera_1_75,images/burr_top_ng/burr_top_ng_camera_1_75.png,0,0,0,1,0,train
burr_top_ng_camera_1_76,images/burr_top_ng/burr_top_ng_camera_1_76.png,0,0,0,1,0,train
burr_top_ng_camera_1_77,images/burr_top_ng/burr_top_ng_camera_1_77.png,0,0,0,1,0,train
burr_top_ng_camera_1_78,images/burr_top_ng/burr_top_ng_camera_1_78.png,0,0,0,1,0,val
burr_top_ng_camera_1_79,images/burr_top_ng/burr_top_ng_camera_1_79.png,0,0,0,1,0,train
burr_top_ng_camera_1_8,images/burr_top_ng/burr_top_ng_camera_1_8.png,0,0,0,1,0,train
burr_top_ng_camera_1_80,images/burr_top_ng/burr_top_ng_camera_1_80.png,0,0,0,1,0,train
burr_top_ng_camera_1_81,images/burr_top_ng/burr_top_ng_camera_1_81.png,0,0,0,1,0,val
burr_top_ng_camera_1_82,images/burr_top_ng/burr_top_ng_camera_1_82.png,0,0,0,1,0,train
burr_top_ng_camera_1_83,images/burr_top_ng/burr_top_ng_camera_1_83.png,0,0,0,1,0,train
burr_top_ng_camera_1_84,images/burr_top_ng/burr_top_ng_camera_1_84.png,0,0,0,1,0,val
burr_top_ng_camera_1_85,images/burr_top_ng/burr_top_ng_camera_1_85.png,0,0,0,1,0,val
burr_top_ng_camera_1_86,images/burr_top_ng/burr_top_ng_camera_1_86.png,0,0,0,1,0,val
burr_top_ng_camera_1_87,images/burr_top_ng/burr_top_ng_camera_1_87.png,0,0,0,1,0,test
burr_top_ng_camera_1_88,images/burr_top_ng/burr_top_ng_camera_1_88.png,0,0,0,1,0,train
burr_top_ng_camera_1_89,images/burr_top_ng/burr_top_ng_camera_1_89.png,0,0,0,1,0,val
burr_top_ng_camera_1_9,images/burr_top_ng/burr_top_ng_camera_1_9.png,0,0,0,1,0,train
burr_top_ng_camera_1_90,images/burr_top_ng/burr_top_ng_camera_1_90.png,0,0,0,1,0,train
burr_top_ng_camera_1_91,images/burr_top_ng/burr_top_ng_camera_1_91.png,0,0,0,1,0,val
burr_top_ng_camera_1_92,images/burr_top_ng/burr_top_ng_camera_1_92.png,0,0,0,1,0,val
burr_top_ng_camera_1_93,images/burr_top_ng/burr_top_ng_camera_1_93.png,0,0,0,1,0,train
burr_top_ng_camera_1_94,images/burr_top_ng/burr_top_ng_camera_1_94.png,0,0,0,1,0,test
burr_top_ng_camera_1_95,images/burr_top_ng/burr_top_ng_camera_1_95.png,0,0,0,1,0,train
burr_top_ng_camera_1_96,images/burr_top_ng/burr_top_ng_camera_1_96.png,0,0,0,1,0,train
burr_top_ng_camera_1_97,images/burr_top_ng/burr_top_ng_camera_1_97.png,0,0,0,1,0,train
burr_top_ng_camera_1_98,images/burr_top_ng/burr_top_ng_camera_1_98.png,0,0,0,1,0,val
burr_top_ng_camera_1_99,images/burr_top_ng/burr_top_ng_camera_1_99.png,0,0,0,1,0,train
burr_top_ng_camera_2_10,images/burr_top_ng/burr_top_ng_camera_2_10.png,0,0,0,1,0,train
burr_top_ng_camera_2_100,images/burr_top_ng/burr_top_ng_camera_2_100.png,0,0,0,1,0,train
burr_top_ng_camera_2_101,images/burr_top_ng/burr_top_ng_camera_2_101.png,0,0,0,1,0,train
burr_top_ng_camera_2_102,images/burr_top_ng/burr_top_ng_camera_2_102.png,0,0,0,1,0,train
burr_top_ng_camera_2_103,images/burr_top_ng/burr_top_ng_camera_2_103.png,0,0,0,1,0,train
burr_top_ng_camera_2_104,images/burr_top_ng/burr_top_ng_camera_2_104.png,0,0,0,1,0,train
burr_top_ng_camera_2_12,images/burr_top_ng/burr_top_ng_camera_2_12.png,0,0,0,1,0,train
burr_top_ng_camera_2_13,images/burr_top_ng/burr_top_ng_camera_2_13.png,0,0,0,1,0,train
burr_top_ng_camera_2_14,images/burr_top_ng/burr_top_ng_camera_2_14.png,0,0,0,1,0,train
burr_top_ng_camera_2_16,images/burr_top_ng/burr_top_ng_camera_2_16.png,0,0,0,1,0,train
burr_top_ng_camera_2_17,images/burr_top_ng/burr_top_ng_camera_2_17.png,0,0,0,1,0,train
burr_top_ng_camera_2_19,images/burr_top_ng/burr_top_ng_camera_2_19.png,0,0,0,1,0,train
burr_top_ng_camera_2_20,images/burr_top_ng/burr_top_ng_camera_2_20.png,0,0,0,1,0,train
burr_top_ng_camera_2_25,images/burr_top_ng/burr_top_ng_camera_2_25.png,0,0,0,1,0,train
burr_top_ng_camera_2_26,images/burr_top_ng/burr_top_ng_camera_2_26.png,0,0,0,1,0,test
burr_top_ng_camera_2_29,images/burr_top_ng/burr_top_ng_camera_2_29.png,0,0,0,1,0,train
burr_top_ng_camera_2_3,images/burr_top_ng/burr_top_ng_camera_2_3.png,0,0,0,1,0,train
burr_top_ng_camera_2_30,images/burr_top_ng/burr_top_ng_camera_2_30.png,0,0,0,1,0,val
burr_top_ng_camera_2_32,images/burr_top_ng/burr_top_ng_camera_2_32.png,0,0,0,1,0,train
burr_top_ng_camera_2_34,images/burr_top_ng/burr_top_ng_camera_2_34.png,0,0,0,1,0,val
burr_top_ng_camera_2_35,images/burr_top_ng/burr_top_ng_camera_2_35.png,0,0,0,1,0,val
burr_top_ng_camera_2_36,images/burr_top_ng/burr_top_ng_camera_2_36.png,0,0,0,1,0,train
burr_top_ng_camera_2_37,images/burr_top_ng/burr_top_ng_camera_2_37.png,0,0,0,1,0,train
burr_top_ng_camera_2_39,images/burr_top_ng/burr_top_ng_camera_2_39.png,0,0,0,1,0,train
burr_top_ng_camera_2_4,images/burr_top_ng/burr_top_ng_camera_2_4.png,0,0,0,1,0,train
burr_top_ng_camera_2_40,images/burr_top_ng/burr_top_ng_camera_2_40.png,0,0,0,1,0,test
burr_top_ng_camera_2_41,images/burr_top_ng/burr_top_ng_camera_2_41.png,0,0,0,1,0,train
burr_top_ng_camera_2_42,images/burr_top_ng/burr_top_ng_camera_2_42.png,0,0,0,1,0,val
burr_top_ng_camera_2_43,images/burr_top_ng/burr_top_ng_camera_2_43.png,0,0,0,1,0,test
burr_top_ng_camera_2_45,images/burr_top_ng/burr_top_ng_camera_2_45.png,0,0,0,1,0,val
burr_top_ng_camera_2_47,images/burr_top_ng/burr_top_ng_camera_2_47.png,0,0,0,1,0,val
burr_top_ng_camera_2_49,images/burr_top_ng/burr_top_ng_camera_2_49.png,0,0,0,1,0,train
burr_top_ng_camera_2_5,images/burr_top_ng/burr_top_ng_camera_2_5.png,0,0,0,1,0,val
burr_top_ng_camera_2_50,images/burr_top_ng/burr_top_ng_camera_2_50.png,0,0,0,1,0,train
burr_top_ng_camera_2_51,images/burr_top_ng/burr_top_ng_camera_2_51.png,0,0,0,1,0,train
burr_top_ng_camera_2_52,images/burr_top_ng/burr_top_ng_camera_2_52.png,0,0,0,1,0,train
burr_top_ng_camera_2_53,images/burr_top_ng/burr_top_ng_camera_2_53.png,0,0,0,1,0,train
burr_top_ng_camera_2_54,images/burr_top_ng/burr_top_ng_camera_2_54.png,0,0,0,1,0,train
burr_top_ng_camera_2_55,images/burr_top_ng/burr_top_ng_camera_2_55.png,0,0,0,1,0,test
burr_top_ng_camera_2_57,images/burr_top_ng/burr_top_ng_camera_2_57.png,0,0,0,1,0,train
burr_top_ng_camera_2_60,images/burr_top_ng/burr_top_ng_camera_2_60.png,0,0,0,1,0,train
burr_top_ng_camera_2_61,images/burr_top_ng/burr_top_ng_camera_2_61.png,0,0,0,1,0,val
burr_top_ng_camera_2_62,images/burr_top_ng/burr_top_ng_camera_2_62.png,0,0,0,1,0,train
burr_top_ng_camera_2_63,images/burr_top_ng/burr_top_ng_camera_2_63.png,0,0,0,1,0,train
burr_top_ng_camera_2_65,images/burr_top_ng/burr_top_ng_camera_2_65.png,0,0,0,1,0,train
burr_top_ng_camera_2_66,images/burr_top_ng/burr_top_ng_camera_2_66.png,0,0,0,1,0,test
burr_top_ng_camera_2_67,images/burr_top_ng/burr_top_ng_camera_2_67.png,0,0,0,1,0,val
burr_top_ng_camera_2_68,images/burr_top_ng/burr_top_ng_camera_2_68.png,0,0,0,1,0,train
burr_top_ng_camera_2_69,images/burr_top_ng/burr_top_ng_camera_2_69.png,0,0,0,1,0,train
burr_top_ng_camera_2_7,images/burr_top_ng/burr_top_ng_camera_2_7.png,0,0,0,1,0,train
burr_top_ng_camera_2_72,images/burr_top_ng/burr_top_ng_camera_2_72.png,0,0,0,1,0,train
burr_top_ng_camera_2_73,images/burr_top_ng/burr_top_ng_camera_2_73.png,0,0,0,1,0,val
burr_top_ng_camera_2_74,images/burr_top_ng/burr_top_ng_camera_2_74.png,0,0,0,1,0,train
burr_top_ng_camera_2_76,images/burr_top_ng/burr_top_ng_camera_2_76.png,0,0,0,1,0,train
burr_top_ng_camera_2_77,images/burr_top_ng/burr_top_ng_camera_2_77.png,0,0,0,1,0,val
burr_top_ng_camera_2_78,images/burr_top_ng/burr_top_ng_camera_2_78.png,0,0,0,1,0,val
burr_top_ng_camera_2_79,images/burr_top_ng/burr_top_ng_camera_2_79.png,0,0,0,1,0,train
burr_top_ng_camera_2_8,images/burr_top_ng/burr_top_ng_camera_2_8.png,0,0,0,1,0,val
burr_top_ng_camera_2_81,images/burr_top_ng/burr_top_ng_camera_2_81.png,0,0,0,1,0,train
burr_top_ng_camera_2_82,images/burr_top_ng/burr_top_ng_camera_2_82.png,0,0,0,1,0,train
burr_top_ng_camera_2_83,images/burr_top_ng/burr_top_ng_camera_2_83.png,0,0,0,1,0,train
burr_top_ng_camera_2_84,images/burr_top_ng/burr_top_ng_camera_2_84.png,0,0,0,1,0,train
burr_top_ng_camera_2_85,images/burr_top_ng/burr_top_ng_camera_2_85.png,0,0,0,1,0,test
burr_top_ng_camera_2_86,images/burr_top_ng/burr_top_ng_camera_2_86.png,0,0,0,1,0,train
burr_top_ng_camera_2_87,images/burr_top_ng/burr_top_ng_camera_2_87.png,0,0,0,1,0,train
burr_top_ng_camera_2_89,images/burr_top_ng/burr_top_ng_camera_2_89.png,0,0,0,1,0,test
burr_top_ng_camera_2_9,images/burr_top_ng/burr_top_ng_camera_2_9.png,0,0,0,1,0,test
burr_top_ng_camera_2_90,images/burr_top_ng/burr_top_ng_camera_2_90.png,0,0,0,1,0,val
burr_top_ng_camera_2_91,images/burr_top_ng/burr_top_ng_camera_2_91.png,0,0,0,1,0,train
burr_top_ng_camera_2_92,images/burr_top_ng/burr_top_ng_camera_2_92.png,0,0,0,1,0,train
burr_top_ng_camera_2_93,images/burr_top_ng/burr_top_ng_camera_2_93.png,0,0,0,1,0,train
burr_top_ng_camera_2_94,images/burr_top_ng/burr_top_ng_camera_2_94.png,0,0,0,1,0,train
burr_top_ng_camera_2_95,images/burr_top_ng/burr_top_ng_camera_2_95.png,0,0,0,1,0,val
burr_top_ng_camera_2_96,images/burr_top_ng/burr_top_ng_camera_2_96.png,0,0,0,1,0,train
burr_top_ng_camera_2_97,images/burr_top_ng/burr_top_ng_camera_2_97.png,0,0,0,1,0,val
burr_top_ng_camera_2_98,images/burr_top_ng/burr_top_ng_camera_2_98.png,0,0,0,1,0,val
burr_top_ng_camera_2_99,images/burr_top_ng/burr_top_ng_camera_2_99.png,0,0,0,1,0,train
burr_top_ng_camera_3_1,images/burr_top_ng/burr_top_ng_camera_3_1.png,0,0,0,1,0,train
burr_top_ng_camera_3_101,images/burr_top_ng/burr_top_ng_camera_3_101.png,0,0,0,1,0,train
burr_top_ng_camera_3_102,images/burr_top_ng/burr_top_ng_camera_3_102.png,0,0,0,1,0,train
burr_top_ng_camera_3_103,images/burr_top_ng/burr_top_ng_camera_3_103.png,0,0,0,1,0,train
burr_top_ng_camera_3_104,images/burr_top_ng/burr_top_ng_camera_3_104.png,0,0,0,1,0,val
burr_top_ng_camera_3_11,images/burr_top_ng/burr_top_ng_camera_3_11.png,0,0,0,1,0,train
burr_top_ng_camera_3_12,images/burr_top_ng/burr_top_ng_camera_3_12.png,0,0,0,1,0,train
burr_top_ng_camera_3_13,images/burr_top_ng/burr_top_ng_camera_3_13.png,0,0,0,1,0,test
burr_top_ng_camera_3_14,images/burr_top_ng/burr_top_ng_camera_3_14.png,0,0,0,1,0,train
burr_top_ng_camera_3_15,images/burr_top_ng/burr_top_ng_camera_3_15.png,0,0,0,1,0,val
burr_top_ng_camera_3_17,images/burr_top_ng/burr_top_ng_camera_3_17.png,0,0,0,1,0,train
burr_top_ng_camera_3_18,images/burr_top_ng/burr_top_ng_camera_3_18.png,0,0,0,1,0,train
burr_top_ng_camera_3_2,images/burr_top_ng/burr_top_ng_camera_3_2.png,0,0,0,1,0,train
burr_top_ng_camera_3_20,images/burr_top_ng/burr_top_ng_camera_3_20.png,0,0,0,1,0,train
burr_top_ng_camera_3_21,images/burr_top_ng/burr_top_ng_camera_3_21.png,0,0,0,1,0,train
burr_top_ng_camera_3_22,images/burr_top_ng/burr_top_ng_camera_3_22.png,0,0,0,1,0,train
burr_top_ng_camera_3_23,images/burr_top_ng/burr_top_ng_camera_3_23.png,0,0,0,1,0,train
burr_top_ng_camera_3_25,images/burr_top_ng/burr_top_ng_camera_3_25.png,0,0,0,1,0,train
burr_top_ng_camera_3_27,images/burr_top_ng/burr_top_ng_camera_3_27.png,0,0,0,1,0,train
burr_top_ng_camera_3_29,images/burr_top_ng/burr_top_ng_camera_3_29.png,0,0,0,1,0,train
burr_top_ng_camera_3_3,images/burr_top_ng/burr_top_ng_camera_3_3.png,0,0,0,1,0,test
burr_top_ng_camera_3_30,images/burr_top_ng/burr_top_ng_camera_3_30.png,0,0,0,1,0,train
burr_top_ng_camera_3_31,images/burr_top_ng/burr_top_ng_camera_3_31.png,0,0,0,1,0,val
burr_top_ng_camera_3_32,images/burr_top_ng/burr_top_ng_camera_3_32.png,0,0,0,1,0,train
burr_top_ng_camera_3_33,images/burr_top_ng/burr_top_ng_camera_3_33.png,0,0,0,1,0,train
burr_top_ng_camera_3_34,images/burr_top_ng/burr_top_ng_camera_3_34.png,0,0,0,1,0,train
burr_top_ng_camera_3_35,images/burr_top_ng/burr_top_ng_camera_3_35.png,0,0,0,1,0,train
burr_top_ng_camera_3_38,images/burr_top_ng/burr_top_ng_camera_3_38.png,0,0,0,1,0,train
burr_top_ng_camera_3_39,images/burr_top_ng/burr_top_ng_camera_3_39.png,0,0,0,1,0,val
burr_top_ng_camera_3_4,images/burr_top_ng/burr_top_ng_camera_3_4.png,0,0,0,1,0,train
burr_top_ng_camera_3_40,images/burr_top_ng/burr_top_ng_camera_3_40.png,0,0,0,1,0,train
burr_top_ng_camera_3_43,images/burr_top_ng/burr_top_ng_camera_3_43.png,0,0,0,1,0,train
burr_top_ng_camera_3_44,images/burr_top_ng/burr_top_ng_camera_3_44.png,0,0,0,1,0,val
burr_top_ng_camera_3_46,images/burr_top_ng/burr_top_ng_camera_3_46.png,0,0,0,1,0,val
burr_top_ng_camera_3_47,images/burr_top_ng/burr_top_ng_camera_3_47.png,0,0,0,1,0,val
burr_top_ng_camera_3_48,images/burr_top_ng/burr_top_ng_camera_3_48.png,0,0,0,1,0,train
burr_top_ng_camera_3_49,images/burr_top_ng/burr_top_ng_camera_3_49.png,0,0,0,1,0,train
burr_top_ng_camera_3_50,images/burr_top_ng/burr_top_ng_camera_3_50.png,0,0,0,1,0,test
burr_top_ng_camera_3_51,images/burr_top_ng/burr_top_ng_camera_3_51.png,0,0,0,1,0,train
burr_top_ng_camera_3_52,images/burr_top_ng/burr_top_ng_camera_3_52.png,0,0,0,1,0,train
burr_top_ng_camera_3_53,images/burr_top_ng/burr_top_ng_camera_3_53.png,0,0,0,1,0,train
burr_top_ng_camera_3_54,images/burr_top_ng/burr_top_ng_camera_3_54.png,0,0,0,1,0,train
burr_top_ng_camera_3_56,images/burr_top_ng/burr_top_ng_camera_3_56.png,0,0,0,1,0,train
burr_top_ng_camera_3_57,images/burr_top_ng/burr_top_ng_camera_3_57.png,0,0,0,1,0,train
burr_top_ng_camera_3_58,images/burr_top_ng/burr_top_ng_camera_3_58.png,0,0,0,1,0,train
burr_top_ng_camera_3_6,images/burr_top_ng/burr_top_ng_camera_3_6.png,0,0,0,1,0,train
burr_top_ng_camera_3_60,images/burr_top_ng/burr_top_ng_camera_3_60.png,0,0,0,1,0,val
burr_top_ng_camera_3_63,images/burr_top_ng/burr_top_ng_camera_3_63.png,0,0,0,1,0,train
burr_top_ng_camera_3_64,images/burr_top_ng/burr_top_ng_camera_3_64.png,0,0,0,1,0,train
burr_top_ng_camera_3_65,images/burr_top_ng/burr_top_ng_camera_3_65.png,0,0,0,1,0,train
burr_top_ng_camera_3_66,images/burr_top_ng/burr_top_ng_camera_3_66.png,0,0,0,1,0,train
burr_top_ng_camera_3_67,images/burr_top_ng/burr_top_ng_camera_3_67.png,0,0,0,1,0,val
burr_top_ng_camera_3_68,images/burr_top_ng/burr_top_ng_camera_3_68.png,0,0,0,1,0,test
burr_top_ng_camera_3_7,images/burr_top_ng/burr_top_ng_camera_3_7.png,0,0,0,1,0,train
burr_top_ng_camera_3_70,images/burr_top_ng/burr_top_ng_camera_3_70.png,0,0,0,1,0,test
burr_top_ng_camera_3_71,images/burr_top_ng/burr_top_ng_camera_3_71.png,0,0,0,1,0,test
burr_top_ng_camera_3_72,images/burr_top_ng/burr_top_ng_camera_3_72.png,0,0,0,1,0,train
burr_top_ng_camera_3_74,images/burr_top_ng/burr_top_ng_camera_3_74.png,0,0,0,1,0,train
burr_top_ng_camera_3_75,images/burr_top_ng/burr_top_ng_camera_3_75.png,0,0,0,1,0,test
burr_top_ng_camera_3_76,images/burr_top_ng/burr_top_ng_camera_3_76.png,0,0,0,1,0,train
burr_top_ng_camera_3_77,images/burr_top_ng/burr_top_ng_camera_3_77.png,0,0,0,1,0,train
burr_top_ng_camera_3_79,images/burr_top_ng/burr_top_ng_camera_3_79.png,0,0,0,1,0,train
burr_top_ng_camera_3_8,images/burr_top_ng/burr_top_ng_camera_3_8.png,0,0,0,1,0,train
burr_top_ng_camera_3_80,images/burr_top_ng/burr_top_ng_camera_3_80.png,0,0,0,1,0,train
burr_top_ng_camera_3_81,images/burr_top_ng/burr_top_ng_camera_3_81.png,0,0,0,1,0,train
burr_top_ng_camera_3_82,images/burr_top_ng/burr_top_ng_camera_3_82.png,0,0,0,1,0,train
burr_top_ng_camera_3_83,images/burr_top_ng/burr_top_ng_camera_3_83.png,0,0,0,1,0,val
burr_top_ng_camera_3_87,images/burr_top_ng/burr_top_ng_camera_3_87.png,0,0,0,1,0,train
burr_top_ng_camera_3_88,images/burr_top_ng/burr_top_ng_camera_3_88.png,0,0,0,1,0,train
burr_top_ng_camera_3_90,images/burr_top_ng/burr_top_ng_camera_3_90.png,0,0,0,1,0,train
burr_top_ng_camera_3_91,images/burr_top_ng/burr_top_ng_camera_3_91.png,0,0,0,1,0,test
burr_top_ng_camera_3_92,images/burr_top_ng/burr_top_ng_camera_3_92.png,0,0,0,1,0,train
burr_top_ng_camera_3_93,images/burr_top_ng/burr_top_ng_camera_3_93.png,0,0,0,1,0,train
burr_top_ng_camera_3_94,images/burr_top_ng/burr_top_ng_camera_3_94.png,0,0,0,1,0,train
burr_top_ng_camera_3_95,images/burr_top_ng/burr_top_ng_camera_3_95.png,0,0,0,1,0,val
burr_top_ng_camera_3_96,images/burr_top_ng/burr_top_ng_camera_3_96.png,0,0,0,1,0,train
burr_top_ng_camera_3_97,images/burr_top_ng/burr_top_ng_camera_3_97.png,0,0,0,1,0,train
burr_top_ng_camera_3_98,images/burr_top_ng/burr_top_ng_camera_3_98.png,0,0,0,1,0,train
burr_top_ng_camera_3_99,images/burr_top_ng/burr_top_ng_camera_3_99.png,0,0,0,1,0,train
burr_top_ng_camera_4_1,images/burr_top_ng/burr_top_ng_camera_4_1.png,0,0,0,1,0,train
burr_top_ng_camera_4_10,images/burr_top_ng/burr_top_ng_camera_4_10.png,0,0,0,1,0,train
burr_top_ng_camera_4_100,images/burr_top_ng/burr_top_ng_camera_4_100.png,0,0,0,1,0,val
burr_top_ng_camera_4_101,images/burr_top_ng/burr_top_ng_camera_4_101.png,0,0,0,1,0,val
burr_top_ng_camera_4_103,images/burr_top_ng/burr_top_ng_camera_4_103.png,0,0,0,1,0,train
burr_top_ng_camera_4_104,images/burr_top_ng/burr_top_ng_camera_4_104.png,0,0,0,1,0,val
burr_top_ng_camera_4_16,images/burr_top_ng/burr_top_ng_camera_4_16.png,0,0,0,1,0,train
burr_top_ng_camera_4_18,images/burr_top_ng/burr_top_ng_camera_4_18.png,0,0,0,1,0,test
burr_top_ng_camera_4_19,images/burr_top_ng/burr_top_ng_camera_4_19.png,0,0,0,1,0,train
burr_top_ng_camera_4_2,images/burr_top_ng/burr_top_ng_camera_4_2.png,0,0,0,1,0,train
burr_top_ng_camera_4_21,images/burr_top_ng/burr_top_ng_camera_4_21.png,0,0,0,1,0,train
burr_top_ng_camera_4_22,images/burr_top_ng/burr_top_ng_camera_4_22.png,0,0,0,1,0,test
burr_top_ng_camera_4_23,images/burr_top_ng/burr_top_ng_camera_4_23.png,0,0,0,1,0,train
burr_top_ng_camera_4_25,images/burr_top_ng/burr_top_ng_camera_4_25.png,0,0,0,1,0,train
burr_top_ng_camera_4_26,images/burr_top_ng/burr_top_ng_camera_4_26.png,0,0,0,1,0,train
burr_top_ng_camera_4_27,images/burr_top_ng/burr_top_ng_camera_4_27.png,0,0,0,1,0,train
burr_top_ng_camera_4_28,images/burr_top_ng/burr_top_ng_camera_4_28.png,0,0,0,1,0,train
burr_top_ng_camera_4_29,images/burr_top_ng/burr_top_ng_camera_4_29.png,0,0,0,1,0,train
burr_top_ng_camera_4_30,images/burr_top_ng/burr_top_ng_camera_4_30.png,0,0,0,1,0,train
burr_top_ng_camera_4_31,images/burr_top_ng/burr_top_ng_camera_4_31.png,0,0,0,1,0,test
burr_top_ng_camera_4_32,images/burr_top_ng/burr_top_ng_camera_4_32.png,0,0,0,1,0,train
burr_top_ng_camera_4_33,images/burr_top_ng/burr_top_ng_camera_4_33.png,0,0,0,1,0,val
burr_top_ng_camera_4_36,images/burr_top_ng/burr_top_ng_camera_4_36.png,0,0,0,1,0,train
burr_top_ng_camera_4_37,images/burr_top_ng/burr_top_ng_camera_4_37.png,0,0,0,1,0,train
burr_top_ng_camera_4_38,images/burr_top_ng/burr_top_ng_camera_4_38.png,0,0,0,1,0,train
burr_top_ng_camera_4_42,images/burr_top_ng/burr_top_ng_camera_4_42.png,0,0,0,1,0,train
burr_top_ng_camera_4_43,images/burr_top_ng/burr_top_ng_camera_4_43.png,0,0,0,1,0,train
burr_top_ng_camera_4_44,images/burr_top_ng/burr_top_ng_camera_4_44.png,0,0,0,1,0,val
burr_top_ng_camera_4_45,images/burr_top_ng/burr_top_ng_camera_4_45.png,0,0,0,1,0,train
burr_top_ng_camera_4_46,images/burr_top_ng/burr_top_ng_camera_4_46.png,0,0,0,1,0,train
burr_top_ng_camera_4_48,images/burr_top_ng/burr_top_ng_camera_4_48.png,0,0,0,1,0,train
burr_top_ng_camera_4_49,images/burr_top_ng/burr_top_ng_camera_4_49.png,0,0,0,1,0,train
burr_top_ng_camera_4_5,images/burr_top_ng/burr_top_ng_camera_4_5.png,0,0,0,1,0,train
burr_top_ng_camera_4_50,images/burr_top_ng/burr_top_ng_camera_4_50.png,0,0,0,1,0,test
burr_top_ng_camera_4_54,images/burr_top_ng/burr_top_ng_camera_4_54.png,0,0,0,1,0,train
burr_top_ng_camera_4_55,images/burr_top_ng/burr_top_ng_camera_4_55.png,0,0,0,1,0,train
burr_top_ng_camera_4_56,images/burr_top_ng/burr_top_ng_camera_4_56.png,0,0,0,1,0,train
burr_top_ng_camera_4_57,images/burr_top_ng/burr_top_ng_camera_4_57.png,0,0,0,1,0,train
burr_top_ng_camera_4_6,images/burr_top_ng/burr_top_ng_camera_4_6.png,0,0,0,1,0,train
burr_top_ng_camera_4_60,images/burr_top_ng/burr_top_ng_camera_4_60.png,0,0,0,1,0,train
burr_top_ng_camera_4_61,images/burr_top_ng/burr_top_ng_camera_4_61.png,0,0,0,1,0,train
burr_top_ng_camera_4_64,images/burr_top_ng/burr_top_ng_camera_4_64.png,0,0,0,1,0,val
burr_top_ng_camera_4_65,images/burr_top_ng/burr_top_ng_camera_4_65.png,0,0,0,1,0,train
burr_top_ng_camera_4_67,images/burr_top_ng/burr_top_ng_camera_4_67.png,0,0,0,1,0,train
burr_top_ng_camera_4_69,images/burr_top_ng/burr_top_ng_camera_4_69.png,0,0,0,1,0,train
burr_top_ng_camera_4_70,images/burr_top_ng/burr_top_ng_camera_4_70.png,0,0,0,1,0,val
burr_top_ng_camera_4_71,images/burr_top_ng/burr_top_ng_camera_4_71.png,0,0,0,1,0,train
burr_top_ng_camera_4_72,images/burr_top_ng/burr_top_ng_camera_4_72.png,0,0,0,1,0,train
burr_top_ng_camera_4_74,images/burr_top_ng/burr_top_ng_camera_4_74.png,0,0,0,1,0,test
burr_top_ng_camera_4_75,images/burr_top_ng/burr_top_ng_camera_4_75.png,0,0,0,1,0,train
burr_top_ng_camera_4_8,images/burr_top_ng/burr_top_ng_camera_4_8.png,0,0,0,1,0,train
burr_top_ng_camera_4_80,images/burr_top_ng/burr_top_ng_camera_4_80.png,0,0,0,1,0,train
burr_top_ng_camera_4_81,images/burr_top_ng/burr_top_ng_camera_4_81.png,0,0,0,1,0,val
burr_top_ng_camera_4_82,images/burr_top_ng/burr_top_ng_camera_4_82.png,0,0,0,1,0,train
burr_top_ng_camera_4_83,images/burr_top_ng/burr_top_ng_camera_4_83.png,0,0,0,1,0,train
burr_top_ng_camera_4_84,images/burr_top_ng/burr_top_ng_camera_4_84.png,0,0,0,1,0,train
burr_top_ng_camera_4_88,images/burr_top_ng/burr_top_ng_camera_4_88.png,0,0,0,1,0,train
burr_top_ng_camera_4_89,images/burr_top_ng/burr_top_ng_camera_4_89.png,0,0,0,1,0,test
burr_top_ng_camera_4_9,images/burr_top_ng/burr_top_ng_camera_4_9.png,0,0,0,1,0,train
burr_top_ng_camera_4_91,images/burr_top_ng/burr_top_ng_camera_4_91.png,0,0,0,1,0,val
burr_top_ng_camera_4_92,images/burr_top_ng/burr_top_ng_camera_4_92.png,0,0,0,1,0,train
burr_top_ng_camera_4_94,images/burr_top_ng/burr_top_ng_camera_4_94.png,0,0,0,1,0,train
burr_top_ng_camera_4_96,images/burr_top_ng/burr_top_ng_camera_4_96.png,0,0,0,1,0,train
burr_top_ng_camera_4_97,images/burr_top_ng/burr_top_ng_camera_4_97.png,0,0,0,1,0,train
burr_top_ok_camera_1_1,images/burr_top_ok/burr_top_ok_camera_1_1.png,0,0,0,0,0,test
burr_top_ok_camera_1_10,images/burr_top_ok/burr_top_ok_camera_1_10.png,0,0,0,0,0,val
burr_top_ok_camera_1_11,images/burr_top_ok/burr_top_ok_camera_1_11.png,0,0,0,0,0,val
burr_top_ok_camera_1_12,images/burr_top_ok/burr_top_ok_camera_1_12.png,0,0,0,0,0,train
burr_top_ok_camera_1_13,images/burr_top_ok/burr_top_ok_camera_1_13.png,0,0,0,0,0,test
burr_top_ok_camera_1_14,images/burr_top_ok/burr_top_ok_camera_1_14.png,0,0,0,0,0,val
burr_top_ok_camera_1_15,images/burr_top_ok/burr_top_ok_camera_1_15.png,0,0,0,0,0,train
burr_top_ok_camera_1_16,images/burr_top_ok/burr_top_ok_camera_1_16.png,0,0,0,0,0,train
burr_top_ok_camera_1_17,images/burr_top_ok/burr_top_ok_camera_1_17.png,0,0,0,0,0,train
burr_top_ok_camera_1_18,images/burr_top_ok/burr_top_ok_camera_1_18.png,0,0,0,0,0,train
burr_top_ok_camera_1_19,images/burr_top_ok/burr_top_ok_camera_1_19.png,0,0,0,0,0,train
burr_top_ok_camera_1_2,images/burr_top_ok/burr_top_ok_camera_1_2.png,0,0,0,0,0,train
burr_top_ok_camera_1_20,images/burr_top_ok/burr_top_ok_camera_1_20.png,0,0,0,0,0,train
burr_top_ok_camera_1_21,images/burr_top_ok/burr_top_ok_camera_1_21.png,0,0,0,0,0,train
burr_top_ok_camera_1_22,images/burr_top_ok/burr_top_ok_camera_1_22.png,0,0,0,0,0,val
burr_top_ok_camera_1_23,images/burr_top_ok/burr_top_ok_camera_1_23.png,0,0,0,0,0,train
burr_top_ok_camera_1_24,images/burr_top_ok/burr_top_ok_camera_1_24.png,0,0,0,0,0,train
burr_top_ok_camera_1_25,images/burr_top_ok/burr_top_ok_camera_1_25.png,0,0,0,0,0,val
burr_top_ok_camera_1_26,images/burr_top_ok/burr_top_ok_camera_1_26.png,0,0,0,0,0,test
burr_top_ok_camera_1_27,images/burr_top_ok/burr_top_ok_camera_1_27.png,0,0,0,0,0,train
burr_top_ok_camera_1_28,images/burr_top_ok/burr_top_ok_camera_1_28.png,0,0,0,0,0,train
burr_top_ok_camera_1_29,images/burr_top_ok/burr_top_ok_camera_1_29.png,0,0,0,0,0,train
burr_top_ok_camera_1_3,images/burr_top_ok/burr_top_ok_camera_1_3.png,0,0,0,0,0,val
burr_top_ok_camera_1_30,images/burr_top_ok/burr_top_ok_camera_1_30.png,0,0,0,0,0,train
burr_top_ok_camera_1_31,images/burr_top_ok/burr_top_ok_camera_1_31.png,0,0,0,0,0,train
burr_top_ok_camera_1_32,images/burr_top_ok/burr_top_ok_camera_1_32.png,0,0,0,0,0,train
burr_top_ok_camera_1_33,images/burr_top_ok/burr_top_ok_camera_1_33.png,0,0,0,0,0,train
burr_top_ok_camera_1_34,images/burr_top_ok/burr_top_ok_camera_1_34.png,0,0,0,0,0,train
burr_top_ok_camera_1_35,images/burr_top_ok/burr_top_ok_camera_1_35.png,0,0,0,0,0,train
burr_top_ok_camera_1_36,images/burr_top_ok/burr_top_ok_camera_1_36.png,0,0,0,0,0,train
burr_top_ok_camera_1_37,images/burr_top_ok/burr_top_ok_camera_1_37.png,0,0,0,0,0,train
burr_top_ok_camera_1_38,images/burr_top_ok/burr_top_ok_camera_1_38.png,0,0,0,0,0,train
burr_top_ok_camera_1_39,images/burr_top_ok/burr_top_ok_camera_1_39.png,0,0,0,0,0,train
burr_top_ok_camera_1_4,images/burr_top_ok/burr_top_ok_camera_1_4.png,0,0,0,0,0,train
burr_top_ok_camera_1_40,images/burr_top_ok/burr_top_ok_camera_1_40.png,0,0,0,0,0,train
burr_top_ok_camera_1_41,images/burr_top_ok/burr_top_ok_camera_1_41.png,0,0,0,0,0,test
burr_top_ok_camera_1_42,images/burr_top_ok/burr_top_ok_camera_1_42.png,0,0,0,0,0,train
burr_top_ok_camera_1_43,images/burr_top_ok/burr_top_ok_camera_1_43.png,0,0,0,0,0,train
burr_top_ok_camera_1_44,images/burr_top_ok/burr_top_ok_camera_1_44.png,0,0,0,0,0,train
burr_top_ok_camera_1_45,images/burr_top_ok/burr_top_ok_camera_1_45.png,0,0,0,0,0,train
burr_top_ok_camera_1_46,images/burr_top_ok/burr_top_ok_camera_1_46.png,0,0,0,0,0,val
burr_top_ok_camera_1_47,images/burr_top_ok/burr_top_ok_camera_1_47.png,0,0,0,0,0,train
burr_top_ok_camera_1_48,images/burr_top_ok/burr_top_ok_camera_1_48.png,0,0,0,0,0,val
burr_top_ok_camera_1_49,images/burr_top_ok/burr_top_ok_camera_1_49.png,0,0,0,0,0,val
burr_top_ok_camera_1_5,images/burr_top_ok/burr_top_ok_camera_1_5.png,0,0,0,0,0,val
burr_top_ok_camera_1_50,images/burr_top_ok/burr_top_ok_camera_1_50.png,0,0,0,0,0,val
burr_top_ok_camera_1_51,images/burr_top_ok/burr_top_ok_camera_1_51.png,0,0,0,0,0,train
burr_top_ok_camera_1_52,images/burr_top_ok/burr_top_ok_camera_1_52.png,0,0,0,0,0,train
burr_top_ok_camera_1_53,images/burr_top_ok/burr_top_ok_camera_1_53.png,0,0,0,0,0,train
burr_top_ok_camera_1_54,images/burr_top_ok/burr_top_ok_camera_1_54.png,0,0,0,0,0,train
burr_top_ok_camera_1_55,images/burr_top_ok/burr_top_ok_camera_1_55.png,0,0,0,0,0,train
burr_top_ok_camera_1_56,images/burr_top_ok/burr_top_ok_camera_1_56.png,0,0,0,0,0,train
burr_top_ok_camera_1_57,images/burr_top_ok/burr_top_ok_camera_1_57.png,0,0,0,0,0,train
burr_top_ok_camera_1_58,images/burr_top_ok/burr_top_ok_camera_1_58.png,0,0,0,0,0,train
burr_top_ok_camera_1_59,images/burr_top_ok/burr_top_ok_camera_1_59.png,0,0,0,0,0,train
burr_top_ok_camera_1_6,images/burr_top_ok/burr_top_ok_camera_1_6.png,0,0,0,0,0,train
burr_top_ok_camera_1_60,images/burr_top_ok/burr_top_ok_camera_1_60.png,0,0,0,0,0,train
burr_top_ok_camera_1_61,images/burr_top_ok/burr_top_ok_camera_1_61.png,0,0,0,0,0,train
burr_top_ok_camera_1_62,images/burr_top_ok/burr_top_ok_camera_1_62.png,0,0,0,0,0,train
burr_top_ok_camera_1_63,images/burr_top_ok/burr_top_ok_camera_1_63.png,0,0,0,0,0,train
burr_top_ok_camera_1_64,images/burr_top_ok/burr_top_ok_camera_1_64.png,0,0,0,0,0,test
burr_top_ok_camera_1_65,images/burr_top_ok/burr_top_ok_camera_1_65.png,0,0,0,0,0,train
burr_top_ok_camera_1_66,images/burr_top_ok/burr_top_ok_camera_1_66.png,0,0,0,0,0,train
burr_top_ok_camera_1_67,images/burr_top_ok/burr_top_ok_camera_1_67.png,0,0,0,0,0,train
burr_top_ok_camera_1_68,images/burr_top_ok/burr_top_ok_camera_1_68.png,0,0,0,0,0,train
burr_top_ok_camera_1_69,images/burr_top_ok/burr_top_ok_camera_1_69.png,0,0,0,0,0,train
burr_top_ok_camera_1_7,images/burr_top_ok/burr_top_ok_camera_1_7.png,0,0,0,0,0,train
burr_top_ok_camera_1_70,images/burr_top_ok/burr_top_ok_camera_1_70.png,0,0,0,0,0,test
burr_top_ok_camera_1_71,images/burr_top_ok/burr_top_ok_camera_1_71.png,0,0,0,0,0,train
burr_top_ok_camera_1_72,images/burr_top_ok/burr_top_ok_camera_1_72.png,0,0,0,0,0,train
burr_top_ok_camera_1_73,images/burr_top_ok/burr_top_ok_camera_1_73.png,0,0,0,0,0,test
burr_top_ok_camera_1_74,images/burr_top_ok/burr_top_ok_camera_1_74.png,0,0,0,0,0,train
burr_top_ok_camera_1_75,images/burr_top_ok/burr_top_ok_camera_1_75.png,0,0,0,0,0,val
burr_top_ok_camera_1_76,images/burr_top_ok/burr_top_ok_camera_1_76.png,0,0,0,0,0,train
burr_top_ok_camera_1_77,images/burr_top_ok/burr_top_ok_camera_1_77.png,0,0,0,0,0,test
burr_top_ok_camera_1_78,images/burr_top_ok/burr_top_ok_camera_1_78.png,0,0,0,0,0,train
burr_top_ok_camera_1_79,images/burr_top_ok/burr_top_ok_camera_1_79.png,0,0,0,0,0,train
burr_top_ok_camera_1_8,images/burr_top_ok/burr_top_ok_camera_1_8.png,0,0,0,0,0,train
burr_top_ok_camera_1_80,images/burr_top_ok/burr_top_ok_camera_1_80.png,0,0,0,0,0,train
burr_top_ok_camera_1_81,images/burr_top_ok/burr_top_ok_camera_1_81.png,0,0,0,0,0,val
burr_top_ok_camera_1_82,images/burr_top_ok/burr_top_ok_camera_1_82.png,0,0,0,0,0,train
burr_top_ok_camera_1_83,images/burr_top_ok/burr_top_ok_camera_1_83.png,0,0,0,0,0,train
burr_top_ok_camera_1_84,images/burr_top_ok/burr_top_ok_camera_1_84.png,0,0,0,0,0,train
burr_top_ok_camera_1_85,images/burr_top_ok/burr_top_ok_camera_1_85.png,0,0,0,0,0,train
burr_top_ok_camera_1_86,images/burr_top_ok/burr_top_ok_camera_1_86.png,0,0,0,0,0,val
burr_top_ok_camera_1_87,images/burr_top_ok/burr_top_ok_camera_1_87.png,0,0,0,0,0,train
burr_top_ok_camera_1_88,images/burr_top_ok/burr_top_ok_camera_1_88.png,0,0,0,0,0,val
burr_top_ok_camera_1_89,images/burr_top_ok/burr_top_ok_camera_1_89.png,0,0,0,0,0,train
burr_top_ok_camera_1_9,images/burr_top_ok/burr_top_ok_camera_1_9.png,0,0,0,0,0,val
burr_top_ok_camera_1_90,images/burr_top_ok/burr_top_ok_camera_1_90.png,0,0,0,0,0,test
burr_top_ok_camera_1_91,images/burr_top_ok/burr_top_ok_camera_1_91.png,0,0,0,0,0,train
burr_top_ok_camera_1_92,images/burr_top_ok/burr_top_ok_camera_1_92.png,0,0,0,0,0,train
burr_top_ok_camera_1_93,images/burr_top_ok/burr_top_ok_camera_1_93.png,0,0,0,0,0,val
burr_top_ok_camera_1_94,images/burr_top_ok/burr_top_ok_camera_1_94.png,0,0,0,0,0,train
burr_top_ok_camera_1_95,images/burr_top_ok/burr_top_ok_camera_1_95.png,0,0,0,0,0,train
burr_top_ok_camera_1_96,images/burr_top_ok/burr_top_ok_camera_1_96.png,0,0,0,0,0,test
burr_top_ok_camera_2_1,images/burr_top_ok/burr_top_ok_camera_2_1.png,0,0,0,0,0,train
burr_top_ok_camera_2_10,images/burr_top_ok/burr_top_ok_camera_2_10.png,0,0,0,0,0,train
burr_top_ok_camera_2_11,images/burr_top_ok/burr_top_ok_camera_2_11.png,0,0,0,0,0,test
burr_top_ok_camera_2_12,images/burr_top_ok/burr_top_ok_camera_2_12.png,0,0,0,0,0,train
burr_top_ok_camera_2_13,images/burr_top_ok/burr_top_ok_camera_2_13.png,0,0,0,0,0,train
burr_top_ok_camera_2_14,images/burr_top_ok/burr_top_ok_camera_2_14.png,0,0,0,0,0,train
burr_top_ok_camera_2_15,images/burr_top_ok/burr_top_ok_camera_2_15.png,0,0,0,0,0,train
burr_top_ok_camera_2_16,images/burr_top_ok/burr_top_ok_camera_2_16.png,0,0,0,0,0,val
burr_top_ok_camera_2_17,images/burr_top_ok/burr_top_ok_camera_2_17.png,0,0,0,0,0,train
burr_top_ok_camera_2_2,images/burr_top_ok/burr_top_ok_camera_2_2.png,0,0,0,0,0,val
burr_top_ok_camera_2_21,images/burr_top_ok/burr_top_ok_camera_2_21.png,0,0,0,0,0,val
burr_top_ok_camera_2_22,images/burr_top_ok/burr_top_ok_camera_2_22.png,0,0,0,0,0,val
burr_top_ok_camera_2_23,images/burr_top_ok/burr_top_ok_camera_2_23.png,0,0,0,0,0,train
burr_top_ok_camera_2_25,images/burr_top_ok/burr_top_ok_camera_2_25.png,0,0,0,0,0,train
burr_top_ok_camera_2_26,images/burr_top_ok/burr_top_ok_camera_2_26.png,0,0,0,0,0,val
burr_top_ok_camera_2_27,images/burr_top_ok/burr_top_ok_camera_2_27.png,0,0,0,0,0,train
burr_top_ok_camera_2_28,images/burr_top_ok/burr_top_ok_camera_2_28.png,0,0,0,0,0,train
burr_top_ok_camera_2_29,images/burr_top_ok/burr_top_ok_camera_2_29.png,0,0,0,0,0,train
burr_top_ok_camera_2_3,images/burr_top_ok/burr_top_ok_camera_2_3.png,0,0,0,0,0,train
burr_top_ok_camera_2_30,images/burr_top_ok/burr_top_ok_camera_2_30.png,0,0,0,0,0,train
burr_top_ok_camera_2_31,images/burr_top_ok/burr_top_ok_camera_2_31.png,0,0,0,0,0,train
burr_top_ok_camera_2_32,images/burr_top_ok/burr_top_ok_camera_2_32.png,0,0,0,0,0,train
burr_top_ok_camera_2_33,images/burr_top_ok/burr_top_ok_camera_2_33.png,0,0,0,0,0,val
burr_top_ok_camera_2_34,images/burr_top_ok/burr_top_ok_camera_2_34.png,0,0,0,0,0,train
burr_top_ok_camera_2_35,images/burr_top_ok/burr_top_ok_camera_2_35.png,0,0,0,0,0,train
burr_top_ok_camera_2_36,images/burr_top_ok/burr_top_ok_camera_2_36.png,0,0,0,0,0,train
burr_top_ok_camera_2_37,images/burr_top_ok/burr_top_ok_camera_2_37.png,0,0,0,0,0,val
burr_top_ok_camera_2_38,images/burr_top_ok/burr_top_ok_camera_2_38.png,0,0,0,0,0,test
burr_top_ok_camera_2_39,images/burr_top_ok/burr_top_ok_camera_2_39.png,0,0,0,0,0,train
burr_top_ok_camera_2_4,images/burr_top_ok/burr_top_ok_camera_2_4.png,0,0,0,0,0,val
burr_top_ok_camera_2_40,images/burr_top_ok/burr_top_ok_camera_2_40.png,0,0,0,0,0,train
burr_top_ok_camera_2_41,images/burr_top_ok/burr_top_ok_camera_2_41.png,0,0,0,0,0,train
burr_top_ok_camera_2_42,images/burr_top_ok/burr_top_ok_camera_2_42.png,0,0,0,0,0,train
burr_top_ok_camera_2_43,images/burr_top_ok/burr_top_ok_camera_2_43.png,0,0,0,0,0,val
burr_top_ok_camera_2_44,images/burr_top_ok/burr_top_ok_camera_2_44.png,0,0,0,0,0,train
burr_top_ok_camera_2_45,images/burr_top_ok/burr_top_ok_camera_2_45.png,0,0,0,0,0,train
burr_top_ok_camera_2_46,images/burr_top_ok/burr_top_ok_camera_2_46.png,0,0,0,0,0,train
burr_top_ok_camera_2_47,images/burr_top_ok/burr_top_ok_camera_2_47.png,0,0,0,0,0,train
burr_top_ok_camera_2_48,images/burr_top_ok/burr_top_ok_camera_2_48.png,0,0,0,0,0,val
burr_top_ok_camera_2_49,images/burr_top_ok/burr_top_ok_camera_2_49.png,0,0,0,0,0,test
burr_top_ok_camera_2_5,images/burr_top_ok/burr_top_ok_camera_2_5.png,0,0,0,0,0,val
burr_top_ok_camera_2_50,images/burr_top_ok/burr_top_ok_camera_2_50.png,0,0,0,0,0,train
burr_top_ok_camera_2_51,images/burr_top_ok/burr_top_ok_camera_2_51.png,0,0,0,0,0,train
burr_top_ok_camera_2_52,images/burr_top_ok/burr_top_ok_camera_2_52.png,0,0,0,0,0,train
burr_top_ok_camera_2_53,images/burr_top_ok/burr_top_ok_camera_2_53.png,0,0,0,0,0,val
burr_top_ok_camera_2_54,images/burr_top_ok/burr_top_ok_camera_2_54.png,0,0,0,0,0,train
burr_top_ok_camera_2_55,images/burr_top_ok/burr_top_ok_camera_2_55.png,0,0,0,0,0,train
burr_top_ok_camera_2_56,images/burr_top_ok/burr_top_ok_camera_2_56.png,0,0,0,0,0,test
burr_top_ok_camera_2_57,images/burr_top_ok/burr_top_ok_camera_2_57.png,0,0,0,0,0,train
burr_top_ok_camera_2_58,images/burr_top_ok/burr_top_ok_camera_2_58.png,0,0,0,0,0,train
burr_top_ok_camera_2_59,images/burr_top_ok/burr_top_ok_camera_2_59.png,0,0,0,0,0,val
burr_top_ok_camera_2_6,images/burr_top_ok/burr_top_ok_camera_2_6.png,0,0,0,0,0,train
burr_top_ok_camera_2_60,images/burr_top_ok/burr_top_ok_camera_2_60.png,0,0,0,0,0,train
burr_top_ok_camera_2_61,images/burr_top_ok/burr_top_ok_camera_2_61.png,0,0,0,0,0,test
burr_top_ok_camera_2_62,images/burr_top_ok/burr_top_ok_camera_2_62.png,0,0,0,0,0,train
burr_top_ok_camera_2_63,images/burr_top_ok/burr_top_ok_camera_2_63.png,0,0,0,0,0,train
burr_top_ok_camera_2_64,images/burr_top_ok/burr_top_ok_camera_2_64.png,0,0,0,0,0,val
burr_top_ok_camera_2_65,images/burr_top_ok/burr_top_ok_camera_2_65.png,0,0,0,0,0,train
burr_top_ok_camera_2_66,images/burr_top_ok/burr_top_ok_camera_2_66.png,0,0,0,0,0,train
burr_top_ok_camera_2_67,images/burr_top_ok/burr_top_ok_camera_2_67.png,0,0,0,0,0,train
burr_top_ok_camera_2_68,images/burr_top_ok/burr_top_ok_camera_2_68.png,0,0,0,0,0,train
burr_top_ok_camera_2_69,images/burr_top_ok/burr_top_ok_camera_2_69.png,0,0,0,0,0,train
burr_top_ok_camera_2_7,images/burr_top_ok/burr_top_ok_camera_2_7.png,0,0,0,0,0,train
burr_top_ok_camera_2_70,images/burr_top_ok/burr_top_ok_camera_2_70.png,0,0,0,0,0,train
burr_top_ok_camera_2_71,images/burr_top_ok/burr_top_ok_camera_2_71.png,0,0,0,0,0,train
burr_top_ok_camera_2_72,images/burr_top_ok/burr_top_ok_camera_2_72.png,0,0,0,0,0,train
burr_top_ok_camera_2_73,images/burr_top_ok/burr_top_ok_camera_2_73.png,0,0,0,0,0,train
burr_top_ok_camera_2_74,images/burr_top_ok/burr_top_ok_camera_2_74.png,0,0,0,0,0,val
burr_top_ok_camera_2_75,images/burr_top_ok/burr_top_ok_camera_2_75.png,0,0,0,0,0,train
burr_top_ok_camera_2_76,images/burr_top_ok/burr_top_ok_camera_2_76.png,0,0,0,0,0,train
burr_top_ok_camera_2_77,images/burr_top_ok/burr_top_ok_camera_2_77.png,0,0,0,0,0,train
burr_top_ok_camera_2_78,images/burr_top_ok/burr_top_ok_camera_2_78.png,0,0,0,0,0,train
burr_top_ok_camera_2_79,images/burr_top_ok/burr_top_ok_camera_2_79.png,0,0,0,0,0,train
burr_top_ok_camera_2_8,images/burr_top_ok/burr_top_ok_camera_2_8.png,0,0,0,0,0,test
burr_top_ok_camera_2_80,images/burr_top_ok/burr_top_ok_camera_2_80.png,0,0,0,0,0,val
burr_top_ok_camera_2_81,images/burr_top_ok/burr_top_ok_camera_2_81.png,0,0,0,0,0,train
burr_top_ok_camera_2_82,images/burr_top_ok/burr_top_ok_camera_2_82.png,0,0,0,0,0,train
burr_top_ok_camera_2_83,images/burr_top_ok/burr_top_ok_camera_2_83.png,0,0,0,0,0,train
burr_top_ok_camera_2_84,images/burr_top_ok/burr_top_ok_camera_2_84.png,0,0,0,0,0,val
burr_top_ok_camera_2_85,images/burr_top_ok/burr_top_ok_camera_2_85.png,0,0,0,0,0,test
burr_top_ok_camera_2_86,images/burr_top_ok/burr_top_ok_camera_2_86.png,0,0,0,0,0,train
burr_top_ok_camera_2_87,images/burr_top_ok/burr_top_ok_camera_2_87.png,0,0,0,0,0,train
burr_top_ok_camera_2_88,images/burr_top_ok/burr_top_ok_camera_2_88.png,0,0,0,0,0,train
burr_top_ok_camera_2_89,images/burr_top_ok/burr_top_ok_camera_2_89.png,0,0,0,0,0,train
burr_top_ok_camera_2_9,images/burr_top_ok/burr_top_ok_camera_2_9.png,0,0,0,0,0,val
burr_top_ok_camera_2_90,images/burr_top_ok/burr_top_ok_camera_2_90.png,0,0,0,0,0,test
burr_top_ok_camera_2_91,images/burr_top_ok/burr_top_ok_camera_2_91.png,0,0,0,0,0,val
burr_top_ok_camera_2_92,images/burr_top_ok/burr_top_ok_camera_2_92.png,0,0,0,0,0,train
burr_top_ok_camera_2_93,images/burr_top_ok/burr_top_ok_camera_2_93.png,0,0,0,0,0,train
burr_top_ok_camera_2_94,images/burr_top_ok/burr_top_ok_camera_2_94.png,0,0,0,0,0,val
burr_top_ok_camera_2_95,images/burr_top_ok/burr_top_ok_camera_2_95.png,0,0,0,0,0,train
burr_top_ok_camera_2_96,images/burr_top_ok/burr_top_ok_camera_2_96.png,0,0,0,0,0,train
burr_top_ok_camera_3_1,images/burr_top_ok/burr_top_ok_camera_3_1.png,0,0,0,0,0,train
burr_top_ok_camera_3_10,images/burr_top_ok/burr_top_ok_camera_3_10.png,0,0,0,0,0,test
burr_top_ok_camera_3_11,images/burr_top_ok/burr_top_ok_camera_3_11.png,0,0,0,0,0,train
burr_top_ok_camera_3_12,images/burr_top_ok/burr_top_ok_camera_3_12.png,0,0,0,0,0,train
burr_top_ok_camera_3_13,images/burr_top_ok/burr_top_ok_camera_3_13.png,0,0,0,0,0,val
burr_top_ok_camera_3_14,images/burr_top_ok/burr_top_ok_camera_3_14.png,0,0,0,0,0,train
burr_top_ok_camera_3_15,images/burr_top_ok/burr_top_ok_camera_3_15.png,0,0,0,0,0,val
burr_top_ok_camera_3_16,images/burr_top_ok/burr_top_ok_camera_3_16.png,0,0,0,0,0,train
burr_top_ok_camera_3_17,images/burr_top_ok/burr_top_ok_camera_3_17.png,0,0,0,0,0,val
burr_top_ok_camera_3_18,images/burr_top_ok/burr_top_ok_camera_3_18.png,0,0,0,0,0,train
burr_top_ok_camera_3_19,images/burr_top_ok/burr_top_ok_camera_3_19.png,0,0,0,0,0,val
burr_top_ok_camera_3_2,images/burr_top_ok/burr_top_ok_camera_3_2.png,0,0,0,0,0,train
burr_top_ok_camera_3_20,images/burr_top_ok/burr_top_ok_camera_3_20.png,0,0,0,0,0,val
burr_top_ok_camera_3_21,images/burr_top_ok/burr_top_ok_camera_3_21.png,0,0,0,0,0,train
burr_top_ok_camera_3_22,images/burr_top_ok/burr_top_ok_camera_3_22.png,0,0,0,0,0,train
burr_top_ok_camera_3_23,images/burr_top_ok/burr_top_ok_camera_3_23.png,0,0,0,0,0,train
burr_top_ok_camera_3_24,images/burr_top_ok/burr_top_ok_camera_3_24.png,0,0,0,0,0,train
burr_top_ok_camera_3_25,images/burr_top_ok/burr_top_ok_camera_3_25.png,0,0,0,0,0,train
burr_top_ok_camera_3_26,images/burr_top_ok/burr_top_ok_camera_3_26.png,0,0,0,0,0,train
burr_top_ok_camera_3_27,images/burr_top_ok/burr_top_ok_camera_3_27.png,0,0,0,0,0,val
burr_top_ok_camera_3_28,images/burr_top_ok/burr_top_ok_camera_3_28.png,0,0,0,0,0,val
burr_top_ok_camera_3_29,images/burr_top_ok/burr_top_ok_camera_3_29.png,0,0,0,0,0,val
burr_top_ok_camera_3_3,images/burr_top_ok/burr_top_ok_camera_3_3.png,0,0,0,0,0,train
burr_top_ok_camera_3_30,images/burr_top_ok/burr_top_ok_camera_3_30.png,0,0,0,0,0,train
burr_top_ok_camera_3_31,images/burr_top_ok/burr_top_ok_camera_3_31.png,0,0,0,0,0,train
burr_top_ok_camera_3_32,images/burr_top_ok/burr_top_ok_camera_3_32.png,0,0,0,0,0,val
burr_top_ok_camera_3_33,images/burr_top_ok/burr_top_ok_camera_3_33.png,0,0,0,0,0,train
burr_top_ok_camera_3_34,images/burr_top_ok/burr_top_ok_camera_3_34.png,0,0,0,0,0,train
burr_top_ok_camera_3_35,images/burr_top_ok/burr_top_ok_camera_3_35.png,0,0,0,0,0,train
burr_top_ok_camera_3_36,images/burr_top_ok/burr_top_ok_camera_3_36.png,0,0,0,0,0,train
burr_top_ok_camera_3_37,images/burr_top_ok/burr_top_ok_camera_3_37.png,0,0,0,0,0,train
burr_top_ok_camera_3_38,images/burr_top_ok/burr_top_ok_camera_3_38.png,0,0,0,0,0,val
burr_top_ok_camera_3_39,images/burr_top_ok/burr_top_ok_camera_3_39.png,0,0,0,0,0,train
burr_top_ok_camera_3_4,images/burr_top_ok/burr_top_ok_camera_3_4.png,0,0,0,0,0,train
burr_top_ok_camera_3_40,images/burr_top_ok/burr_top_ok_camera_3_40.png,0,0,0,0,0,val
burr_top_ok_camera_3_41,images/burr_top_ok/burr_top_ok_camera_3_41.png,0,0,0,0,0,train
burr_top_ok_camera_3_42,images/burr_top_ok/burr_top_ok_camera_3_42.png,0,0,0,0,0,train
burr_top_ok_camera_3_43,images/burr_top_ok/burr_top_ok_camera_3_43.png,0,0,0,0,0,train
burr_top_ok_camera_3_44,images/burr_top_ok/burr_top_ok_camera_3_44.png,0,0,0,0,0,val
burr_top_ok_camera_3_45,images/burr_top_ok/burr_top_ok_camera_3_45.png,0,0,0,0,0,train
burr_top_ok_camera_3_46,images/burr_top_ok/burr_top_ok_camera_3_46.png,0,0,0,0,0,train
burr_top_ok_camera_3_47,images/burr_top_ok/burr_top_ok_camera_3_47.png,0,0,0,0,0,test
burr_top_ok_camera_3_48,images/burr_top_ok/burr_top_ok_camera_3_48.png,0,0,0,0,0,train
burr_top_ok_camera_3_49,images/burr_top_ok/burr_top_ok_camera_3_49.png,0,0,0,0,0,train
burr_top_ok_camera_3_5,images/burr_top_ok/burr_top_ok_camera_3_5.png,0,0,0,0,0,train
burr_top_ok_camera_3_50,images/burr_top_ok/burr_top_ok_camera_3_50.png,0,0,0,0,0,test
burr_top_ok_camera_3_51,images/burr_top_ok/burr_top_ok_camera_3_51.png,0,0,0,0,0,train
burr_top_ok_camera_3_52,images/burr_top_ok/burr_top_ok_camera_3_52.png,0,0,0,0,0,val
burr_top_ok_camera_3_53,images/burr_top_ok/burr_top_ok_camera_3_53.png,0,0,0,0,0,val
burr_top_ok_camera_3_54,images/burr_top_ok/burr_top_ok_camera_3_54.png,0,0,0,0,0,train
burr_top_ok_camera_3_55,images/burr_top_ok/burr_top_ok_camera_3_55.png,0,0,0,0,0,train
burr_top_ok_camera_3_56,images/burr_top_ok/burr_top_ok_camera_3_56.png,0,0,0,0,0,train
burr_top_ok_camera_3_57,images/burr_top_ok/burr_top_ok_camera_3_57.png,0,0,0,0,0,val
burr_top_ok_camera_3_58,images/burr_top_ok/burr_top_ok_camera_3_58.png,0,0,0,0,0,train
burr_top_ok_camera_3_59,images/burr_top_ok/burr_top_ok_camera_3_59.png,0,0,0,0,0,train
burr_top_ok_camera_3_6,images/burr_top_ok/burr_top_ok_camera_3_6.png,0,0,0,0,0,train
burr_top_ok_camera_3_60,images/burr_top_ok/burr_top_ok_camera_3_60.png,0,0,0,0,0,train
burr_top_ok_camera_3_61,images/burr_top_ok/burr_top_ok_camera_3_61.png,0,0,0,0,0,train
burr_top_ok_camera_3_62,images/burr_top_ok/burr_top_ok_camera_3_62.png,0,0,0,0,0,test
burr_top_ok_camera_3_63,images/burr_top_ok/burr_top_ok_camera_3_63.png,0,0,0,0,0,train
burr_top_ok_camera_3_64,images/burr_top_ok/burr_top_ok_camera_3_64.png,0,0,0,0,0,train
burr_top_ok_camera_3_65,images/burr_top_ok/burr_top_ok_camera_3_65.png,0,0,0,0,0,train
burr_top_ok_camera_3_66,images/burr_top_ok/burr_top_ok_camera_3_66.png,0,0,0,0,0,test
burr_top_ok_camera_3_67,images/burr_top_ok/burr_top_ok_camera_3_67.png,0,0,0,0,0,train
burr_top_ok_camera_3_68,images/burr_top_ok/burr_top_ok_camera_3_68.png,0,0,0,0,0,train
burr_top_ok_camera_3_69,images/burr_top_ok/burr_top_ok_camera_3_69.png,0,0,0,0,0,train
burr_top_ok_camera_3_7,images/burr_top_ok/burr_top_ok_camera_3_7.png,0,0,0,0,0,train
burr_top_ok_camera_3_70,images/burr_top_ok/burr_top_ok_camera_3_70.png,0,0,0,0,0,train
burr_top_ok_camera_3_71,images/burr_top_ok/burr_top_ok_camera_3_71.png,0,0,0,0,0,val
burr_top_ok_camera_3_72,images/burr_top_ok/burr_top_ok_camera_3_72.png,0,0,0,0,0,train
burr_top_ok_camera_3_73,images/burr_top_ok/burr_top_ok_camera_3_73.png,0,0,0,0,0,train
burr_top_ok_camera_3_74,images/burr_top_ok/burr_top_ok_camera_3_74.png,0,0,0,0,0,val
burr_top_ok_camera_3_75,images/burr_top_ok/burr_top_ok_camera_3_75.png,0,0,0,0,0,train
burr_top_ok_camera_3_76,images/burr_top_ok/burr_top_ok_camera_3_76.png,0,0,0,0,0,train
burr_top_ok_camera_3_77,images/burr_top_ok/burr_top_ok_camera_3_77.png,0,0,0,0,0,train
burr_top_ok_camera_3_78,images/burr_top_ok/burr_top_ok_camera_3_78.png,0,0,0,0,0,train
burr_top_ok_camera_3_79,images/burr_top_ok/burr_top_ok_camera_3_79.png,0,0,0,0,0,test
burr_top_ok_camera_3_8,images/burr_top_ok/burr_top_ok_camera_3_8.png,0,0,0,0,0,train
burr_top_ok_camera_3_80,images/burr_top_ok/burr_top_ok_camera_3_80.png,0,0,0,0,0,train
burr_top_ok_camera_3_81,images/burr_top_ok/burr_top_ok_camera_3_81.png,0,0,0,0,0,val
burr_top_ok_camera_3_82,images/burr_top_ok/burr_top_ok_camera_3_82.png,0,0,0,0,0,train
burr_top_ok_camera_3_83,images/burr_top_ok/burr_top_ok_camera_3_83.png,0,0,0,0,0,test
burr_top_ok_camera_3_84,images/burr_top_ok/burr_top_ok_camera_3_84.png,0,0,0,0,0,val
burr_top_ok_camera_3_85,images/burr_top_ok/burr_top_ok_camera_3_85.png,0,0,0,0,0,test
burr_top_ok_camera_3_86,images/burr_top_ok/burr_top_ok_camera_3_86.png,0,0,0,0,0,train
burr_top_ok_camera_3_87,images/burr_top_ok/burr_top_ok_camera_3_87.png,0,0,0,0,0,train
burr_top_ok_camera_3_88,images/burr_top_ok/burr_top_ok_camera_3_88.png,0,0,0,0,0,train
burr_top_ok_camera_3_89,images/burr_top_ok/burr_top_ok_camera_3_89.png,0,0,0,0,0,test
burr_top_ok_camera_3_9,images/burr_top_ok/burr_top_ok_camera_3_9.png,0,0,0,0,0,train
burr_top_ok_camera_3_90,images/burr_top_ok/burr_top_ok_camera_3_90.png,0,0,0,0,0,train
burr_top_ok_camera_3_91,images/burr_top_ok/burr_top_ok_camera_3_91.png,0,0,0,0,0,val
burr_top_ok_camera_3_92,images/burr_top_ok/burr_top_ok_camera_3_92.png,0,0,0,0,0,train
burr_top_ok_camera_3_93,images/burr_top_ok/burr_top_ok_camera_3_93.png,0,0,0,0,0,val
burr_top_ok_camera_3_94,images/burr_top_ok/burr_top_ok_camera_3_94.png,0,0,0,0,0,test
burr_top_ok_camera_3_95,images/burr_top_ok/burr_top_ok_camera_3_95.png,0,0,0,0,0,train
burr_top_ok_camera_3_96,images/burr_top_ok/burr_top_ok_camera_3_96.png,0,0,0,0,0,train
burr_top_ok_camera_4_1,images/burr_top_ok/burr_top_ok_camera_4_1.png,0,0,0,0,0,train
burr_top_ok_camera_4_10,images/burr_top_ok/burr_top_ok_camera_4_10.png,0,0,0,0,0,train
burr_top_ok_camera_4_11,images/burr_top_ok/burr_top_ok_camera_4_11.png,0,0,0,0,0,train
burr_top_ok_camera_4_12,images/burr_top_ok/burr_top_ok_camera_4_12.png,0,0,0,0,0,train
burr_top_ok_camera_4_13,images/burr_top_ok/burr_top_ok_camera_4_13.png,0,0,0,0,0,train
burr_top_ok_camera_4_14,images/burr_top_ok/burr_top_ok_camera_4_14.png,0,0,0,0,0,train
burr_top_ok_camera_4_15,images/burr_top_ok/burr_top_ok_camera_4_15.png,0,0,0,0,0,train
burr_top_ok_camera_4_16,images/burr_top_ok/burr_top_ok_camera_4_16.png,0,0,0,0,0,train
burr_top_ok_camera_4_2,images/burr_top_ok/burr_top_ok_camera_4_2.png,0,0,0,0,0,train
burr_top_ok_camera_4_20,images/burr_top_ok/burr_top_ok_camera_4_20.png,0,0,0,0,0,train
burr_top_ok_camera_4_21,images/burr_top_ok/burr_top_ok_camera_4_21.png,0,0,0,0,0,train
burr_top_ok_camera_4_22,images/burr_top_ok/burr_top_ok_camera_4_22.png,0,0,0,0,0,train
burr_top_ok_camera_4_24,images/burr_top_ok/burr_top_ok_camera_4_24.png,0,0,0,0,0,test
burr_top_ok_camera_4_25,images/burr_top_ok/burr_top_ok_camera_4_25.png,0,0,0,0,0,train
burr_top_ok_camera_4_26,images/burr_top_ok/burr_top_ok_camera_4_26.png,0,0,0,0,0,test
burr_top_ok_camera_4_27,images/burr_top_ok/burr_top_ok_camera_4_27.png,0,0,0,0,0,train
burr_top_ok_camera_4_28,images/burr_top_ok/burr_top_ok_camera_4_28.png,0,0,0,0,0,train
burr_top_ok_camera_4_29,images/burr_top_ok/burr_top_ok_camera_4_29.png,0,0,0,0,0,train
burr_top_ok_camera_4_3,images/burr_top_ok/burr_top_ok_camera_4_3.png,0,0,0,0,0,train
burr_top_ok_camera_4_30,images/burr_top_ok/burr_top_ok_camera_4_30.png,0,0,0,0,0,train
burr_top_ok_camera_4_31,images/burr_top_ok/burr_top_ok_camera_4_31.png,0,0,0,0,0,train
burr_top_ok_camera_4_32,images/burr_top_ok/burr_top_ok_camera_4_32.png,0,0,0,0,0,val
burr_top_ok_camera_4_33,images/burr_top_ok/burr_top_ok_camera_4_33.png,0,0,0,0,0,train
burr_top_ok_camera_4_34,images/burr_top_ok/burr_top_ok_camera_4_34.png,0,0,0,0,0,val
burr_top_ok_camera_4_35,images/burr_top_ok/burr_top_ok_camera_4_35.png,0,0,0,0,0,train
burr_top_ok_camera_4_36,images/burr_top_ok/burr_top_ok_camera_4_36.png,0,0,0,0,0,val
burr_top_ok_camera_4_37,images/burr_top_ok/burr_top_ok_camera_4_37.png,0,0,0,0,0,val
burr_top_ok_camera_4_38,images/burr_top_ok/burr_top_ok_camera_4_38.png,0,0,0,0,0,val
burr_top_ok_camera_4_39,images/burr_top_ok/burr_top_ok_camera_4_39.png,0,0,0,0,0,val
burr_top_ok_camera_4_4,images/burr_top_ok/burr_top_ok_camera_4_4.png,0,0,0,0,0,val
burr_top_ok_camera_4_40,images/burr_top_ok/burr_top_ok_camera_4_40.png,0,0,0,0,0,val
burr_top_ok_camera_4_41,images/burr_top_ok/burr_top_ok_camera_4_41.png,0,0,0,0,0,test
burr_top_ok_camera_4_42,images/burr_top_ok/burr_top_ok_camera_4_42.png,0,0,0,0,0,train
burr_top_ok_camera_4_43,images/burr_top_ok/burr_top_ok_camera_4_43.png,0,0,0,0,0,train
burr_top_ok_camera_4_44,images/burr_top_ok/burr_top_ok_camera_4_44.png,0,0,0,0,0,train
burr_top_ok_camera_4_45,images/burr_top_ok/burr_top_ok_camera_4_45.png,0,0,0,0,0,train
burr_top_ok_camera_4_46,images/burr_top_ok/burr_top_ok_camera_4_46.png,0,0,0,0,0,val
burr_top_ok_camera_4_47,images/burr_top_ok/burr_top_ok_camera_4_47.png,0,0,0,0,0,train
burr_top_ok_camera_4_48,images/burr_top_ok/burr_top_ok_camera_4_48.png,0,0,0,0,0,train
burr_top_ok_camera_4_49,images/burr_top_ok/burr_top_ok_camera_4_49.png,0,0,0,0,0,train
burr_top_ok_camera_4_5,images/burr_top_ok/burr_top_ok_camera_4_5.png,0,0,0,0,0,train
burr_top_ok_camera_4_50,images/burr_top_ok/burr_top_ok_camera_4_50.png,0,0,0,0,0,test
burr_top_ok_camera_4_51,images/burr_top_ok/burr_top_ok_camera_4_51.png,0,0,0,0,0,val
burr_top_ok_camera_4_52,images/burr_top_ok/burr_top_ok_camera_4_52.png,0,0,0,0,0,train
burr_top_ok_camera_4_53,images/burr_top_ok/burr_top_ok_camera_4_53.png,0,0,0,0,0,train
burr_top_ok_camera_4_54,images/burr_top_ok/burr_top_ok_camera_4_54.png,0,0,0,0,0,train
burr_top_ok_camera_4_55,images/burr_top_ok/burr_top_ok_camera_4_55.png,0,0,0,0,0,train
burr_top_ok_camera_4_56,images/burr_top_ok/burr_top_ok_camera_4_56.png,0,0,0,0,0,train
burr_top_ok_camera_4_57,images/burr_top_ok/burr_top_ok_camera_4_57.png,0,0,0,0,0,val
burr_top_ok_camera_4_58,images/burr_top_ok/burr_top_ok_camera_4_58.png,0,0,0,0,0,train
burr_top_ok_camera_4_59,images/burr_top_ok/burr_top_ok_camera_4_59.png,0,0,0,0,0,train
burr_top_ok_camera_4_6,images/burr_top_ok/burr_top_ok_camera_4_6.png,0,0,0,0,0,train
burr_top_ok_camera_4_60,images/burr_top_ok/burr_top_ok_camera_4_60.png,0,0,0,0,0,val
burr_top_ok_camera_4_61,images/burr_top_ok/burr_top_ok_camera_4_61.png,0,0,0,0,0,test
burr_top_ok_camera_4_62,images/burr_top_ok/burr_top_ok_camera_4_62.png,0,0,0,0,0,train
burr_top_ok_camera_4_63,images/burr_top_ok/burr_top_ok_camera_4_63.png,0,0,0,0,0,train
burr_top_ok_camera_4_64,images/burr_top_ok/burr_top_ok_camera_4_64.png,0,0,0,0,0,train
burr_top_ok_camera_4_65,images/burr_top_ok/burr_top_ok_camera_4_65.png,0,0,0,0,0,train
burr_top_ok_camera_4_66,images/burr_top_ok/burr_top_ok_camera_4_66.png,0,0,0,0,0,train
burr_top_ok_camera_4_67,images/burr_top_ok/burr_top_ok_camera_4_67.png,0,0,0,0,0,val
burr_top_ok_camera_4_68,images/burr_top_ok/burr_top_ok_camera_4_68.png,0,0,0,0,0,val
burr_top_ok_camera_4_69,images/burr_top_ok/burr_top_ok_camera_4_69.png,0,0,0,0,0,train
burr_top_ok_camera_4_7,images/burr_top_ok/burr_top_ok_camera_4_7.png,0,0,0,0,0,val
burr_top_ok_camera_4_70,images/burr_top_ok/burr_top_ok_camera_4_70.png,0,0,0,0,0,train
burr_top_ok_camera_4_71,images/burr_top_ok/burr_top_ok_camera_4_71.png,0,0,0,0,0,val
burr_top_ok_camera_4_72,images/burr_top_ok/burr_top_ok_camera_4_72.png,0,0,0,0,0,val
burr_top_ok_camera_4_73,images/burr_top_ok/burr_top_ok_camera_4_73.png,0,0,0,0,0,val
burr_top_ok_camera_4_74,images/burr_top_ok/burr_top_ok_camera_4_74.png,0,0,0,0,0,train
burr_top_ok_camera_4_75,images/burr_top_ok/burr_top_ok_camera_4_75.png,0,0,0,0,0,train
burr_top_ok_camera_4_76,images/burr_top_ok/burr_top_ok_camera_4_76.png,0,0,0,0,0,train
burr_top_ok_camera_4_77,images/burr_top_ok/burr_top_ok_camera_4_77.png,0,0,0,0,0,train
burr_top_ok_camera_4_78,images/burr_top_ok/burr_top_ok_camera_4_78.png,0,0,0,0,0,val
burr_top_ok_camera_4_79,images/burr_top_ok/burr_top_ok_camera_4_79.png,0,0,0,0,0,val
burr_top_ok_camera_4_8,images/burr_top_ok/burr_top_ok_camera_4_8.png,0,0,0,0,0,test
burr_top_ok_camera_4_80,images/burr_top_ok/burr_top_ok_camera_4_80.png,0,0,0,0,0,train
burr_top_ok_camera_4_81,images/burr_top_ok/burr_top_ok_camera_4_81.png,0,0,0,0,0,train
burr_top_ok_camera_4_82,images/burr_top_ok/burr_top_ok_camera_4_82.png,0,0,0,0,0,train
burr_top_ok_camera_4_83,images/burr_top_ok/burr_top_ok_camera_4_83.png,0,0,0,0,0,train
burr_top_ok_camera_4_84,images/burr_top_ok/burr_top_ok_camera_4_84.png,0,0,0,0,0,val
burr_top_ok_camera_4_85,images/burr_top_ok/burr_top_ok_camera_4_85.png,0,0,0,0,0,val
burr_top_ok_camera_4_86,images/burr_top_ok/burr_top_ok_camera_4_86.png,0,0,0,0,0,train
burr_top_ok_camera_4_87,images/burr_top_ok/burr_top_ok_camera_4_87.png,0,0,0,0,0,val
burr_top_ok_camera_4_88,images/burr_top_ok/burr_top_ok_camera_4_88.png,0,0,0,0,0,train
burr_top_ok_camera_4_89,images/burr_top_ok/burr_top_ok_camera_4_89.png,0,0,0,0,0,train
burr_top_ok_camera_4_9,images/burr_top_ok/burr_top_ok_camera_4_9.png,0,0,0,0,0,train
burr_top_ok_camera_4_90,images/burr_top_ok/burr_top_ok_camera_4_90.png,0,0,0,0,0,val
burr_top_ok_camera_4_91,images/burr_top_ok/burr_top_ok_camera_4_91.png,0,0,0,0,0,train
burr_top_ok_camera_4_92,images/burr_top_ok/burr_top_ok_camera_4_92.png,0,0,0,0,0,test
burr_top_ok_camera_4_93,images/burr_top_ok/burr_top_ok_camera_4_93.png,0,0,0,0,0,val
burr_top_ok_camera_4_94,images/burr_top_ok/burr_top_ok_camera_4_94.png,0,0,0,0,0,train
burr_top_ok_camera_4_95,images/burr_top_ok/burr_top_ok_camera_4_95.png,0,0,0,0,0,train
burr_top_ok_camera_4_96,images/burr_top_ok/burr_top_ok_camera_4_96.png,0,0,0,0,0,train
contamination_ng_camera_1_1,images/contamination_ng/contamination_ng_camera_1_1.png,0,0,0,0,1,train
contamination_ng_camera_1_10,images/contamination_ng/contamination_ng_camera_1_10.png,0,0,0,0,1,train
contamination_ng_camera_1_11,images/contamination_ng/contamination_ng_camera_1_11.png,0,0,0,0,1,train
contamination_ng_camera_1_12,images/contamination_ng/contamination_ng_camera_1_12.png,0,0,0,0,1,train
contamination_ng_camera_1_13,images/contamination_ng/contamination_ng_camera_1_13.png,0,0,0,0,1,train
contamination_ng_camera_1_14,images/contamination_ng/contamination_ng_camera_1_14.png,0,0,0,0,1,train
contamination_ng_camera_1_15,images/contamination_ng/contamination_ng_camera_1_15.png,0,0,0,0,1,train
contamination_ng_camera_1_2,images/contamination_ng/contamination_ng_camera_1_2.png,0,0,0,0,1,train
contamination_ng_camera_1_3,images/contamination_ng/contamination_ng_camera_1_3.png,0,0,0,0,1,val
contamination_ng_camera_1_4,images/contamination_ng/contamination_ng_camera_1_4.png,0,0,0,0,1,train
contamination_ng_camera_1_5,images/contamination_ng/contamination_ng_camera_1_5.png,0,0,0,0,1,train
contamination_ng_camera_1_6,images/contamination_ng/contamination_ng_camera_1_6.png,0,0,0,0,1,val
contamination_ng_camera_1_7,images/contamination_ng/contamination_ng_camera_1_7.png,0,0,0,0,1,test
contamination_ng_camera_1_8,images/contamination_ng/contamination_ng_camera_1_8.png,0,0,0,0,1,train
contamination_ng_camera_1_9,images/contamination_ng/contamination_ng_camera_1_9.png,0,0,0,0,1,val
contamination_ng_camera_2_1,images/contamination_ng/contamination_ng_camera_2_1.png,0,0,0,0,1,test
contamination_ng_camera_2_100,images/contamination_ng/contamination_ng_camera_2_100.png,0,0,0,0,1,train
contamination_ng_camera_2_101,images/contamination_ng/contamination_ng_camera_2_101.png,0,0,0,0,1,train
contamination_ng_camera_2_102,images/contamination_ng/contamination_ng_camera_2_102.png,0,0,0,0,1,train
contamination_ng_camera_2_103,images/contamination_ng/contamination_ng_camera_2_103.png,0,0,0,0,1,train
contamination_ng_camera_2_104,images/contamination_ng/contamination_ng_camera_2_104.png,0,0,0,0,1,train
contamination_ng_camera_2_105,images/contamination_ng/contamination_ng_camera_2_105.png,0,0,0,0,1,train
contamination_ng_camera_2_106,images/contamination_ng/contamination_ng_camera_2_106.png,0,0,0,0,1,val
contamination_ng_camera_2_107,images/contamination_ng/contamination_ng_camera_2_107.png,0,0,0,0,1,val
contamination_ng_camera_2_108,images/contamination_ng/contamination_ng_camera_2_108.png,0,0,0,0,1,train
contamination_ng_camera_2_109,images/contamination_ng/contamination_ng_camera_2_109.png,0,0,0,0,1,test
contamination_ng_camera_2_11,images/contamination_ng/contamination_ng_camera_2_11.png,0,0,0,0,1,train
contamination_ng_camera_2_110,images/contamination_ng/contamination_ng_camera_2_110.png,0,0,0,0,1,test
contamination_ng_camera_2_111,images/contamination_ng/contamination_ng_camera_2_111.png,0,0,0,0,1,train
contamination_ng_camera_2_112,images/contamination_ng/contamination_ng_camera_2_112.png,0,0,0,0,1,train
contamination_ng_camera_2_113,images/contamination_ng/contamination_ng_camera_2_113.png,0,0,0,0,1,train
contamination_ng_camera_2_114,images/contamination_ng/contamination_ng_camera_2_114.png,0,0,0,0,1,train
contamination_ng_camera_2_115,images/contamination_ng/contamination_ng_camera_2_115.png,0,0,0,0,1,train
contamination_ng_camera_2_116,images/contamination_ng/contamination_ng_camera_2_116.png,0,0,0,0,1,train
contamination_ng_camera_2_117,images/contamination_ng/contamination_ng_camera_2_117.png,0,0,0,0,1,train
contamination_ng_camera_2_118,images/contamination_ng/contamination_ng_camera_2_118.png,0,0,0,0,1,train
contamination_ng_camera_2_119,images/contamination_ng/contamination_ng_camera_2_119.png,0,0,0,0,1,test
contamination_ng_camera_2_12,images/contamination_ng/contamination_ng_camera_2_12.png,0,0,0,0,1,train
contamination_ng_camera_2_120,images/contamination_ng/contamination_ng_camera_2_120.png,0,0,0,0,1,train
contamination_ng_camera_2_121,images/contamination_ng/contamination_ng_camera_2_121.png,0,0,0,0,1,test
contamination_ng_camera_2_122,images/contamination_ng/contamination_ng_camera_2_122.png,0,0,0,0,1,train
contamination_ng_camera_2_123,images/contamination_ng/contamination_ng_camera_2_123.png,0,0,0,0,1,val
contamination_ng_camera_2_124,images/contamination_ng/contamination_ng_camera_2_124.png,0,0,0,0,1,train
contamination_ng_camera_2_125,images/contamination_ng/contamination_ng_camera_2_125.png,0,0,0,0,1,train
contamination_ng_camera_2_126,images/contamination_ng/contamination_ng_camera_2_126.png,0,0,0,0,1,train
contamination_ng_camera_2_127,images/contamination_ng/contamination_ng_camera_2_127.png,0,0,0,0,1,train
contamination_ng_camera_2_128,images/contamination_ng/contamination_ng_camera_2_128.png,0,0,0,0,1,train
contamination_ng_camera_2_129,images/contamination_ng/contamination_ng_camera_2_129.png,0,0,0,0,1,train
contamination_ng_camera_2_13,images/contamination_ng/contamination_ng_camera_2_13.png,0,0,0,0,1,train
contamination_ng_camera_2_130,images/contamination_ng/contamination_ng_camera_2_130.png,0,0,0,0,1,train
contamination_ng_camera_2_131,images/contamination_ng/contamination_ng_camera_2_131.png,0,0,0,0,1,val
contamination_ng_camera_2_132,images/contamination_ng/contamination_ng_camera_2_132.png,0,0,0,0,1,train
contamination_ng_camera_2_133,images/contamination_ng/contamination_ng_camera_2_133.png,0,0,0,0,1,train
contamination_ng_camera_2_134,images/contamination_ng/contamination_ng_camera_2_134.png,0,0,0,0,1,train
contamination_ng_camera_2_135,images/contamination_ng/contamination_ng_camera_2_135.png,0,0,0,0,1,val
contamination_ng_camera_2_136,images/contamination_ng/contamination_ng_camera_2_136.png,0,0,0,0,1,train
contamination_ng_camera_2_137,images/contamination_ng/contamination_ng_camera_2_137.png,0,0,0,0,1,train
contamination_ng_camera_2_138,images/contamination_ng/contamination_ng_camera_2_138.png,0,0,0,0,1,train
contamination_ng_camera_2_139,images/contamination_ng/contamination_ng_camera_2_139.png,0,0,0,0,1,train
contamination_ng_camera_2_14,images/contamination_ng/contamination_ng_camera_2_14.png,0,0,0,0,1,val
contamination_ng_camera_2_140,images/contamination_ng/contamination_ng_camera_2_140.png,0,0,0,0,1,train
contamination_ng_camera_2_141,images/contamination_ng/contamination_ng_camera_2_141.png,0,0,0,0,1,val
contamination_ng_camera_2_142,images/contamination_ng/contamination_ng_camera_2_142.png,0,0,0,0,1,train
contamination_ng_camera_2_143,images/contamination_ng/contamination_ng_camera_2_143.png,0,0,0,0,1,train
contamination_ng_camera_2_144,images/contamination_ng/contamination_ng_camera_2_144.png,0,0,0,0,1,train
contamination_ng_camera_2_145,images/contamination_ng/contamination_ng_camera_2_145.png,0,0,0,0,1,val
contamination_ng_camera_2_146,images/contamination_ng/contamination_ng_camera_2_146.png,0,0,0,0,1,val
contamination_ng_camera_2_147,images/contamination_ng/contamination_ng_camera_2_147.png,0,0,0,0,1,train
contamination_ng_camera_2_148,images/contamination_ng/contamination_ng_camera_2_148.png,0,0,0,0,1,train
contamination_ng_camera_2_149,images/contamination_ng/contamination_ng_camera_2_149.png,0,0,0,0,1,test
contamination_ng_camera_2_15,images/contamination_ng/contamination_ng_camera_2_15.png,0,0,0,0,1,train
contamination_ng_camera_2_150,images/contamination_ng/contamination_ng_camera_2_150.png,0,0,0,0,1,train
contamination_ng_camera_2_151,images/contamination_ng/contamination_ng_camera_2_151.png,0,0,0,0,1,train
contamination_ng_camera_2_152,images/contamination_ng/contamination_ng_camera_2_152.png,0,0,0,0,1,train
contamination_ng_camera_2_153,images/contamination_ng/contamination_ng_camera_2_153.png,0,0,0,0,1,train
contamination_ng_camera_2_154,images/contamination_ng/contamination_ng_camera_2_154.png,0,0,0,0,1,train
contamination_ng_camera_2_155,images/contamination_ng/contamination_ng_camera_2_155.png,0,0,0,0,1,val
contamination_ng_camera_2_156,images/contamination_ng/contamination_ng_camera_2_156.png,0,0,0,0,1,train
contamination_ng_camera_2_157,images/contamination_ng/contamination_ng_camera_2_157.png,0,0,0,0,1,val
contamination_ng_camera_2_158,images/contamination_ng/contamination_ng_camera_2_158.png,0,0,0,0,1,val
contamination_ng_camera_2_159,images/contamination_ng/contamination_ng_camera_2_159.png,0,0,0,0,1,train
contamination_ng_camera_2_16,images/contamination_ng/contamination_ng_camera_2_16.png,0,0,0,0,1,train
contamination_ng_camera_2_160,images/contamination_ng/contamination_ng_camera_2_160.png,0,0,0,0,1,val
contamination_ng_camera_2_161,images/contamination_ng/contamination_ng_camera_2_161.png,0,0,0,0,1,val
contamination_ng_camera_2_162,images/contamination_ng/contamination_ng_camera_2_162.png,0,0,0,0,1,val
contamination_ng_camera_2_164,images/contamination_ng/contamination_ng_camera_2_164.png,0,0,0,0,1,train
contamination_ng_camera_2_165,images/contamination_ng/contamination_ng_camera_2_165.png,0,0,0,0,1,test
contamination_ng_camera_2_166,images/contamination_ng/contamination_ng_camera_2_166.png,0,0,0,0,1,train
contamination_ng_camera_2_167,images/contamination_ng/contamination_ng_camera_2_167.png,0,0,0,0,1,train
contamination_ng_camera_2_168,images/contamination_ng/contamination_ng_camera_2_168.png,0,0,0,0,1,train
contamination_ng_camera_2_169,images/contamination_ng/contamination_ng_camera_2_169.png,0,0,0,0,1,val
contamination_ng_camera_2_17,images/contamination_ng/contamination_ng_camera_2_17.png,0,0,0,0,1,train
contamination_ng_camera_2_170,images/contamination_ng/contamination_ng_camera_2_170.png,0,0,0,0,1,train
contamination_ng_camera_2_171,images/contamination_ng/contamination_ng_camera_2_171.png,0,0,0,0,1,train
contamination_ng_camera_2_172,images/contamination_ng/contamination_ng_camera_2_172.png,0,0,0,0,1,train
contamination_ng_camera_2_174,images/contamination_ng/contamination_ng_camera_2_174.png,0,0,0,0,1,train
contamination_ng_camera_2_175,images/contamination_ng/contamination_ng_camera_2_175.png,0,0,0,0,1,test
contamination_ng_camera_2_176,images/contamination_ng/contamination_ng_camera_2_176.png,0,0,0,0,1,train
contamination_ng_camera_2_177,images/contamination_ng/contamination_ng_camera_2_177.png,0,0,0,0,1,train
contamination_ng_camera_2_178,images/contamination_ng/contamination_ng_camera_2_178.png,0,0,0,0,1,val
contamination_ng_camera_2_179,images/contamination_ng/contamination_ng_camera_2_179.png,0,0,0,0,1,train
contamination_ng_camera_2_18,images/contamination_ng/contamination_ng_camera_2_18.png,0,0,0,0,1,train
contamination_ng_camera_2_19,images/contamination_ng/contamination_ng_camera_2_19.png,0,0,0,0,1,val
contamination_ng_camera_2_2,images/contamination_ng/contamination_ng_camera_2_2.png,0,0,0,0,1,val
contamination_ng_camera_2_21,images/contamination_ng/contamination_ng_camera_2_21.png,0,0,0,0,1,train
contamination_ng_camera_2_22,images/contamination_ng/contamination_ng_camera_2_22.png,0,0,0,0,1,train
contamination_ng_camera_2_23,images/contamination_ng/contamination_ng_camera_2_23.png,0,0,0,0,1,val
contamination_ng_camera_2_24,images/contamination_ng/contamination_ng_camera_2_24.png,0,0,0,0,1,train
contamination_ng_camera_2_25,images/contamination_ng/contamination_ng_camera_2_25.png,0,0,0,0,1,train
contamination_ng_camera_2_26,images/contamination_ng/contamination_ng_camera_2_26.png,0,0,0,0,1,train
contamination_ng_camera_2_27,images/contamination_ng/contamination_ng_camera_2_27.png,0,0,0,0,1,train
contamination_ng_camera_2_28,images/contamination_ng/contamination_ng_camera_2_28.png,0,0,0,0,1,train
contamination_ng_camera_2_29,images/contamination_ng/contamination_ng_camera_2_29.png,0,0,0,0,1,val
contamination_ng_camera_2_3,images/contamination_ng/contamination_ng_camera_2_3.png,0,0,0,0,1,train
contamination_ng_camera_2_30,images/contamination_ng/contamination_ng_camera_2_30.png,0,0,0,0,1,train
contamination_ng_camera_2_31,images/contamination_ng/contamination_ng_camera_2_31.png,0,0,0,0,1,val
contamination_ng_camera_2_32,images/contamination_ng/contamination_ng_camera_2_32.png,0,0,0,0,1,val
contamination_ng_camera_2_33,images/contamination_ng/contamination_ng_camera_2_33.png,0,0,0,0,1,val
contamination_ng_camera_2_35,images/contamination_ng/contamination_ng_camera_2_35.png,0,0,0,0,1,val
contamination_ng_camera_2_36,images/contamination_ng/contamination_ng_camera_2_36.png,0,0,0,0,1,train
contamination_ng_camera_2_37,images/contamination_ng/contamination_ng_camera_2_37.png,0,0,0,0,1,train
contamination_ng_camera_2_38,images/contamination_ng/contamination_ng_camera_2_38.png,0,0,0,0,1,train
contamination_ng_camera_2_39,images/contamination_ng/contamination_ng_camera_2_39.png,0,0,0,0,1,train
contamination_ng_camera_2_4,images/contamination_ng/contamination_ng_camera_2_4.png,0,0,0,0,1,train
contamination_ng_camera_2_40,images/contamination_ng/contamination_ng_camera_2_40.png,0,0,0,0,1,test
contamination_ng_camera_2_43,images/contamination_ng/contamination_ng_camera_2_43.png,0,0,0,0,1,val
contamination_ng_camera_2_44,images/contamination_ng/contamination_ng_camera_2_44.png,0,0,0,0,1,test
contamination_ng_camera_2_45,images/contamination_ng/contamination_ng_camera_2_45.png,0,0,0,0,1,train
contamination_ng_camera_2_47,images/contamination_ng/contamination_ng_camera_2_47.png,0,0,0,0,1,train
contamination_ng_camera_2_48,images/contamination_ng/contamination_ng_camera_2_48.png,0,0,0,0,1,train
contamination_ng_camera_2_49,images/contamination_ng/contamination_ng_camera_2_49.png,0,0,0,0,1,val
contamination_ng_camera_2_5,images/contamination_ng/contamination_ng_camera_2_5.png,0,0,0,0,1,train
contamination_ng_camera_2_50,images/contamination_ng/contamination_ng_camera_2_50.png,0,0,0,0,1,train
contamination_ng_camera_2_51,images/contamination_ng/contamination_ng_camera_2_51.png,0,0,0,0,1,train
contamination_ng_camera_2_52,images/contamination_ng/contamination_ng_camera_2_52.png,0,0,0,0,1,train
contamination_ng_camera_2_53,images/contamination_ng/contamination_ng_camera_2_53.png,0,0,0,0,1,train
contamination_ng_camera_2_54,images/contamination_ng/contamination_ng_camera_2_54.png,0,0,0,0,1,train
contamination_ng_camera_2_55,images/contamination_ng/contamination_ng_camera_2_55.png,0,0,0,0,1,test
contamination_ng_camera_2_56,images/contamination_ng/contamination_ng_camera_2_56.png,0,0,0,0,1,test
contamination_ng_camera_2_57,images/contamination_ng/contamination_ng_camera_2_57.png,0,0,0,0,1,train
contamination_ng_camera_2_58,images/contamination_ng/contamination_ng_camera_2_58.png,0,0,0,0,1,train
contamination_ng_camera_2_59,images/contamination_ng/contamination_ng_camera_2_59.png,0,0,0,0,1,train
contamination_ng_camera_2_6,images/contamination_ng/contamination_ng_camera_2_6.png,0,0,0,0,1,train
contamination_ng_camera_2_60,images/contamination_ng/contamination_ng_camera_2_60.png,0,0,0,0,1,train
contamination_ng_camera_2_61,images/contamination_ng/contamination_ng_camera_2_61.png,0,0,0,0,1,train
contamination_ng_camera_2_62,images/contamination_ng/contamination_ng_camera_2_62.png,0,0,0,0,1,train
contamination_ng_camera_2_63,images/contamination_ng/contamination_ng_camera_2_63.png,0,0,0,0,1,train
contamination_ng_camera_2_64,images/contamination_ng/contamination_ng_camera_2_64.png,0,0,0,0,1,train
contamination_ng_camera_2_65,images/contamination_ng/contamination_ng_camera_2_65.png,0,0,0,0,1,train
contamination_ng_camera_2_66,images/contamination_ng/contamination_ng_camera_2_66.png,0,0,0,0,1,train
contamination_ng_camera_2_67,images/contamination_ng/contamination_ng_camera_2_67.png,0,0,0,0,1,test
contamination_ng_camera_2_68,images/contamination_ng/contamination_ng_camera_2_68.png,0,0,0,0,1,val
contamination_ng_camera_2_69,images/contamination_ng/contamination_ng_camera_2_69.png,0,0,0,0,1,train
contamination_ng_camera_2_7,images/contamination_ng/contamination_ng_camera_2_7.png,0,0,0,0,1,test
contamination_ng_camera_2_70,images/contamination_ng/contamination_ng_camera_2_70.png,0,0,0,0,1,train
contamination_ng_camera_2_71,images/contamination_ng/contamination_ng_camera_2_71.png,0,0,0,0,1,train
contamination_ng_camera_2_72,images/contamination_ng/contamination_ng_camera_2_72.png,0,0,0,0,1,val
contamination_ng_camera_2_73,images/contamination_ng/contamination_ng_camera_2_73.png,0,0,0,0,1,train
contamination_ng_camera_2_74,images/contamination_ng/contamination_ng_camera_2_74.png,0,0,0,0,1,test
contamination_ng_camera_2_75,images/contamination_ng/contamination_ng_camera_2_75.png,0,0,0,0,1,train
contamination_ng_camera_2_76,images/contamination_ng/contamination_ng_camera_2_76.png,0,0,0,0,1,train
contamination_ng_camera_2_77,images/contamination_ng/contamination_ng_camera_2_77.png,0,0,0,0,1,train
contamination_ng_camera_2_78,images/contamination_ng/contamination_ng_camera_2_78.png,0,0,0,0,1,test
contamination_ng_camera_2_79,images/contamination_ng/contamination_ng_camera_2_79.png,0,0,0,0,1,train
contamination_ng_camera_2_8,images/contamination_ng/contamination_ng_camera_2_8.png,0,0,0,0,1,train
contamination_ng_camera_2_80,images/contamination_ng/contamination_ng_camera_2_80.png,0,0,0,0,1,train
contamination_ng_camera_2_81,images/contamination_ng/contamination_ng_camera_2_81.png,0,0,0,0,1,train
contamination_ng_camera_2_82,images/contamination_ng/contamination_ng_camera_2_82.png,0,0,0,0,1,val
contamination_ng_camera_2_83,images/contamination_ng/contamination_ng_camera_2_83.png,0,0,0,0,1,train
contamination_ng_camera_2_84,images/contamination_ng/contamination_ng_camera_2_84.png,0,0,0,0,1,train
contamination_ng_camera_2_85,images/contamination_ng/contamination_ng_camera_2_85.png,0,0,0,0,1,train
contamination_ng_camera_2_86,images/contamination_ng/contamination_ng_camera_2_86.png,0,0,0,0,1,train
contamination_ng_camera_2_87,images/contamination_ng/contamination_ng_camera_2_87.png,0,0,0,0,1,val
contamination_ng_camera_2_88,images/contamination_ng/contamination_ng_camera_2_88.png,0,0,0,0,1,train
contamination_ng_camera_2_89,images/contamination_ng/contamination_ng_camera_2_89.png,0,0,0,0,1,test
contamination_ng_camera_2_9,images/contamination_ng/contamination_ng_camera_2_9.png,0,0,0,0,1,train
contamination_ng_camera_2_90,images/contamination_ng/contamination_ng_camera_2_90.png,0,0,0,0,1,train
contamination_ng_camera_2_91,images/contamination_ng/contamination_ng_camera_2_91.png,0,0,0,0,1,train
contamination_ng_camera_2_92,images/contamination_ng/contamination_ng_camera_2_92.png,0,0,0,0,1,train
contamination_ng_camera_2_93,images/contamination_ng/contamination_ng_camera_2_93.png,0,0,0,0,1,val
contamination_ng_camera_2_94,images/contamination_ng/contamination_ng_camera_2_94.png,0,0,0,0,1,train
contamination_ng_camera_2_95,images/contamination_ng/contamination_ng_camera_2_95.png,0,0,0,0,1,train
contamination_ng_camera_2_96,images/contamination_ng/contamination_ng_camera_2_96.png,0,0,0,0,1,train
contamination_ng_camera_2_97,images/contamination_ng/contamination_ng_camera_2_97.png,0,0,0,0,1,val
contamination_ng_camera_2_98,images/contamination_ng/contamination_ng_camera_2_98.png,0,0,0,0,1,train
contamination_ng_camera_2_99,images/contamination_ng/contamination_ng_camera_2_99.png,0,0,0,0,1,val
contamination_ng_camera_3_1,images/contamination_ng/contamination_ng_camera_3_1.png,0,0,0,0,1,train
contamination_ng_camera_3_10,images/contamination_ng/contamination_ng_camera_3_10.png,0,0,0,0,1,train
contamination_ng_camera_3_100,images/contamination_ng/contamination_ng_camera_3_100.png,0,0,0,0,1,train
contamination_ng_camera_3_101,images/contamination_ng/contamination_ng_camera_3_101.png,0,0,0,0,1,test
contamination_ng_camera_3_102,images/contamination_ng/contamination_ng_camera_3_102.png,0,0,0,0,1,train
contamination_ng_camera_3_103,images/contamination_ng/contamination_ng_camera_3_103.png,0,0,0,0,1,train
contamination_ng_camera_3_104,images/contamination_ng/contamination_ng_camera_3_104.png,0,0,0,0,1,train
contamination_ng_camera_3_105,images/contamination_ng/contamination_ng_camera_3_105.png,0,0,0,0,1,val
contamination_ng_camera_3_106,images/contamination_ng/contamination_ng_camera_3_106.png,0,0,0,0,1,train
contamination_ng_camera_3_107,images/contamination_ng/contamination_ng_camera_3_107.png,0,0,0,0,1,train
contamination_ng_camera_3_108,images/contamination_ng/contamination_ng_camera_3_108.png,0,0,0,0,1,train
contamination_ng_camera_3_109,images/contamination_ng/contamination_ng_camera_3_109.png,0,0,0,0,1,val
contamination_ng_camera_3_11,images/contamination_ng/contamination_ng_camera_3_11.png,0,0,0,0,1,val
contamination_ng_camera_3_110,images/contamination_ng/contamination_ng_camera_3_110.png,0,0,0,0,1,train
contamination_ng_camera_3_111,images/contamination_ng/contamination_ng_camera_3_111.png,0,0,0,0,1,train
contamination_ng_camera_3_112,images/contamination_ng/contamination_ng_camera_3_112.png,0,0,0,0,1,train
contamination_ng_camera_3_113,images/contamination_ng/contamination_ng_camera_3_113.png,0,0,0,0,1,train
contamination_ng_camera_3_114,images/contamination_ng/contamination_ng_camera_3_114.png,0,0,0,0,1,train
contamination_ng_camera_3_115,images/contamination_ng/contamination_ng_camera_3_115.png,0,0,0,0,1,train
contamination_ng_camera_3_116,images/contamination_ng/contamination_ng_camera_3_116.png,0,0,0,0,1,train
contamination_ng_camera_3_117,images/contamination_ng/contamination_ng_camera_3_117.png,0,0,0,0,1,train
contamination_ng_camera_3_118,images/contamination_ng/contamination_ng_camera_3_118.png,0,0,0,0,1,val
contamination_ng_camera_3_119,images/contamination_ng/contamination_ng_camera_3_119.png,0,0,0,0,1,val
contamination_ng_camera_3_12,images/contamination_ng/contamination_ng_camera_3_12.png,0,0,0,0,1,test
contamination_ng_camera_3_120,images/contamination_ng/contamination_ng_camera_3_120.png,0,0,0,0,1,train
contamination_ng_camera_3_121,images/contamination_ng/contamination_ng_camera_3_121.png,0,0,0,0,1,val
contamination_ng_camera_3_122,images/contamination_ng/contamination_ng_camera_3_122.png,0,0,0,0,1,train
contamination_ng_camera_3_123,images/contamination_ng/contamination_ng_camera_3_123.png,0,0,0,0,1,train
contamination_ng_camera_3_124,images/contamination_ng/contamination_ng_camera_3_124.png,0,0,0,0,1,val
contamination_ng_camera_3_125,images/contamination_ng/contamination_ng_camera_3_125.png,0,0,0,0,1,train
contamination_ng_camera_3_126,images/contamination_ng/contamination_ng_camera_3_126.png,0,0,0,0,1,train
contamination_ng_camera_3_127,images/contamination_ng/contamination_ng_camera_3_127.png,0,0,0,0,1,val
contamination_ng_camera_3_128,images/contamination_ng/contamination_ng_camera_3_128.png,0,0,0,0,1,train
contamination_ng_camera_3_129,images/contamination_ng/contamination_ng_camera_3_129.png,0,0,0,0,1,val
contamination_ng_camera_3_13,images/contamination_ng/contamination_ng_camera_3_13.png,0,0,0,0,1,test
contamination_ng_camera_3_130,images/contamination_ng/contamination_ng_camera_3_130.png,0,0,0,0,1,train
contamination_ng_camera_3_131,images/contamination_ng/contamination_ng_camera_3_131.png,0,0,0,0,1,val
contamination_ng_camera_3_132,images/contamination_ng/contamination_ng_camera_3_132.png,0,0,0,0,1,train
contamination_ng_camera_3_133,images/contamination_ng/contamination_ng_camera_3_133.png,0,0,0,0,1,test
contamination_ng_camera_3_134,images/contamination_ng/contamination_ng_camera_3_134.png,0,0,0,0,1,train
contamination_ng_camera_3_135,images/contamination_ng/contamination_ng_camera_3_135.png,0,0,0,0,1,train
contamination_ng_camera_3_136,images/contamination_ng/contamination_ng_camera_3_136.png,0,0,0,0,1,train
contamination_ng_camera_3_137,images/contamination_ng/contamination_ng_camera_3_137.png,0,0,0,0,1,val
contamination_ng_camera_3_138,images/contamination_ng/contamination_ng_camera_3_138.png,0,0,0,0,1,train
contamination_ng_camera_3_139,images/contamination_ng/contamination_ng_camera_3_139.png,0,0,0,0,1,train
contamination_ng_camera_3_14,images/contamination_ng/contamination_ng_camera_3_14.png,0,0,0,0,1,val
contamination_ng_camera_3_140,images/contamination_ng/contamination_ng_camera_3_140.png,0,0,0,0,1,train
contamination_ng_camera_3_141,images/contamination_ng/contamination_ng_camera_3_141.png,0,0,0,0,1,train
contamination_ng_camera_3_142,images/contamination_ng/contamination_ng_camera_3_142.png,0,0,0,0,1,train
contamination_ng_camera_3_143,images/contamination_ng/contamination_ng_camera_3_143.png,0,0,0,0,1,test
contamination_ng_camera_3_144,images/contamination_ng/contamination_ng_camera_3_144.png,0,0,0,0,1,train
contamination_ng_camera_3_145,images/contamination_ng/contamination_ng_camera_3_145.png,0,0,0,0,1,train
contamination_ng_camera_3_146,images/contamination_ng/contamination_ng_camera_3_146.png,0,0,0,0,1,train
contamination_ng_camera_3_147,images/contamination_ng/contamination_ng_camera_3_147.png,0,0,0,0,1,train
contamination_ng_camera_3_148,images/contamination_ng/contamination_ng_camera_3_148.png,0,0,0,0,1,train
contamination_ng_camera_3_149,images/contamination_ng/contamination_ng_camera_3_149.png,0,0,0,0,1,train
contamination_ng_camera_3_15,images/contamination_ng/contamination_ng_camera_3_15.png,0,0,0,0,1,train
contamination_ng_camera_3_150,images/contamination_ng/contamination_ng_camera_3_150.png,0,0,0,0,1,train
contamination_ng_camera_3_151,images/contamination_ng/contamination_ng_camera_3_151.png,0,0,0,0,1,train
contamination_ng_camera_3_152,images/contamination_ng/contamination_ng_camera_3_152.png,0,0,0,0,1,train
contamination_ng_camera_3_153,images/contamination_ng/contamination_ng_camera_3_153.png,0,0,0,0,1,val
contamination_ng_camera_3_154,images/contamination_ng/contamination_ng_camera_3_154.png,0,0,0,0,1,val
contamination_ng_camera_3_155,images/contamination_ng/contamination_ng_camera_3_155.png,0,0,0,0,1,test
contamination_ng_camera_3_156,images/contamination_ng/contamination_ng_camera_3_156.png,0,0,0,0,1,train
contamination_ng_camera_3_157,images/contamination_ng/contamination_ng_camera_3_157.png,0,0,0,0,1,train
contamination_ng_camera_3_16,images/contamination_ng/contamination_ng_camera_3_16.png,0,0,0,0,1,train
contamination_ng_camera_3_17,images/contamination_ng/contamination_ng_camera_3_17.png,0,0,0,0,1,train
contamination_ng_camera_3_18,images/contamination_ng/contamination_ng_camera_3_18.png,0,0,0,0,1,train
contamination_ng_camera_3_19,images/contamination_ng/contamination_ng_camera_3_19.png,0,0,0,0,1,train
contamination_ng_camera_3_2,images/contamination_ng/contamination_ng_camera_3_2.png,0,0,0,0,1,test
contamination_ng_camera_3_20,images/contamination_ng/contamination_ng_camera_3_20.png,0,0,0,0,1,val
contamination_ng_camera_3_21,images/contamination_ng/contamination_ng_camera_3_21.png,0,0,0,0,1,train
contamination_ng_camera_3_22,images/contamination_ng/contamination_ng_camera_3_22.png,0,0,0,0,1,train
contamination_ng_camera_3_23,images/contamination_ng/contamination_ng_camera_3_23.png,0,0,0,0,1,train
contamination_ng_camera_3_24,images/contamination_ng/contamination_ng_camera_3_24.png,0,0,0,0,1,train
contamination_ng_camera_3_25,images/contamination_ng/contamination_ng_camera_3_25.png,0,0,0,0,1,train
contamination_ng_camera_3_26,images/contamination_ng/contamination_ng_camera_3_26.png,0,0,0,0,1,train
contamination_ng_camera_3_27,images/contamination_ng/contamination_ng_camera_3_27.png,0,0,0,0,1,test
contamination_ng_camera_3_28,images/contamination_ng/contamination_ng_camera_3_28.png,0,0,0,0,1,test
contamination_ng_camera_3_29,images/contamination_ng/contamination_ng_camera_3_29.png,0,0,0,0,1,val
contamination_ng_camera_3_3,images/contamination_ng/contamination_ng_camera_3_3.png,0,0,0,0,1,train
contamination_ng_camera_3_30,images/contamination_ng/contamination_ng_camera_3_30.png,0,0,0,0,1,train
contamination_ng_camera_3_31,images/contamination_ng/contamination_ng_camera_3_31.png,0,0,0,0,1,val
contamination_ng_camera_3_32,images/contamination_ng/contamination_ng_camera_3_32.png,0,0,0,0,1,train
contamination_ng_camera_3_33,images/contamination_ng/contamination_ng_camera_3_33.png,0,0,0,0,1,train
contamination_ng_camera_3_34,images/contamination_ng/contamination_ng_camera_3_34.png,0,0,0,0,1,train
contamination_ng_camera_3_35,images/contamination_ng/contamination_ng_camera_3_35.png,0,0,0,0,1,train
contamination_ng_camera_3_36,images/contamination_ng/contamination_ng_camera_3_36.png,0,0,0,0,1,train
contamination_ng_camera_3_37,images/contamination_ng/contamination_ng_camera_3_37.png,0,0,0,0,1,train
contamination_ng_camera_3_38,images/contamination_ng/contamination_ng_camera_3_38.png,0,0,0,0,1,train
contamination_ng_camera_3_39,images/contamination_ng/contamination_ng_camera_3_39.png,0,0,0,0,1,test
contamination_ng_camera_3_4,images/contamination_ng/contamination_ng_camera_3_4.png,0,0,0,0,1,train
contamination_ng_camera_3_40,images/contamination_ng/contamination_ng_camera_3_40.png,0,0,0,0,1,train
contamination_ng_camera_3_41,images/contamination_ng/contamination_ng_camera_3_41.png,0,0,0,0,1,val
contamination_ng_camera_3_42,images/contamination_ng/contamination_ng_camera_3_42.png,0,0,0,0,1,train
contamination_ng_camera_3_43,images/contamination_ng/contamination_ng_camera_3_43.png,0,0,0,0,1,train
contamination_ng_camera_3_44,images/contamination_ng/contamination_ng_camera_3_44.png,0,0,0,0,1,train
contamination_ng_camera_3_45,images/contamination_ng/contamination_ng_camera_3_45.png,0,0,0,0,1,train
contamination_ng_camera_3_46,images/contamination_ng/contamination_ng_camera_3_46.png,0,0,0,0,1,train
contamination_ng_camera_3_47,images/contamination_ng/contamination_ng_camera_3_47.png,0,0,0,0,1,train
contamination_ng_camera_3_48,images/contamination_ng/contamination_ng_camera_3_48.png,0,0,0,0,1,train
contamination_ng_camera_3_49,images/contamination_ng/contamination_ng_camera_3_49.png,0,0,0,0,1,train
contamination_ng_camera_3_5,images/contamination_ng/contamination_ng_camera_3_5.png,0,0,0,0,1,train
contamination_ng_camera_3_50,images/contamination_ng/contamination_ng_camera_3_50.png,0,0,0,0,1,test
contamination_ng_camera_3_51,images/contamination_ng/contamination_ng_camera_3_51.png,0,0,0,0,1,val
contamination_ng_camera_3_52,images/contamination_ng/contamination_ng_camera_3_52.png,0,0,0,0,1,val
contamination_ng_camera_3_53,images/contamination_ng/contamination_ng_camera_3_53.png,0,0,0,0,1,val
contamination_ng_camera_3_54,images/contamination_ng/contamination_ng_camera_3_54.png,0,0,0,0,1,train
contamination_ng_camera_3_55,images/contamination_ng/contamination_ng_camera_3_55.png,0,0,0,0,1,train
contamination_ng_camera_3_56,images/contamination_ng/contamination_ng_camera_3_56.png,0,0,0,0,1,train
contamination_ng_camera_3_57,images/contamination_ng/contamination_ng_camera_3_57.png,0,0,0,0,1,train
contamination_ng_camera_3_58,images/contamination_ng/contamination_ng_camera_3_58.png,0,0,0,0,1,train
contamination_ng_camera_3_59,images/contamination_ng/contamination_ng_camera_3_59.png,0,0,0,0,1,train
contamination_ng_camera_3_6,images/contamination_ng/contamination_ng_camera_3_6.png,0,0,0,0,1,test
contamination_ng_camera_3_60,images/contamination_ng/contamination_ng_camera_3_60.png,0,0,0,0,1,test
contamination_ng_camera_3_61,images/contamination_ng/contamination_ng_camera_3_61.png,0,0,0,0,1,train
contamination_ng_camera_3_62,images/contamination_ng/contamination_ng_camera_3_62.png,0,0,0,0,1,val
contamination_ng_camera_3_63,images/contamination_ng/contamination_ng_camera_3_63.png,0,0,0,0,1,train
contamination_ng_camera_3_64,images/contamination_ng/contamination_ng_camera_3_64.png,0,0,0,0,1,train
contamination_ng_camera_3_65,images/contamination_ng/contamination_ng_camera_3_65.png,0,0,0,0,1,val
contamination_ng_camera_3_66,images/contamination_ng/contamination_ng_camera_3_66.png,0,0,0,0,1,train
contamination_ng_camera_3_67,images/contamination_ng/contamination_ng_camera_3_67.png,0,0,0,0,1,val
contamination_ng_camera_3_68,images/contamination_ng/contamination_ng_camera_3_68.png,0,0,0,0,1,test
contamination_ng_camera_3_69,images/contamination_ng/contamination_ng_camera_3_69.png,0,0,0,0,1,train
contamination_ng_camera_3_7,images/contamination_ng/contamination_ng_camera_3_7.png,0,0,0,0,1,val
contamination_ng_camera_3_70,images/contamination_ng/contamination_ng_camera_3_70.png,0,0,0,0,1,train
contamination_ng_camera_3_71,images/contamination_ng/contamination_ng_camera_3_71.png,0,0,0,0,1,val
contamination_ng_camera_3_72,images/contamination_ng/contamination_ng_camera_3_72.png,0,0,0,0,1,train
contamination_ng_camera_3_73,images/contamination_ng/contamination_ng_camera_3_73.png,0,0,0,0,1,train
contamination_ng_camera_3_74,images/contamination_ng/contamination_ng_camera_3_74.png,0,0,0,0,1,train
contamination_ng_camera_3_75,images/contamination_ng/contamination_ng_camera_3_75.png,0,0,0,0,1,test
contamination_ng_camera_3_76,images/contamination_ng/contamination_ng_camera_3_76.png,0,0,0,0,1,train
contamination_ng_camera_3_77,images/contamination_ng/contamination_ng_camera_3_77.png,0,0,0,0,1,train
contamination_ng_camera_3_78,images/contamination_ng/contamination_ng_camera_3_78.png,0,0,0,0,1,val
contamination_ng_camera_3_79,images/contamination_ng/contamination_ng_camera_3_79.png,0,0,0,0,1,train
contamination_ng_camera_3_8,images/contamination_ng/contamination_ng_camera_3_8.png,0,0,0,0,1,train
contamination_ng_camera_3_80,images/contamination_ng/contamination_ng_camera_3_80.png,0,0,0,0,1,train
contamination_ng_camera_3_81,images/contamination_ng/contamination_ng_camera_3_81.png,0,0,0,0,1,train
contamination_ng_camera_3_82,images/contamination_ng/contamination_ng_camera_3_82.png,0,0,0,0,1,val
contamination_ng_camera_3_83,images/contamination_ng/contamination_ng_camera_3_83.png,0,0,0,0,1,val
contamination_ng_camera_3_84,images/contamination_ng/contamination_ng_camera_3_84.png,0,0,0,0,1,train
contamination_ng_camera_3_85,images/contamination_ng/contamination_ng_camera_3_85.png,0,0,0,0,1,train
contamination_ng_camera_3_86,images/contamination_ng/contamination_ng_camera_3_86.png,0,0,0,0,1,train
contamination_ng_camera_3_87,images/contamination_ng/contamination_ng_camera_3_87.png,0,0,0,0,1,val
contamination_ng_camera_3_88,images/contamination_ng/contamination_ng_camera_3_88.png,0,0,0,0,1,train
contamination_ng_camera_3_89,images/contamination_ng/contamination_ng_camera_3_89.png,0,0,0,0,1,val
contamination_ng_camera_3_9,images/contamination_ng/contamination_ng_camera_3_9.png,0,0,0,0,1,train
contamination_ng_camera_3_90,images/contamination_ng/contamination_ng_camera_3_90.png,0,0,0,0,1,train
contamination_ng_camera_3_91,images/contamination_ng/contamination_ng_camera_3_91.png,0,0,0,0,1,train
contamination_ng_camera_3_92,images/contamination_ng/contamination_ng_camera_3_92.png,0,0,0,0,1,train
contamination_ng_camera_3_93,images/contamination_ng/contamination_ng_camera_3_93.png,0,0,0,0,1,train
contamination_ng_camera_3_94,images/contamination_ng/contamination_ng_camera_3_94.png,0,0,0,0,1,test
contamination_ng_camera_3_95,images/contamination_ng/contamination_ng_camera_3_95.png,0,0,0,0,1,train
contamination_ng_camera_3_96,images/contamination_ng/contamination_ng_camera_3_96.png,0,0,0,0,1,train
contamination_ng_camera_3_97,images/contamination_ng/contamination_ng_camera_3_97.png,0,0,0,0,1,train
contamination_ng_camera_3_98,images/contamination_ng/contamination_ng_camera_3_98.png,0,0,0,0,1,train
contamination_ng_camera_3_99,images/contamination_ng/contamination_ng_camera_3_99.png,0,0,0,0,1,train
contamination_ng_camera_4_1,images/contamination_ng/contamination_ng_camera_4_1.png,0,0,0,0,1,val
contamination_ng_camera_4_10,images/contamination_ng/contamination_ng_camera_4_10.png,0,0,0,0,1,train
contamination_ng_camera_4_100,images/contamination_ng/contamination_ng_camera_4_100.png,0,0,0,0,1,train
contamination_ng_camera_4_101,images/contamination_ng/contamination_ng_camera_4_101.png,0,0,0,0,1,train
contamination_ng_camera_4_102,images/contamination_ng/contamination_ng_camera_4_102.png,0,0,0,0,1,val
contamination_ng_camera_4_103,images/contamination_ng/contamination_ng_camera_4_103.png,0,0,0,0,1,test
contamination_ng_camera_4_104,images/contamination_ng/contamination_ng_camera_4_104.png,0,0,0,0,1,train
contamination_ng_camera_4_105,images/contamination_ng/contamination_ng_camera_4_105.png,0,0,0,0,1,train
contamination_ng_camera_4_106,images/contamination_ng/contamination_ng_camera_4_106.png,0,0,0,0,1,train
contamination_ng_camera_4_107,images/contamination_ng/contamination_ng_camera_4_107.png,0,0,0,0,1,train
contamination_ng_camera_4_108,images/contamination_ng/contamination_ng_camera_4_108.png,0,0,0,0,1,val
contamination_ng_camera_4_109,images/contamination_ng/contamination_ng_camera_4_109.png,0,0,0,0,1,train
contamination_ng_camera_4_11,images/contamination_ng/contamination_ng_camera_4_11.png,0,0,0,0,1,val
contamination_ng_camera_4_110,images/contamination_ng/contamination_ng_camera_4_110.png,0,0,0,0,1,train
contamination_ng_camera_4_111,images/contamination_ng/contamination_ng_camera_4_111.png,0,0,0,0,1,val
contamination_ng_camera_4_112,images/contamination_ng/contamination_ng_camera_4_112.png,0,0,0,0,1,val
contamination_ng_camera_4_113,images/contamination_ng/contamination_ng_camera_4_113.png,0,0,0,0,1,val
contamination_ng_camera_4_114,images/contamination_ng/contamination_ng_camera_4_114.png,0,0,0,0,1,train
contamination_ng_camera_4_115,images/contamination_ng/contamination_ng_camera_4_115.png,0,0,0,0,1,train
contamination_ng_camera_4_116,images/contamination_ng/contamination_ng_camera_4_116.png,0,0,0,0,1,val
contamination_ng_camera_4_117,images/contamination_ng/contamination_ng_camera_4_117.png,0,0,0,0,1,train
contamination_ng_camera_4_118,images/contamination_ng/contamination_ng_camera_4_118.png,0,0,0,0,1,val
contamination_ng_camera_4_119,images/contamination_ng/contamination_ng_camera_4_119.png,0,0,0,0,1,val
contamination_ng_camera_4_12,images/contamination_ng/contamination_ng_camera_4_12.png,0,0,0,0,1,test
contamination_ng_camera_4_120,images/contamination_ng/contamination_ng_camera_4_120.png,0,0,0,0,1,val
contamination_ng_camera_4_121,images/contamination_ng/contamination_ng_camera_4_121.png,0,0,0,0,1,train
contamination_ng_camera_4_122,images/contamination_ng/contamination_ng_camera_4_122.png,0,0,0,0,1,train
contamination_ng_camera_4_123,images/contamination_ng/contamination_ng_camera_4_123.png,0,0,0,0,1,train
contamination_ng_camera_4_124,images/contamination_ng/contamination_ng_camera_4_124.png,0,0,0,0,1,train
contamination_ng_camera_4_125,images/contamination_ng/contamination_ng_camera_4_125.png,0,0,0,0,1,train
contamination_ng_camera_4_126,images/contamination_ng/contamination_ng_camera_4_126.png,0,0,0,0,1,train
contamination_ng_camera_4_127,images/contamination_ng/contamination_ng_camera_4_127.png,0,0,0,0,1,val
contamination_ng_camera_4_128,images/contamination_ng/contamination_ng_camera_4_128.png,0,0,0,0,1,train
contamination_ng_camera_4_129,images/contamination_ng/contamination_ng_camera_4_129.png,0,0,0,0,1,train
contamination_ng_camera_4_13,images/contamination_ng/contamination_ng_camera_4_13.png,0,0,0,0,1,train
contamination_ng_camera_4_130,images/contamination_ng/contamination_ng_camera_4_130.png,0,0,0,0,1,train
contamination_ng_camera_4_131,images/contamination_ng/contamination_ng_camera_4_131.png,0,0,0,0,1,train
contamination_ng_camera_4_132,images/contamination_ng/contamination_ng_camera_4_132.png,0,0,0,0,1,train
contamination_ng_camera_4_133,images/contamination_ng/contamination_ng_camera_4_133.png,0,0,0,0,1,train
contamination_ng_camera_4_134,images/contamination_ng/contamination_ng_camera_4_134.png,0,0,0,0,1,train
contamination_ng_camera_4_135,images/contamination_ng/contamination_ng_camera_4_135.png,0,0,0,0,1,train
contamination_ng_camera_4_136,images/contamination_ng/contamination_ng_camera_4_136.png,0,0,0,0,1,train
contamination_ng_camera_4_137,images/contamination_ng/contamination_ng_camera_4_137.png,0,0,0,0,1,train
contamination_ng_camera_4_138,images/contamination_ng/contamination_ng_camera_4_138.png,0,0,0,0,1,train
contamination_ng_camera_4_139,images/contamination_ng/contamination_ng_camera_4_139.png,0,0,0,0,1,train
contamination_ng_camera_4_14,images/contamination_ng/contamination_ng_camera_4_14.png,0,0,0,0,1,val
contamination_ng_camera_4_140,images/contamination_ng/contamination_ng_camera_4_140.png,0,0,0,0,1,train
contamination_ng_camera_4_141,images/contamination_ng/contamination_ng_camera_4_141.png,0,0,0,0,1,train
contamination_ng_camera_4_142,images/contamination_ng/contamination_ng_camera_4_142.png,0,0,0,0,1,train
contamination_ng_camera_4_143,images/contamination_ng/contamination_ng_camera_4_143.png,0,0,0,0,1,train
contamination_ng_camera_4_144,images/contamination_ng/contamination_ng_camera_4_144.png,0,0,0,0,1,train
contamination_ng_camera_4_145,images/contamination_ng/contamination_ng_camera_4_145.png,0,0,0,0,1,train
contamination_ng_camera_4_146,images/contamination_ng/contamination_ng_camera_4_146.png,0,0,0,0,1,val
contamination_ng_camera_4_147,images/contamination_ng/contamination_ng_camera_4_147.png,0,0,0,0,1,train
contamination_ng_camera_4_148,images/contamination_ng/contamination_ng_camera_4_148.png,0,0,0,0,1,train
contamination_ng_camera_4_149,images/contamination_ng/contamination_ng_camera_4_149.png,0,0,0,0,1,train
contamination_ng_camera_4_15,images/contamination_ng/contamination_ng_camera_4_15.png,0,0,0,0,1,val
contamination_ng_camera_4_150,images/contamination_ng/contamination_ng_camera_4_150.png,0,0,0,0,1,val
contamination_ng_camera_4_151,images/contamination_ng/contamination_ng_camera_4_151.png,0,0,0,0,1,train
contamination_ng_camera_4_152,images/contamination_ng/contamination_ng_camera_4_152.png,0,0,0,0,1,test
contamination_ng_camera_4_153,images/contamination_ng/contamination_ng_camera_4_153.png,0,0,0,0,1,train
contamination_ng_camera_4_155,images/contamination_ng/contamination_ng_camera_4_155.png,0,0,0,0,1,train
contamination_ng_camera_4_156,images/contamination_ng/contamination_ng_camera_4_156.png,0,0,0,0,1,val
contamination_ng_camera_4_157,images/contamination_ng/contamination_ng_camera_4_157.png,0,0,0,0,1,train
contamination_ng_camera_4_158,images/contamination_ng/contamination_ng_camera_4_158.png,0,0,0,0,1,train
contamination_ng_camera_4_159,images/contamination_ng/contamination_ng_camera_4_159.png,0,0,0,0,1,train
contamination_ng_camera_4_160,images/contamination_ng/contamination_ng_camera_4_160.png,0,0,0,0,1,train
contamination_ng_camera_4_162,images/contamination_ng/contamination_ng_camera_4_162.png,0,0,0,0,1,train
contamination_ng_camera_4_163,images/contamination_ng/contamination_ng_camera_4_163.png,0,0,0,0,1,train
contamination_ng_camera_4_164,images/contamination_ng/contamination_ng_camera_4_164.png,0,0,0,0,1,train
contamination_ng_camera_4_165,images/contamination_ng/contamination_ng_camera_4_165.png,0,0,0,0,1,test
contamination_ng_camera_4_166,images/contamination_ng/contamination_ng_camera_4_166.png,0,0,0,0,1,train
contamination_ng_camera_4_167,images/contamination_ng/contamination_ng_camera_4_167.png,0,0,0,0,1,val
contamination_ng_camera_4_168,images/contamination_ng/contamination_ng_camera_4_168.png,0,0,0,0,1,train
contamination_ng_camera_4_169,images/contamination_ng/contamination_ng_camera_4_169.png,0,0,0,0,1,val
contamination_ng_camera_4_17,images/contamination_ng/contamination_ng_camera_4_17.png,0,0,0,0,1,val
contamination_ng_camera_4_170,images/contamination_ng/contamination_ng_camera_4_170.png,0,0,0,0,1,train
contamination_ng_camera_4_171,images/contamination_ng/contamination_ng_camera_4_171.png,0,0,0,0,1,test
contamination_ng_camera_4_172,images/contamination_ng/contamination_ng_camera_4_172.png,0,0,0,0,1,train
contamination_ng_camera_4_173,images/contamination_ng/contamination_ng_camera_4_173.png,0,0,0,0,1,train
contamination_ng_camera_4_174,images/contamination_ng/contamination_ng_camera_4_174.png,0,0,0,0,1,val
contamination_ng_camera_4_175,images/contamination_ng/contamination_ng_camera_4_175.png,0,0,0,0,1,train
contamination_ng_camera_4_176,images/contamination_ng/contamination_ng_camera_4_176.png,0,0,0,0,1,train
contamination_ng_camera_4_19,images/contamination_ng/contamination_ng_camera_4_19.png,0,0,0,0,1,train
contamination_ng_camera_4_2,images/contamination_ng/contamination_ng_camera_4_2.png,0,0,0,0,1,test
contamination_ng_camera_4_20,images/contamination_ng/contamination_ng_camera_4_20.png,0,0,0,0,1,train
contamination_ng_camera_4_21,images/contamination_ng/contamination_ng_camera_4_21.png,0,0,0,0,1,train
contamination_ng_camera_4_22,images/contamination_ng/contamination_ng_camera_4_22.png,0,0,0,0,1,val
contamination_ng_camera_4_23,images/contamination_ng/contamination_ng_camera_4_23.png,0,0,0,0,1,train
contamination_ng_camera_4_24,images/contamination_ng/contamination_ng_camera_4_24.png,0,0,0,0,1,val
contamination_ng_camera_4_26,images/contamination_ng/contamination_ng_camera_4_26.png,0,0,0,0,1,train
contamination_ng_camera_4_27,images/contamination_ng/contamination_ng_camera_4_27.png,0,0,0,0,1,test
contamination_ng_camera_4_28,images/contamination_ng/contamination_ng_camera_4_28.png,0,0,0,0,1,train
contamination_ng_camera_4_29,images/contamination_ng/contamination_ng_camera_4_29.png,0,0,0,0,1,test
contamination_ng_camera_4_3,images/contamination_ng/contamination_ng_camera_4_3.png,0,0,0,0,1,val
contamination_ng_camera_4_31,images/contamination_ng/contamination_ng_camera_4_31.png,0,0,0,0,1,train
contamination_ng_camera_4_32,images/contamination_ng/contamination_ng_camera_4_32.png,0,0,0,0,1,train
contamination_ng_camera_4_34,images/contamination_ng/contamination_ng_camera_4_34.png,0,0,0,0,1,train
contamination_ng_camera_4_35,images/contamination_ng/contamination_ng_camera_4_35.png,0,0,0,0,1,train
contamination_ng_camera_4_36,images/contamination_ng/contamination_ng_camera_4_36.png,0,0,0,0,1,train
contamination_ng_camera_4_37,images/contamination_ng/contamination_ng_camera_4_37.png,0,0,0,0,1,train
contamination_ng_camera_4_38,images/contamination_ng/contamination_ng_camera_4_38.png,0,0,0,0,1,train
contamination_ng_camera_4_39,images/contamination_ng/contamination_ng_camera_4_39.png,0,0,0,0,1,test
contamination_ng_camera_4_4,images/contamination_ng/contamination_ng_camera_4_4.png,0,0,0,0,1,train
contamination_ng_camera_4_40,images/contamination_ng/contamination_ng_camera_4_40.png,0,0,0,0,1,train
contamination_ng_camera_4_41,images/contamination_ng/contamination_ng_camera_4_41.png,0,0,0,0,1,train
contamination_ng_camera_4_42,images/contamination_ng/contamination_ng_camera_4_42.png,0,0,0,0,1,test
contamination_ng_camera_4_43,images/contamination_ng/contamination_ng_camera_4_43.png,0,0,0,0,1,train
contamination_ng_camera_4_44,images/contamination_ng/contamination_ng_camera_4_44.png,0,0,0,0,1,test
contamination_ng_camera_4_45,images/contamination_ng/contamination_ng_camera_4_45.png,0,0,0,0,1,train
contamination_ng_camera_4_46,images/contamination_ng/contamination_ng_camera_4_46.png,0,0,0,0,1,train
contamination_ng_camera_4_47,images/contamination_ng/contamination_ng_camera_4_47.png,0,0,0,0,1,train
contamination_ng_camera_4_48,images/contamination_ng/contamination_ng_camera_4_48.png,0,0,0,0,1,val
contamination_ng_camera_4_49,images/contamination_ng/contamination_ng_camera_4_49.png,0,0,0,0,1,train
contamination_ng_camera_4_5,images/contamination_ng/contamination_ng_camera_4_5.png,0,0,0,0,1,train
contamination_ng_camera_4_50,images/contamination_ng/contamination_ng_camera_4_50.png,0,0,0,0,1,val
contamination_ng_camera_4_51,images/contamination_ng/contamination_ng_camera_4_51.png,0,0,0,0,1,train
contamination_ng_camera_4_52,images/contamination_ng/contamination_ng_camera_4_52.png,0,0,0,0,1,train
contamination_ng_camera_4_53,images/contamination_ng/contamination_ng_camera_4_53.png,0,0,0,0,1,train
contamination_ng_camera_4_54,images/contamination_ng/contamination_ng_camera_4_54.png,0,0,0,0,1,train
contamination_ng_camera_4_55,images/contamination_ng/contamination_ng_camera_4_55.png,0,0,0,0,1,val
contamination_ng_camera_4_56,images/contamination_ng/contamination_ng_camera_4_56.png,0,0,0,0,1,train
contamination_ng_camera_4_57,images/contamination_ng/contamination_ng_camera_4_57.png,0,0,0,0,1,train
contamination_ng_camera_4_58,images/contamination_ng/contamination_ng_camera_4_58.png,0,0,0,0,1,train
contamination_ng_camera_4_59,images/contamination_ng/contamination_ng_camera_4_59.png,0,0,0,0,1,train
contamination_ng_camera_4_6,images/contamination_ng/contamination_ng_camera_4_6.png,0,0,0,0,1,train
contamination_ng_camera_4_60,images/contamination_ng/contamination_ng_camera_4_60.png,0,0,0,0,1,test
contamination_ng_camera_4_61,images/contamination_ng/contamination_ng_camera_4_61.png,0,0,0,0,1,train
contamination_ng_camera_4_62,images/contamination_ng/contamination_ng_camera_4_62.png,0,0,0,0,1,val
contamination_ng_camera_4_63,images/contamination_ng/contamination_ng_camera_4_63.png,0,0,0,0,1,train
contamination_ng_camera_4_64,images/contamination_ng/contamination_ng_camera_4_64.png,0,0,0,0,1,train
contamination_ng_camera_4_65,images/contamination_ng/contamination_ng_camera_4_65.png,0,0,0,0,1,train
contamination_ng_camera_4_66,images/contamination_ng/contamination_ng_camera_4_66.png,0,0,0,0,1,train
contamination_ng_camera_4_67,images/contamination_ng/contamination_ng_camera_4_67.png,0,0,0,0,1,train
contamination_ng_camera_4_68,images/contamination_ng/contamination_ng_camera_4_68.png,0,0,0,0,1,train
contamination_ng_camera_4_69,images/contamination_ng/contamination_ng_camera_4_69.png,0,0,0,0,1,val
contamination_ng_camera_4_7,images/contamination_ng/contamination_ng_camera_4_7.png,0,0,0,0,1,test
contamination_ng_camera_4_70,images/contamination_ng/contamination_ng_camera_4_70.png,0,0,0,0,1,train
contamination_ng_camera_4_71,images/contamination_ng/contamination_ng_camera_4_71.png,0,0,0,0,1,train
contamination_ng_camera_4_72,images/contamination_ng/contamination_ng_camera_4_72.png,0,0,0,0,1,train
contamination_ng_camera_4_73,images/contamination_ng/contamination_ng_camera_4_73.png,0,0,0,0,1,train
contamination_ng_camera_4_74,images/contamination_ng/contamination_ng_camera_4_74.png,0,0,0,0,1,train
contamination_ng_camera_4_75,images/contamination_ng/contamination_ng_camera_4_75.png,0,0,0,0,1,train
contamination_ng_camera_4_76,images/contamination_ng/contamination_ng_camera_4_76.png,0,0,0,0,1,train
contamination_ng_camera_4_77,images/contamination_ng/contamination_ng_camera_4_77.png,0,0,0,0,1,train
contamination_ng_camera_4_78,images/contamination_ng/contamination_ng_camera_4_78.png,0,0,0,0,1,val
contamination_ng_camera_4_79,images/contamination_ng/contamination_ng_camera_4_79.png,0,0,0,0,1,train
contamination_ng_camera_4_80,images/contamination_ng/contamination_ng_camera_4_80.png,0,0,0,0,1,train
contamination_ng_camera_4_81,images/contamination_ng/contamination_ng_camera_4_81.png,0,0,0,0,1,train
contamination_ng_camera_4_82,images/contamination_ng/contamination_ng_camera_4_82.png,0,0,0,0,1,train
contamination_ng_camera_4_83,images/contamination_ng/contamination_ng_camera_4_83.png,0,0,0,0,1,train
contamination_ng_camera_4_84,images/contamination_ng/contamination_ng_camera_4_84.png,0,0,0,0,1,train
contamination_ng_camera_4_85,images/contamination_ng/contamination_ng_camera_4_85.png,0,0,0,0,1,test
contamination_ng_camera_4_86,images/contamination_ng/contamination_ng_camera_4_86.png,0,0,0,0,1,val
contamination_ng_camera_4_87,images/contamination_ng/contamination_ng_camera_4_87.png,0,0,0,0,1,val
contamination_ng_camera_4_88,images/contamination_ng/contamination_ng_camera_4_88.png,0,0,0,0,1,train
contamination_ng_camera_4_89,images/contamination_ng/contamination_ng_camera_4_89.png,0,0,0,0,1,train
contamination_ng_camera_4_9,images/contamination_ng/contamination_ng_camera_4_9.png,0,0,0,0,1,train
contamination_ng_camera_4_90,images/contamination_ng/contamination_ng_camera_4_90.png,0,0,0,0,1,val
contamination_ng_camera_4_91,images/contamination_ng/contamination_ng_camera_4_91.png,0,0,0,0,1,test
contamination_ng_camera_4_92,images/contamination_ng/contamination_ng_camera_4_92.png,0,0,0,0,1,train
contamination_ng_camera_4_93,images/contamination_ng/contamination_ng_camera_4_93.png,0,0,0,0,1,train
contamination_ng_camera_4_94,images/contamination_ng/contamination_ng_camera_4_94.png,0,0,0,0,1,train
contamination_ng_camera_4_95,images/contamination_ng/contamination_ng_camera_4_95.png,0,0,0,0,1,val
contamination_ng_camera_4_96,images/contamination_ng/contamination_ng_camera_4_96.png,0,0,0,0,1,test
contamination_ng_camera_4_97,images/contamination_ng/contamination_ng_camera_4_97.png,0,0,0,0,1,train
contamination_ng_camera_4_98,images/contamination_ng/contamination_ng_camera_4_98.png,0,0,0,0,1,train
contamination_ng_camera_4_99,images/contamination_ng/contamination_ng_camera_4_99.png,0,0,0,0,1,test
incomplete_molding_ng_camera_1_1,images/incomplete_molding_ng/incomplete_molding_ng_camera_1_1.png,0,0,1,0,0,val
incomplete_molding_ng_camera_1_10,images/incomplete_molding_ng/incomplete_molding_ng_camera_1_10.png,0,0,1,0,0,train
incomplete_molding_ng_camera_1_100,images/incomplete_molding_ng/incomplete_molding_ng_camera_1_100.png,0,0,1,0,0,train
incomplete_molding_ng_camera_1_101,images/incomplete_molding_ng/incomplete_molding_ng_camera_1_101.png,0,0,1,0,0,val
incomplete_molding_ng_camera_1_102,images/incomplete_molding_ng/incomplete_molding_ng_camera_1_102.png,0,0,1,0,0,train
incomplete_molding_ng_camera_1_103,images/incomplete_molding_ng/incomplete_molding_ng_camera_1_103.png,0,0,1,0,0,train
incomplete_molding_ng_camera_1_104,images/incomplete_molding_ng/incomplete_molding_ng_camera_1_104.png,0,0,1,0,0,train
incomplete_molding_ng_camera_1_105,images/incomplete_molding_ng/incomplete_molding_ng_camera_1_105.png,0,0,1,0,0,train
incomplete_molding_ng_camera_1_106,images/incomplete_molding_ng/incomplete_molding_ng_camera_1_106.png,0,0,1,0,0,train
incomplete_molding_ng_camera_1_107,images/incomplete_molding_ng/incomplete_molding_ng_camera_1_107.png,0,0,1,0,0,train
incomplete_molding_ng_camera_1_108,images/incomplete_molding_ng/incomplete_molding_ng_camera_1_108.png,0,0,1,0,0,test
incomplete_molding_ng_camera_1_109,images/incomplete_molding_ng/incomplete_molding_ng_camera_1_109.png,0,0,1,0,0,train
incomplete_molding_ng_camera_1_11,images/incomplete_molding_ng/incomplete_molding_ng_camera_1_11.png,0,0,1,0,0,train
incomplete_molding_ng_camera_1_110,images/incomplete_molding_ng/incomplete_molding_ng_camera_1_110.png,0,0,1,0,0,val
incomplete_molding_ng_camera_1_111,images/incomplete_molding_ng/incomplete_molding_ng_camera_1_111.png,0,0,1,0,0,val
incomplete_molding_ng_camera_1_112,images/incomplete_molding_ng/incomplete_molding_ng_camera_1_112.png,0,0,1,0,0,train
incomplete_molding_ng_camera_1_113,images/incomplete_molding_ng/incomplete_molding_ng_camera_1_113.png,0,0,1,0,0,test
incomplete_molding_ng_camera_1_114,images/incomplete_molding_ng/incomplete_molding_ng_camera_1_114.png,0,0,1,0,0,train
incomplete_molding_ng_camera_1_115,images/incomplete_molding_ng/incomplete_molding_ng_camera_1_115.png,0,0,1,0,0,val
incomplete_molding_ng_camera_1_116,images/incomplete_molding_ng/incomplete_molding_ng_camera_1_116.png,0,0,1,0,0,test
incomplete_molding_ng_camera_1_117,images/incomplete_molding_ng/incomplete_molding_ng_camera_1_117.png,0,0,1,0,0,train
incomplete_molding_ng_camera_1_118,images/incomplete_molding_ng/incomplete_molding_ng_camera_1_118.png,0,0,1,0,0,val
incomplete_molding_ng_camera_1_119,images/incomplete_molding_ng/incomplete_molding_ng_camera_1_119.png,0,0,1,0,0,test
incomplete_molding_ng_camera_1_12,images/incomplete_molding_ng/incomplete_molding_ng_camera_1_12.png,0,0,1,0,0,val
incomplete_molding_ng_camera_1_120,images/incomplete_molding_ng/incomplete_molding_ng_camera_1_120.png,0,0,1,0,0,train
incomplete_molding_ng_camera_1_121,images/incomplete_molding_ng/incomplete_molding_ng_camera_1_121.png,0,0,1,0,0,train
incomplete_molding_ng_camera_1_122,images/incomplete_molding_ng/incomplete_molding_ng_camera_1_122.png,0,0,1,0,0,val
incomplete_molding_ng_camera_1_123,images/incomplete_molding_ng/incomplete_molding_ng_camera_1_123.png,0,0,1,0,0,val
incomplete_molding_ng_camera_1_124,images/incomplete_molding_ng/incomplete_molding_ng_camera_1_124.png,0,0,1,0,0,train
incomplete_molding_ng_camera_1_125,images/incomplete_molding_ng/incomplete_molding_ng_camera_1_125.png,0,0,1,0,0,train
incomplete_molding_ng_camera_1_126,images/incomplete_molding_ng/incomplete_molding_ng_camera_1_126.png,0,0,1,0,0,train
incomplete_molding_ng_camera_1_127,images/incomplete_molding_ng/incomplete_molding_ng_camera_1_127.png,0,0,1,0,0,train
incomplete_molding_ng_camera_1_128,images/incomplete_molding_ng/incomplete_molding_ng_camera_1_128.png,0,0,1,0,0,train
incomplete_molding_ng_camera_1_129,images/incomplete_molding_ng/incomplete_molding_ng_camera_1_129.png,0,0,1,0,0,train
incomplete_molding_ng_camera_1_13,images/incomplete_molding_ng/incomplete_molding_ng_camera_1_13.png,0,0,1,0,0,train
incomplete_molding_ng_camera_1_130,images/incomplete_molding_ng/incomplete_molding_ng_camera_1_130.png,0,0,1,0,0,train
incomplete_molding_ng_camera_1_131,images/incomplete_molding_ng/incomplete_molding_ng_camera_1_131.png,0,0,1,0,0,train
incomplete_molding_ng_camera_1_132,images/incomplete_molding_ng/incomplete_molding_ng_camera_1_132.png,0,0,1,0,0,train
incomplete_molding_ng_camera_1_133,images/incomplete_molding_ng/incomplete_molding_ng_camera_1_133.png,0,0,1,0,0,val
incomplete_molding_ng_camera_1_134,images/incomplete_molding_ng/incomplete_molding_ng_camera_1_134.png,0,0,1,0,0,train
incomplete_molding_ng_camera_1_135,images/incomplete_molding_ng/incomplete_molding_ng_camera_1_135.png,0,0,1,0,0,val
incomplete_molding_ng_camera_1_136,images/incomplete_molding_ng/incomplete_molding_ng_camera_1_136.png,0,0,1,0,0,val
incomplete_molding_ng_camera_1_137,images/incomplete_molding_ng/incomplete_molding_ng_camera_1_137.png,0,0,1,0,0,val
incomplete_molding_ng_camera_1_138,images/incomplete_molding_ng/incomplete_molding_ng_camera_1_138.png,0,0,1,0,0,train
incomplete_molding_ng_camera_1_139,images/incomplete_molding_ng/incomplete_molding_ng_camera_1_139.png,0,0,1,0,0,test
incomplete_molding_ng_camera_1_14,images/incomplete_molding_ng/incomplete_molding_ng_camera_1_14.png,0,0,1,0,0,train
incomplete_molding_ng_camera_1_140,images/incomplete_molding_ng/incomplete_molding_ng_camera_1_140.png,0,0,1,0,0,train
incomplete_molding_ng_camera_1_141,images/incomplete_molding_ng/incomplete_molding_ng_camera_1_141.png,0,0,1,0,0,val
incomplete_molding_ng_camera_1_142,images/incomplete_molding_ng/incomplete_molding_ng_camera_1_142.png,0,0,1,0,0,train
incomplete_molding_ng_camera_1_143,images/incomplete_molding_ng/incomplete_molding_ng_camera_1_143.png,0,0,1,0,0,train
incomplete_molding_ng_camera_1_144,images/incomplete_molding_ng/incomplete_molding_ng_camera_1_144.png,0,0,1,0,0,test
incomplete_molding_ng_camera_1_145,images/incomplete_molding_ng/incomplete_molding_ng_camera_1_145.png,0,0,1,0,0,val
incomplete_molding_ng_camera_1_146,images/incomplete_molding_ng/incomplete_molding_ng_camera_1_146.png,0,0,1,0,0,train
incomplete_molding_ng_camera_1_147,images/incomplete_molding_ng/incomplete_molding_ng_camera_1_147.png,0,0,1,0,0,train
incomplete_molding_ng_camera_1_148,images/incomplete_molding_ng/incomplete_molding_ng_camera_1_148.png,0,0,1,0,0,train
incomplete_molding_ng_camera_1_149,images/incomplete_molding_ng/incomplete_molding_ng_camera_1_149.png,0,0,1,0,0,train
incomplete_molding_ng_camera_1_15,images/incomplete_molding_ng/incomplete_molding_ng_camera_1_15.png,0,0,1,0,0,train
incomplete_molding_ng_camera_1_150,images/incomplete_molding_ng/incomplete_molding_ng_camera_1_150.png,0,0,1,0,0,val
incomplete_molding_ng_camera_1_151,images/incomplete_molding_ng/incomplete_molding_ng_camera_1_151.png,0,0,1,0,0,train
incomplete_molding_ng_camera_1_152,images/incomplete_molding_ng/incomplete_molding_ng_camera_1_152.png,0,0,1,0,0,val
incomplete_molding_ng_camera_1_153,images/incomplete_molding_ng/incomplete_molding_ng_camera_1_153.png,0,0,1,0,0,test
incomplete_molding_ng_camera_1_154,images/incomplete_molding_ng/incomplete_molding_ng_camera_1_154.png,0,0,1,0,0,val
incomplete_molding_ng_camera_1_155,images/incomplete_molding_ng/incomplete_molding_ng_camera_1_155.png,0,0,1,0,0,train
incomplete_molding_ng_camera_1_156,images/incomplete_molding_ng/incomplete_molding_ng_camera_1_156.png,0,0,1,0,0,train
incomplete_molding_ng_camera_1_157,images/incomplete_molding_ng/incomplete_molding_ng_camera_1_157.png,0,0,1,0,0,train
incomplete_molding_ng_camera_1_158,images/incomplete_molding_ng/incomplete_molding_ng_camera_1_158.png,0,0,1,0,0,train
incomplete_molding_ng_camera_1_159,images/incomplete_molding_ng/incomplete_molding_ng_camera_1_159.png,0,0,1,0,0,test
incomplete_molding_ng_camera_1_16,images/incomplete_molding_ng/incomplete_molding_ng_camera_1_16.png,0,0,1,0,0,test
incomplete_molding_ng_camera_1_160,images/incomplete_molding_ng/incomplete_molding_ng_camera_1_160.png,0,0,1,0,0,val
incomplete_molding_ng_camera_1_161,images/incomplete_molding_ng/incomplete_molding_ng_camera_1_161.png,0,0,1,0,0,train
incomplete_molding_ng_camera_1_162,images/incomplete_molding_ng/incomplete_molding_ng_camera_1_162.png,0,0,1,0,0,val
incomplete_molding_ng_camera_1_163,images/incomplete_molding_ng/incomplete_molding_ng_camera_1_163.png,0,0,1,0,0,train
incomplete_molding_ng_camera_1_164,images/incomplete_molding_ng/incomplete_molding_ng_camera_1_164.png,0,0,1,0,0,val
incomplete_molding_ng_camera_1_165,images/incomplete_molding_ng/incomplete_molding_ng_camera_1_165.png,0,0,1,0,0,train
incomplete_molding_ng_camera_1_166,images/incomplete_molding_ng/incomplete_molding_ng_camera_1_166.png,0,0,1,0,0,train
incomplete_molding_ng_camera_1_167,images/incomplete_molding_ng/incomplete_molding_ng_camera_1_167.png,0,0,1,0,0,train
incomplete_molding_ng_camera_1_168,images/incomplete_molding_ng/incomplete_molding_ng_camera_1_168.png,0,0,1,0,0,train
incomplete_molding_ng_camera_1_169,images/incomplete_molding_ng/incomplete_molding_ng_camera_1_169.png,0,0,1,0,0,train
incomplete_molding_ng_camera_1_17,images/incomplete_molding_ng/incomplete_molding_ng_camera_1_17.png,0,0,1,0,0,train
incomplete_molding_ng_camera_1_170,images/incomplete_molding_ng/incomplete_molding_ng_camera_1_170.png,0,0,1,0,0,val
incomplete_molding_ng_camera_1_171,images/incomplete_molding_ng/incomplete_molding_ng_camera_1_171.png,0,0,1,0,0,train
incomplete_molding_ng_camera_1_172,images/incomplete_molding_ng/incomplete_molding_ng_camera_1_172.png,0,0,1,0,0,train
incomplete_molding_ng_camera_1_173,images/incomplete_molding_ng/incomplete_molding_ng_camera_1_173.png,0,0,1,0,0,train
incomplete_molding_ng_camera_1_174,images/incomplete_molding_ng/incomplete_molding_ng_camera_1_174.png,0,0,1,0,0,train
incomplete_molding_ng_camera_1_175,images/incomplete_molding_ng/incomplete_molding_ng_camera_1_175.png,0,0,1,0,0,train
incomplete_molding_ng_camera_1_176,images/incomplete_molding_ng/incomplete_molding_ng_camera_1_176.png,0,0,1,0,0,train
incomplete_molding_ng_camera_1_177,images/incomplete_molding_ng/incomplete_molding_ng_camera_1_177.png,0,0,1,0,0,train
incomplete_molding_ng_camera_1_178,images/incomplete_molding_ng/incomplete_molding_ng_camera_1_178.png,0,0,1,0,0,train
incomplete_molding_ng_camera_1_179,images/incomplete_molding_ng/incomplete_molding_ng_camera_1_179.png,0,0,1,0,0,train
incomplete_molding_ng_camera_1_18,images/incomplete_molding_ng/incomplete_molding_ng_camera_1_18.png,0,0,1,0,0,train
incomplete_molding_ng_camera_1_180,images/incomplete_molding_ng/incomplete_molding_ng_camera_1_180.png,0,0,1,0,0,train
incomplete_molding_ng_camera_1_181,images/incomplete_molding_ng/incomplete_molding_ng_camera_1_181.png,0,0,1,0,0,train
incomplete_molding_ng_camera_1_182,images/incomplete_molding_ng/incomplete_molding_ng_camera_1_182.png,0,0,1,0,0,train
incomplete_molding_ng_camera_1_183,images/incomplete_molding_ng/incomplete_molding_ng_camera_1_183.png,0,0,1,0,0,train
incomplete_molding_ng_camera_1_184,images/incomplete_molding_ng/incomplete_molding_ng_camera_1_184.png,0,0,1,0,0,test
incomplete_molding_ng_camera_1_185,images/incomplete_molding_ng/incomplete_molding_ng_camera_1_185.png,0,0,1,0,0,train
incomplete_molding_ng_camera_1_186,images/incomplete_molding_ng/incomplete_molding_ng_camera_1_186.png,0,0,1,0,0,train
incomplete_molding_ng_camera_1_187,images/incomplete_molding_ng/incomplete_molding_ng_camera_1_187.png,0,0,1,0,0,train
incomplete_molding_ng_camera_1_188,images/incomplete_molding_ng/incomplete_molding_ng_camera_1_188.png,0,0,1,0,0,train
incomplete_molding_ng_camera_1_189,images/incomplete_molding_ng/incomplete_molding_ng_camera_1_189.png,0,0,1,0,0,train
incomplete_molding_ng_camera_1_19,images/incomplete_molding_ng/incomplete_molding_ng_camera_1_19.png,0,0,1,0,0,train
incomplete_molding_ng_camera_1_190,images/incomplete_molding_ng/incomplete_molding_ng_camera_1_190.png,0,0,1,0,0,test
incomplete_molding_ng_camera_1_191,images/incomplete_molding_ng/incomplete_molding_ng_camera_1_191.png,0,0,1,0,0,train
incomplete_molding_ng_camera_1_192,images/incomplete_molding_ng/incomplete_molding_ng_camera_1_192.png,0,0,1,0,0,train
incomplete_molding_ng_camera_1_193,images/incomplete_molding_ng/incomplete_molding_ng_camera_1_193.png,0,0,1,0,0,train
incomplete_molding_ng_camera_1_194,images/incomplete_molding_ng/incomplete_molding_ng_camera_1_194.png,0,0,1,0,0,train
incomplete_molding_ng_camera_1_195,images/incomplete_molding_ng/incomplete_molding_ng_camera_1_195.png,0,0,1,0,0,train
incomplete_molding_ng_camera_1_196,images/incomplete_molding_ng/incomplete_molding_ng_camera_1_196.png,0,0,1,0,0,train
incomplete_molding_ng_camera_1_197,images/incomplete_molding_ng/incomplete_molding_ng_camera_1_197.png,0,0,1,0,0,test
incomplete_molding_ng_camera_1_198,images/incomplete_molding_ng/incomplete_molding_ng_camera_1_198.png,0,0,1,0,0,train
incomplete_molding_ng_camera_1_199,images/incomplete_molding_ng/incomplete_molding_ng_camera_1_199.png,0,0,1,0,0,train
incomplete_molding_ng_camera_1_2,images/incomplete_molding_ng/incomplete_molding_ng_camera_1_2.png,0,0,1,0,0,val
incomplete_molding_ng_camera_1_20,images/incomplete_molding_ng/incomplete_molding_ng_camera_1_20.png,0,0,1,0,0,test
incomplete_molding_ng_camera_1_200,images/incomplete_molding_ng/incomplete_molding_ng_camera_1_200.png,0,0,1,0,0,train
incomplete_molding_ng_camera_1_201,images/incomplete_molding_ng/incomplete_molding_ng_camera_1_201.png,0,0,1,0,0,train
incomplete_molding_ng_camera_1_202,images/incomplete_molding_ng/incomplete_molding_ng_camera_1_202.png,0,0,1,0,0,val
incomplete_molding_ng_camera_1_203,images/incomplete_molding_ng/incomplete_molding_ng_camera_1_203.png,0,0,1,0,0,train
incomplete_molding_ng_camera_1_204,images/incomplete_molding_ng/incomplete_molding_ng_camera_1_204.png,0,0,1,0,0,train
incomplete_molding_ng_camera_1_205,images/incomplete_molding_ng/incomplete_molding_ng_camera_1_205.png,0,0,1,0,0,train
incomplete_molding_ng_camera_1_206,images/incomplete_molding_ng/incomplete_molding_ng_camera_1_206.png,0,0,1,0,0,train
incomplete_molding_ng_camera_1_207,images/incomplete_molding_ng/incomplete_molding_ng_camera_1_207.png,0,0,1,0,0,val
incomplete_molding_ng_camera_1_208,images/incomplete_molding_ng/incomplete_molding_ng_camera_1_208.png,0,0,1,0,0,val
incomplete_molding_ng_camera_1_209,images/incomplete_molding_ng/incomplete_molding_ng_camera_1_209.png,0,0,1,0,0,train
incomplete_molding_ng_camera_1_21,images/incomplete_molding_ng/incomplete_molding_ng_camera_1_21.png,0,0,1,0,0,val
incomplete_molding_ng_camera_1_210,images/incomplete_molding_ng/incomplete_molding_ng_camera_1_210.png,0,0,1,0,0,train
incomplete_molding_ng_camera_1_211,images/incomplete_molding_ng/incomplete_molding_ng_camera_1_211.png,0,0,1,0,0,train
incomplete_molding_ng_camera_1_212,images/incomplete_molding_ng/incomplete_molding_ng_camera_1_212.png,0,0,1,0,0,train
incomplete_molding_ng_camera_1_213,images/incomplete_molding_ng/incomplete_molding_ng_camera_1_213.png,0,0,1,0,0,test
incomplete_molding_ng_camera_1_214,images/incomplete_molding_ng/incomplete_molding_ng_camera_1_214.png,0,0,1,0,0,val
incomplete_molding_ng_camera_1_215,images/incomplete_molding_ng/incomplete_molding_ng_camera_1_215.png,0,0,1,0,0,train
incomplete_molding_ng_camera_1_216,images/incomplete_molding_ng/incomplete_molding_ng_camera_1_216.png,0,0,1,0,0,train
incomplete_molding_ng_camera_1_217,images/incomplete_molding_ng/incomplete_molding_ng_camera_1_217.png,0,0,1,0,0,val
incomplete_molding_ng_camera_1_218,images/incomplete_molding_ng/incomplete_molding_ng_camera_1_218.png,0,0,1,0,0,val
incomplete_molding_ng_camera_1_219,images/incomplete_molding_ng/incomplete_molding_ng_camera_1_219.png,0,0,1,0,0,train
incomplete_molding_ng_camera_1_22,images/incomplete_molding_ng/incomplete_molding_ng_camera_1_22.png,0,0,1,0,0,train
incomplete_molding_ng_camera_1_220,images/incomplete_molding_ng/incomplete_molding_ng_camera_1_220.png,0,0,1,0,0,train
incomplete_molding_ng_camera_1_221,images/incomplete_molding_ng/incomplete_molding_ng_camera_1_221.png,0,0,1,0,0,val
incomplete_molding_ng_camera_1_222,images/incomplete_molding_ng/incomplete_molding_ng_camera_1_222.png,0,0,1,0,0,train
incomplete_molding_ng_camera_1_223,images/incomplete_molding_ng/incomplete_molding_ng_camera_1_223.png,0,0,1,0,0,train
incomplete_molding_ng_camera_1_224,images/incomplete_molding_ng/incomplete_molding_ng_camera_1_224.png,0,0,1,0,0,val
incomplete_molding_ng_camera_1_225,images/incomplete_molding_ng/incomplete_molding_ng_camera_1_225.png,0,0,1,0,0,train
incomplete_molding_ng_camera_1_226,images/incomplete_molding_ng/incomplete_molding_ng_camera_1_226.png,0,0,1,0,0,train
incomplete_molding_ng_camera_1_227,images/incomplete_molding_ng/incomplete_molding_ng_camera_1_227.png,0,0,1,0,0,val
incomplete_molding_ng_camera_1_228,images/incomplete_molding_ng/incomplete_molding_ng_camera_1_228.png,0,0,1,0,0,train
incomplete_molding_ng_camera_1_229,images/incomplete_molding_ng/incomplete_molding_ng_camera_1_229.png,0,0,1,0,0,train
incomplete_molding_ng_camera_1_23,images/incomplete_molding_ng/incomplete_molding_ng_camera_1_23.png,0,0,1,0,0,val
incomplete_molding_ng_camera_1_230,images/incomplete_molding_ng/incomplete_molding_ng_camera_1_230.png,0,0,1,0,0,train
incomplete_molding_ng_camera_1_231,images/incomplete_molding_ng/incomplete_molding_ng_camera_1_231.png,0,0,1,0,0,train
incomplete_molding_ng_camera_1_232,images/incomplete_molding_ng/incomplete_molding_ng_camera_1_232.png,0,0,1,0,0,train
incomplete_molding_ng_camera_1_233,images/incomplete_molding_ng/incomplete_molding_ng_camera_1_233.png,0,0,1,0,0,train
incomplete_molding_ng_camera_1_234,images/incomplete_molding_ng/incomplete_molding_ng_camera_1_234.png,0,0,1,0,0,train
incomplete_molding_ng_camera_1_235,images/incomplete_molding_ng/incomplete_molding_ng_camera_1_235.png,0,0,1,0,0,train
incomplete_molding_ng_camera_1_236,images/incomplete_molding_ng/incomplete_molding_ng_camera_1_236.png,0,0,1,0,0,train
incomplete_molding_ng_camera_1_237,images/incomplete_molding_ng/incomplete_molding_ng_camera_1_237.png,0,0,1,0,0,test
incomplete_molding_ng_camera_1_238,images/incomplete_molding_ng/incomplete_molding_ng_camera_1_238.png,0,0,1,0,0,train
incomplete_molding_ng_camera_1_239,images/incomplete_molding_ng/incomplete_molding_ng_camera_1_239.png,0,0,1,0,0,train
incomplete_molding_ng_camera_1_24,images/incomplete_molding_ng/incomplete_molding_ng_camera_1_24.png,0,0,1,0,0,train
incomplete_molding_ng_camera_1_240,images/incomplete_molding_ng/incomplete_molding_ng_camera_1_240.png,0,0,1,0,0,train
incomplete_molding_ng_camera_1_241,images/incomplete_molding_ng/incomplete_molding_ng_camera_1_241.png,0,0,1,0,0,train
incomplete_molding_ng_camera_1_242,images/incomplete_molding_ng/incomplete_molding_ng_camera_1_242.png,0,0,1,0,0,test
incomplete_molding_ng_camera_1_243,images/incomplete_molding_ng/incomplete_molding_ng_camera_1_243.png,0,0,1,0,0,train
incomplete_molding_ng_camera_1_244,images/incomplete_molding_ng/incomplete_molding_ng_camera_1_244.png,0,0,1,0,0,val
incomplete_molding_ng_camera_1_245,images/incomplete_molding_ng/incomplete_molding_ng_camera_1_245.png,0,0,1,0,0,train
incomplete_molding_ng_camera_1_246,images/incomplete_molding_ng/incomplete_molding_ng_camera_1_246.png,0,0,1,0,0,train
incomplete_molding_ng_camera_1_247,images/incomplete_molding_ng/incomplete_molding_ng_camera_1_247.png,0,0,1,0,0,train
incomplete_molding_ng_camera_1_248,images/incomplete_molding_ng/incomplete_molding_ng_camera_1_248.png,0,0,1,0,0,val
incomplete_molding_ng_camera_1_249,images/incomplete_molding_ng/incomplete_molding_ng_camera_1_249.png,0,0,1,0,0,val
incomplete_molding_ng_camera_1_25,images/incomplete_molding_ng/incomplete_molding_ng_camera_1_25.png,0,0,1,0,0,train
incomplete_molding_ng_camera_1_250,images/incomplete_molding_ng/incomplete_molding_ng_camera_1_250.png,0,0,1,0,0,train
incomplete_molding_ng_camera_1_251,images/incomplete_molding_ng/incomplete_molding_ng_camera_1_251.png,0,0,1,0,0,train
incomplete_molding_ng_camera_1_252,images/incomplete_molding_ng/incomplete_molding_ng_camera_1_252.png,0,0,1,0,0,train
incomplete_molding_ng_camera_1_253,images/incomplete_molding_ng/incomplete_molding_ng_camera_1_253.png,0,0,1,0,0,train
incomplete_molding_ng_camera_1_254,images/incomplete_molding_ng/incomplete_molding_ng_camera_1_254.png,0,0,1,0,0,train
incomplete_molding_ng_camera_1_255,images/incomplete_molding_ng/incomplete_molding_ng_camera_1_255.png,0,0,1,0,0,train
incomplete_molding_ng_camera_1_256,images/incomplete_molding_ng/incomplete_molding_ng_camera_1_256.png,0,0,1,0,0,train
incomplete_molding_ng_camera_1_257,images/incomplete_molding_ng/incomplete_molding_ng_camera_1_257.png,0,0,1,0,0,train
incomplete_molding_ng_camera_1_258,images/incomplete_molding_ng/incomplete_molding_ng_camera_1_258.png,0,0,1,0,0,train
incomplete_molding_ng_camera_1_259,images/incomplete_molding_ng/incomplete_molding_ng_camera_1_259.png,0,0,1,0,0,train
incomplete_molding_ng_camera_1_26,images/incomplete_molding_ng/incomplete_molding_ng_camera_1_26.png,0,0,1,0,0,train
incomplete_molding_ng_camera_1_260,images/incomplete_molding_ng/incomplete_molding_ng_camera_1_260.png,0,0,1,0,0,val
incomplete_molding_ng_camera_1_261,images/incomplete_molding_ng/incomplete_molding_ng_camera_1_261.png,0,0,1,0,0,train
incomplete_molding_ng_camera_1_262,images/incomplete_molding_ng/incomplete_molding_ng_camera_1_262.png,0,0,1,0,0,train
incomplete_molding_ng_camera_1_263,images/incomplete_molding_ng/incomplete_molding_ng_camera_1_263.png,0,0,1,0,0,val
incomplete_molding_ng_camera_1_264,images/incomplete_molding_ng/incomplete_molding_ng_camera_1_264.png,0,0,1,0,0,train
incomplete_molding_ng_camera_1_265,images/incomplete_molding_ng/incomplete_molding_ng_camera_1_265.png,0,0,1,0,0,train
incomplete_molding_ng_camera_1_266,images/incomplete_molding_ng/incomplete_molding_ng_camera_1_266.png,0,0,1,0,0,val
incomplete_molding_ng_camera_1_267,images/incomplete_molding_ng/incomplete_molding_ng_camera_1_267.png,0,0,1,0,0,train
incomplete_molding_ng_camera_1_268,images/incomplete_molding_ng/incomplete_molding_ng_camera_1_268.png,0,0,1,0,0,train
incomplete_molding_ng_camera_1_269,images/incomplete_molding_ng/incomplete_molding_ng_camera_1_269.png,0,0,1,0,0,val
incomplete_molding_ng_camera_1_27,images/incomplete_molding_ng/incomplete_molding_ng_camera_1_27.png,0,0,1,0,0,train
incomplete_molding_ng_camera_1_270,images/incomplete_molding_ng/incomplete_molding_ng_camera_1_270.png,0,0,1,0,0,val
incomplete_molding_ng_camera_1_271,images/incomplete_molding_ng/incomplete_molding_ng_camera_1_271.png,0,0,1,0,0,test
incomplete_molding_ng_camera_1_272,images/incomplete_molding_ng/incomplete_molding_ng_camera_1_272.png,0,0,1,0,0,train
incomplete_molding_ng_camera_1_273,images/incomplete_molding_ng/incomplete_molding_ng_camera_1_273.png,0,0,1,0,0,test
incomplete_molding_ng_camera_1_274,images/incomplete_molding_ng/incomplete_molding_ng_camera_1_274.png,0,0,1,0,0,train
incomplete_molding_ng_camera_1_275,images/incomplete_molding_ng/incomplete_molding_ng_camera_1_275.png,0,0,1,0,0,val
incomplete_molding_ng_camera_1_276,images/incomplete_molding_ng/incomplete_molding_ng_camera_1_276.png,0,0,1,0,0,train
incomplete_molding_ng_camera_1_277,images/incomplete_molding_ng/incomplete_molding_ng_camera_1_277.png,0,0,1,0,0,val
incomplete_molding_ng_camera_1_278,images/incomplete_molding_ng/incomplete_molding_ng_camera_1_278.png,0,0,1,0,0,val
incomplete_molding_ng_camera_1_279,images/incomplete_molding_ng/incomplete_molding_ng_camera_1_279.png,0,0,1,0,0,train
incomplete_molding_ng_camera_1_28,images/incomplete_molding_ng/incomplete_molding_ng_camera_1_28.png,0,0,1,0,0,test
incomplete_molding_ng_camera_1_280,images/incomplete_molding_ng/incomplete_molding_ng_camera_1_280.png,0,0,1,0,0,train
incomplete_molding_ng_camera_1_281,images/incomplete_molding_ng/incomplete_molding_ng_camera_1_281.png,0,0,1,0,0,train
incomplete_molding_ng_camera_1_282,images/incomplete_molding_ng/incomplete_molding_ng_camera_1_282.png,0,0,1,0,0,train
incomplete_molding_ng_camera_1_283,images/incomplete_molding_ng/incomplete_molding_ng_camera_1_283.png,0,0,1,0,0,test
incomplete_molding_ng_camera_1_284,images/incomplete_molding_ng/incomplete_molding_ng_camera_1_284.png,0,0,1,0,0,train
incomplete_molding_ng_camera_1_285,images/incomplete_molding_ng/incomplete_molding_ng_camera_1_285.png,0,0,1,0,0,train
incomplete_molding_ng_camera_1_286,images/incomplete_molding_ng/incomplete_molding_ng_camera_1_286.png,0,0,1,0,0,train
incomplete_molding_ng_camera_1_287,images/incomplete_molding_ng/incomplete_molding_ng_camera_1_287.png,0,0,1,0,0,train
incomplete_molding_ng_camera_1_288,images/incomplete_molding_ng/incomplete_molding_ng_camera_1_288.png,0,0,1,0,0,train
incomplete_molding_ng_camera_1_289,images/incomplete_molding_ng/incomplete_molding_ng_camera_1_289.png,0,0,1,0,0,train
incomplete_molding_ng_camera_1_29,images/incomplete_molding_ng/incomplete_molding_ng_camera_1_29.png,0,0,1,0,0,train
incomplete_molding_ng_camera_1_290,images/incomplete_molding_ng/incomplete_molding_ng_camera_1_290.png,0,0,1,0,0,train
incomplete_molding_ng_camera_1_291,images/incomplete_molding_ng/incomplete_molding_ng_camera_1_291.png,0,0,1,0,0,test
incomplete_molding_ng_camera_1_292,images/incomplete_molding_ng/incomplete_molding_ng_camera_1_292.png,0,0,1,0,0,train
incomplete_molding_ng_camera_1_293,images/incomplete_molding_ng/incomplete_molding_ng_camera_1_293.png,0,0,1,0,0,train
incomplete_molding_ng_camera_1_294,images/incomplete_molding_ng/incomplete_molding_ng_camera_1_294.png,0,0,1,0,0,train
incomplete_molding_ng_camera_1_295,images/incomplete_molding_ng/incomplete_molding_ng_camera_1_295.png,0,0,1,0,0,train
incomplete_molding_ng_camera_1_296,images/incomplete_molding_ng/incomplete_molding_ng_camera_1_296.png,0,0,1,0,0,train
incomplete_molding_ng_camera_1_297,images/incomplete_molding_ng/incomplete_molding_ng_camera_1_297.png,0,0,1,0,0,train
incomplete_molding_ng_camera_1_298,images/incomplete_molding_ng/incomplete_molding_ng_camera_1_298.png,0,0,1,0,0,val
incomplete_molding_ng_camera_1_299,images/incomplete_molding_ng/incomplete_molding_ng_camera_1_299.png,0,0,1,0,0,val
incomplete_molding_ng_camera_1_3,images/incomplete_molding_ng/incomplete_molding_ng_camera_1_3.png,0,0,1,0,0,train
incomplete_molding_ng_camera_1_30,images/incomplete_molding_ng/incomplete_molding_ng_camera_1_30.png,0,0,1,0,0,val
incomplete_molding_ng_camera_1_300,images/incomplete_molding_ng/incomplete_molding_ng_camera_1_300.png,0,0,1,0,0,val
incomplete_molding_ng_camera_1_301,images/incomplete_molding_ng/incomplete_molding_ng_camera_1_301.png,0,0,1,0,0,train
incomplete_molding_ng_camera_1_302,images/incomplete_molding_ng/incomplete_molding_ng_camera_1_302.png,0,0,1,0,0,test
incomplete_molding_ng_camera_1_303,images/incomplete_molding_ng/incomplete_molding_ng_camera_1_303.png,0,0,1,0,0,train
incomplete_molding_ng_camera_1_304,images/incomplete_molding_ng/incomplete_molding_ng_camera_1_304.png,0,0,1,0,0,val
incomplete_molding_ng_camera_1_305,images/incomplete_molding_ng/incomplete_molding_ng_camera_1_305.png,0,0,1,0,0,train
incomplete_molding_ng_camera_1_306,images/incomplete_molding_ng/incomplete_molding_ng_camera_1_306.png,0,0,1,0,0,train
incomplete_molding_ng_camera_1_307,images/incomplete_molding_ng/incomplete_molding_ng_camera_1_307.png,0,0,1,0,0,val
incomplete_molding_ng_camera_1_308,images/incomplete_molding_ng/incomplete_molding_ng_camera_1_308.png,0,0,1,0,0,train
incomplete_molding_ng_camera_1_309,images/incomplete_molding_ng/incomplete_molding_ng_camera_1_309.png,0,0,1,0,0,train
incomplete_molding_ng_camera_1_31,images/incomplete_molding_ng/incomplete_molding_ng_camera_1_31.png,0,0,1,0,0,test
incomplete_molding_ng_camera_1_310,images/incomplete_molding_ng/incomplete_molding_ng_camera_1_310.png,0,0,1,0,0,val
incomplete_molding_ng_camera_1_311,images/incomplete_molding_ng/incomplete_molding_ng_camera_1_311.png,0,0,1,0,0,train
incomplete_molding_ng_camera_1_312,images/incomplete_molding_ng/incomplete_molding_ng_camera_1_312.png,0,0,1,0,0,val
incomplete_molding_ng_camera_1_313,images/incomplete_molding_ng/incomplete_molding_ng_camera_1_313.png,0,0,1,0,0,train
incomplete_molding_ng_camera_1_314,images/incomplete_molding_ng/incomplete_molding_ng_camera_1_314.png,0,0,1,0,0,train
incomplete_molding_ng_camera_1_315,images/incomplete_molding_ng/incomplete_molding_ng_camera_1_315.png,0,0,1,0,0,train
incomplete_molding_ng_camera_1_316,images/incomplete_molding_ng/incomplete_molding_ng_camera_1_316.png,0,0,1,0,0,train
incomplete_molding_ng_camera_1_317,images/incomplete_molding_ng/incomplete_molding_ng_camera_1_317.png,0,0,1,0,0,train
incomplete_molding_ng_camera_1_318,images/incomplete_molding_ng/incomplete_molding_ng_camera_1_318.png,0,0,1,0,0,train
incomplete_molding_ng_camera_1_319,images/incomplete_molding_ng/incomplete_molding_ng_camera_1_319.png,0,0,1,0,0,test
incomplete_molding_ng_camera_1_32,images/incomplete_molding_ng/incomplete_molding_ng_camera_1_32.png,0,0,1,0,0,train
incomplete_molding_ng_camera_1_320,images/incomplete_molding_ng/incomplete_molding_ng_camera_1_320.png,0,0,1,0,0,train
incomplete_molding_ng_camera_1_321,images/incomplete_molding_ng/incomplete_molding_ng_camera_1_321.png,0,0,1,0,0,train
incomplete_molding_ng_camera_1_322,images/incomplete_molding_ng/incomplete_molding_ng_camera_1_322.png,0,0,1,0,0,train
incomplete_molding_ng_camera_1_323,images/incomplete_molding_ng/incomplete_molding_ng_camera_1_323.png,0,0,1,0,0,val
incomplete_molding_ng_camera_1_324,images/incomplete_molding_ng/incomplete_molding_ng_camera_1_324.png,0,0,1,0,0,train
incomplete_molding_ng_camera_1_325,images/incomplete_molding_ng/incomplete_molding_ng_camera_1_325.png,0,0,1,0,0,train
incomplete_molding_ng_camera_1_326,images/incomplete_molding_ng/incomplete_molding_ng_camera_1_326.png,0,0,1,0,0,test
incomplete_molding_ng_camera_1_327,images/incomplete_molding_ng/incomplete_molding_ng_camera_1_327.png,0,0,1,0,0,train
incomplete_molding_ng_camera_1_328,images/incomplete_molding_ng/incomplete_molding_ng_camera_1_328.png,0,0,1,0,0,test
incomplete_molding_ng_camera_1_329,images/incomplete_molding_ng/incomplete_molding_ng_camera_1_329.png,0,0,1,0,0,train
incomplete_molding_ng_camera_1_33,images/incomplete_molding_ng/incomplete_molding_ng_camera_1_33.png,0,0,1,0,0,train
incomplete_molding_ng_camera_1_330,images/incomplete_molding_ng/incomplete_molding_ng_camera_1_330.png,0,0,1,0,0,train
incomplete_molding_ng_camera_1_331,images/incomplete_molding_ng/incomplete_molding_ng_camera_1_331.png,0,0,1,0,0,train
incomplete_molding_ng_camera_1_332,images/incomplete_molding_ng/incomplete_molding_ng_camera_1_332.png,0,0,1,0,0,train
incomplete_molding_ng_camera_1_333,images/incomplete_molding_ng/incomplete_molding_ng_camera_1_333.png,0,0,1,0,0,train
incomplete_molding_ng_camera_1_334,images/incomplete_molding_ng/incomplete_molding_ng_camera_1_334.png,0,0,1,0,0,test
incomplete_molding_ng_camera_1_335,images/incomplete_molding_ng/incomplete_molding_ng_camera_1_335.png,0,0,1,0,0,train
incomplete_molding_ng_camera_1_336,images/incomplete_molding_ng/incomplete_molding_ng_camera_1_336.png,0,0,1,0,0,train
incomplete_molding_ng_camera_1_337,images/incomplete_molding_ng/incomplete_molding_ng_camera_1_337.png,0,0,1,0,0,val
incomplete_molding_ng_camera_1_338,images/incomplete_molding_ng/incomplete_molding_ng_camera_1_338.png,0,0,1,0,0,test
incomplete_molding_ng_camera_1_339,images/incomplete_molding_ng/incomplete_molding_ng_camera_1_339.png,0,0,1,0,0,val
incomplete_molding_ng_camera_1_34,images/incomplete_molding_ng/incomplete_molding_ng_camera_1_34.png,0,0,1,0,0,train
incomplete_molding_ng_camera_1_340,images/incomplete_molding_ng/incomplete_molding_ng_camera_1_340.png,0,0,1,0,0,val
incomplete_molding_ng_camera_1_341,images/incomplete_molding_ng/incomplete_molding_ng_camera_1_341.png,0,0,1,0,0,train
incomplete_molding_ng_camera_1_342,images/incomplete_molding_ng/incomplete_molding_ng_camera_1_342.png,0,0,1,0,0,val
incomplete_molding_ng_camera_1_343,images/incomplete_molding_ng/incomplete_molding_ng_camera_1_343.png,0,0,1,0,0,train
incomplete_molding_ng_camera_1_344,images/incomplete_molding_ng/incomplete_molding_ng_camera_1_344.png,0,0,1,0,0,train
incomplete_molding_ng_camera_1_345,images/incomplete_molding_ng/incomplete_molding_ng_camera_1_345.png,0,0,1,0,0,train
incomplete_molding_ng_camera_1_346,images/incomplete_molding_ng/incomplete_molding_ng_camera_1_346.png,0,0,1,0,0,test
incomplete_molding_ng_camera_1_347,images/incomplete_molding_ng/incomplete_molding_ng_camera_1_347.png,0,0,1,0,0,train
incomplete_molding_ng_camera_1_348,images/incomplete_molding_ng/incomplete_molding_ng_camera_1_348.png,0,0,1,0,0,train
incomplete_molding_ng_camera_1_349,images/incomplete_molding_ng/incomplete_molding_ng_camera_1_349.png,0,0,1,0,0,val
incomplete_molding_ng_camera_1_35,images/incomplete_molding_ng/incomplete_molding_ng_camera_1_35.png,0,0,1,0,0,train
incomplete_molding_ng_camera_1_350,images/incomplete_molding_ng/incomplete_molding_ng_camera_1_350.png,0,0,1,0,0,val
incomplete_molding_ng_camera_1_351,images/incomplete_molding_ng/incomplete_molding_ng_camera_1_351.png,0,0,1,0,0,train
incomplete_molding_ng_camera_1_352,images/incomplete_molding_ng/incomplete_molding_ng_camera_1_352.png,0,0,1,0,0,train
incomplete_molding_ng_camera_1_353,images/incomplete_molding_ng/incomplete_molding_ng_camera_1_353.png,0,0,1,0,0,train
incomplete_molding_ng_camera_1_354,images/incomplete_molding_ng/incomplete_molding_ng_camera_1_354.png,0,0,1,0,0,test
incomplete_molding_ng_camera_1_355,images/incomplete_molding_ng/incomplete_molding_ng_camera_1_355.png,0,0,1,0,0,train
incomplete_molding_ng_camera_1_356,images/incomplete_molding_ng/incomplete_molding_ng_camera_1_356.png,0,0,1,0,0,train
incomplete_molding_ng_camera_1_357,images/incomplete_molding_ng/incomplete_molding_ng_camera_1_357.png,0,0,1,0,0,train
incomplete_molding_ng_camera_1_358,images/incomplete_molding_ng/incomplete_molding_ng_camera_1_358.png,0,0,1,0,0,train
incomplete_molding_ng_camera_1_359,images/incomplete_molding_ng/incomplete_molding_ng_camera_1_359.png,0,0,1,0,0,train
incomplete_molding_ng_camera_1_36,images/incomplete_molding_ng/incomplete_molding_ng_camera_1_36.png,0,0,1,0,0,train
incomplete_molding_ng_camera_1_360,images/incomplete_molding_ng/incomplete_molding_ng_camera_1_360.png,0,0,1,0,0,train
incomplete_molding_ng_camera_1_361,images/incomplete_molding_ng/incomplete_molding_ng_camera_1_361.png,0,0,1,0,0,val
incomplete_molding_ng_camera_1_362,images/incomplete_molding_ng/incomplete_molding_ng_camera_1_362.png,0,0,1,0,0,train
incomplete_molding_ng_camera_1_363,images/incomplete_molding_ng/incomplete_molding_ng_camera_1_363.png,0,0,1,0,0,test
incomplete_molding_ng_camera_1_364,images/incomplete_molding_ng/incomplete_molding_ng_camera_1_364.png,0,0,1,0,0,train
incomplete_molding_ng_camera_1_365,images/incomplete_molding_ng/incomplete_molding_ng_camera_1_365.png,0,0,1,0,0,train
incomplete_molding_ng_camera_1_366,images/incomplete_molding_ng/incomplete_molding_ng_camera_1_366.png,0,0,1,0,0,val
incomplete_molding_ng_camera_1_367,images/incomplete_molding_ng/incomplete_molding_ng_camera_1_367.png,0,0,1,0,0,val
incomplete_molding_ng_camera_1_368,images/incomplete_molding_ng/incomplete_molding_ng_camera_1_368.png,0,0,1,0,0,train
incomplete_molding_ng_camera_1_369,images/incomplete_molding_ng/incomplete_molding_ng_camera_1_369.png,0,0,1,0,0,train
incomplete_molding_ng_camera_1_37,images/incomplete_molding_ng/incomplete_molding_ng_camera_1_37.png,0,0,1,0,0,test
incomplete_molding_ng_camera_1_370,images/incomplete_molding_ng/incomplete_molding_ng_camera_1_370.png,0,0,1,0,0,train
incomplete_molding_ng_camera_1_371,images/incomplete_molding_ng/incomplete_molding_ng_camera_1_371.png,0,0,1,0,0,test
incomplete_molding_ng_camera_1_372,images/incomplete_molding_ng/incomplete_molding_ng_camera_1_372.png,0,0,1,0,0,train
incomplete_molding_ng_camera_1_373,images/incomplete_molding_ng/incomplete_molding_ng_camera_1_373.png,0,0,1,0,0,val
incomplete_molding_ng_camera_1_374,images/incomplete_molding_ng/incomplete_molding_ng_camera_1_374.png,0,0,1,0,0,train
incomplete_molding_ng_camera_1_375,images/incomplete_molding_ng/incomplete_molding_ng_camera_1_375.png,0,0,1,0,0,train
incomplete_molding_ng_camera_1_376,images/incomplete_molding_ng/incomplete_molding_ng_camera_1_376.png,0,0,1,0,0,val
incomplete_molding_ng_camera_1_377,images/incomplete_molding_ng/incomplete_molding_ng_camera_1_377.png,0,0,1,0,0,val
incomplete_molding_ng_camera_1_378,images/incomplete_molding_ng/incomplete_molding_ng_camera_1_378.png,0,0,1,0,0,test
incomplete_molding_ng_camera_1_379,images/incomplete_molding_ng/incomplete_molding_ng_camera_1_379.png,0,0,1,0,0,train
incomplete_molding_ng_camera_1_38,images/incomplete_molding_ng/incomplete_molding_ng_camera_1_38.png,0,0,1,0,0,test
incomplete_molding_ng_camera_1_380,images/incomplete_molding_ng/incomplete_molding_ng_camera_1_380.png,0,0,1,0,0,train
incomplete_molding_ng_camera_1_381,images/incomplete_molding_ng/incomplete_molding_ng_camera_1_381.png,0,0,1,0,0,val
incomplete_molding_ng_camera_1_382,images/incomplete_molding_ng/incomplete_molding_ng_camera_1_382.png,0,0,1,0,0,train
incomplete_molding_ng_camera_1_383,images/incomplete_molding_ng/incomplete_molding_ng_camera_1_383.png,0,0,1,0,0,train
incomplete_molding_ng_camera_1_384,images/incomplete_molding_ng/incomplete_molding_ng_camera_1_384.png,0,0,1,0,0,val
incomplete_molding_ng_camera_1_385,images/incomplete_molding_ng/incomplete_molding_ng_camera_1_385.png,0,0,1,0,0,train
incomplete_molding_ng_camera_1_386,images/incomplete_molding_ng/incomplete_molding_ng_camera_1_386.png,0,0,1,0,0,train
incomplete_molding_ng_camera_1_387,images/incomplete_molding_ng/incomplete_molding_ng_camera_1_387.png,0,0,1,0,0,train
incomplete_molding_ng_camera_1_388,images/incomplete_molding_ng/incomplete_molding_ng_camera_1_388.png,0,0,1,0,0,train
incomplete_molding_ng_camera_1_389,images/incomplete_molding_ng/incomplete_molding_ng_camera_1_389.png,0,0,1,0,0,train
incomplete_molding_ng_camera_1_39,images/incomplete_molding_ng/incomplete_molding_ng_camera_1_39.png,0,0,1,0,0,test
incomplete_molding_ng_camera_1_390,images/incomplete_molding_ng/incomplete_molding_ng_camera_1_390.png,0,0,1,0,0,val
incomplete_molding_ng_camera_1_391,images/incomplete_molding_ng/incomplete_molding_ng_camera_1_391.png,0,0,1,0,0,train
incomplete_molding_ng_camera_1_392,images/incomplete_molding_ng/incomplete_molding_ng_camera_1_392.png,0,0,1,0,0,train
incomplete_molding_ng_camera_1_393,images/incomplete_molding_ng/incomplete_molding_ng_camera_1_393.png,0,0,1,0,0,train
incomplete_molding_ng_camera_1_394,images/incomplete_molding_ng/incomplete_molding_ng_camera_1_394.png,0,0,1,0,0,train
incomplete_molding_ng_camera_1_395,images/incomplete_molding_ng/incomplete_molding_ng_camera_1_395.png,0,0,1,0,0,train
incomplete_molding_ng_camera_1_396,images/incomplete_molding_ng/incomplete_molding_ng_camera_1_396.png,0,0,1,0,0,train
incomplete_molding_ng_camera_1_397,images/incomplete_molding_ng/incomplete_molding_ng_camera_1_397.png,0,0,1,0,0,train
incomplete_molding_ng_camera_1_398,images/incomplete_molding_ng/incomplete_molding_ng_camera_1_398.png,0,0,1,0,0,train
incomplete_molding_ng_camera_1_399,images/incomplete_molding_ng/incomplete_molding_ng_camera_1_399.png,0,0,1,0,0,train
incomplete_molding_ng_camera_1_4,images/incomplete_molding_ng/incomplete_molding_ng_camera_1_4.png,0,0,1,0,0,val
incomplete_molding_ng_camera_1_40,images/incomplete_molding_ng/incomplete_molding_ng_camera_1_40.png,0,0,1,0,0,train
incomplete_molding_ng_camera_1_400,images/incomplete_molding_ng/incomplete_molding_ng_camera_1_400.png,0,0,1,0,0,train
incomplete_molding_ng_camera_1_401,images/incomplete_molding_ng/incomplete_molding_ng_camera_1_401.png,0,0,1,0,0,train
incomplete_molding_ng_camera_1_402,images/incomplete_molding_ng/incomplete_molding_ng_camera_1_402.png,0,0,1,0,0,train
incomplete_molding_ng_camera_1_403,images/incomplete_molding_ng/incomplete_molding_ng_camera_1_403.png,0,0,1,0,0,train
incomplete_molding_ng_camera_1_404,images/incomplete_molding_ng/incomplete_molding_ng_camera_1_404.png,0,0,1,0,0,train
incomplete_molding_ng_camera_1_405,images/incomplete_molding_ng/incomplete_molding_ng_camera_1_405.png,0,0,1,0,0,train
incomplete_molding_ng_camera_1_406,images/incomplete_molding_ng/incomplete_molding_ng_camera_1_406.png,0,0,1,0,0,val
incomplete_molding_ng_camera_1_41,images/incomplete_molding_ng/incomplete_molding_ng_camera_1_41.png,0,0,1,0,0,val
incomplete_molding_ng_camera_1_42,images/incomplete_molding_ng/incomplete_molding_ng_camera_1_42.png,0,0,1,0,0,train
incomplete_molding_ng_camera_1_43,images/incomplete_molding_ng/incomplete_molding_ng_camera_1_43.png,0,0,1,0,0,train
incomplete_molding_ng_camera_1_44,images/incomplete_molding_ng/incomplete_molding_ng_camera_1_44.png,0,0,1,0,0,train
incomplete_molding_ng_camera_1_45,images/incomplete_molding_ng/incomplete_molding_ng_camera_1_45.png,0,0,1,0,0,train
incomplete_molding_ng_camera_1_46,images/incomplete_molding_ng/incomplete_molding_ng_camera_1_46.png,0,0,1,0,0,test
incomplete_molding_ng_camera_1_47,images/incomplete_molding_ng/incomplete_molding_ng_camera_1_47.png,0,0,1,0,0,train
incomplete_molding_ng_camera_1_48,images/incomplete_molding_ng/incomplete_molding_ng_camera_1_48.png,0,0,1,0,0,val
incomplete_molding_ng_camera_1_49,images/incomplete_molding_ng/incomplete_molding_ng_camera_1_49.png,0,0,1,0,0,train
incomplete_molding_ng_camera_1_5,images/incomplete_molding_ng/incomplete_molding_ng_camera_1_5.png,0,0,1,0,0,train
incomplete_molding_ng_camera_1_50,images/incomplete_molding_ng/incomplete_molding_ng_camera_1_50.png,0,0,1,0,0,train
incomplete_molding_ng_camera_1_51,images/incomplete_molding_ng/incomplete_molding_ng_camera_1_51.png,0,0,1,0,0,train
incomplete_molding_ng_camera_1_52,images/incomplete_molding_ng/incomplete_molding_ng_camera_1_52.png,0,0,1,0,0,train
incomplete_molding_ng_camera_1_53,images/incomplete_molding_ng/incomplete_molding_ng_camera_1_53.png,0,0,1,0,0,train
incomplete_molding_ng_camera_1_54,images/incomplete_molding_ng/incomplete_molding_ng_camera_1_54.png,0,0,1,0,0,val
incomplete_molding_ng_camera_1_55,images/incomplete_molding_ng/incomplete_molding_ng_camera_1_55.png,0,0,1,0,0,train
incomplete_molding_ng_camera_1_56,images/incomplete_molding_ng/incomplete_molding_ng_camera_1_56.png,0,0,1,0,0,train
incomplete_molding_ng_camera_1_57,images/incomplete_molding_ng/incomplete_molding_ng_camera_1_57.png,0,0,1,0,0,train
incomplete_molding_ng_camera_1_58,images/incomplete_molding_ng/incomplete_molding_ng_camera_1_58.png,0,0,1,0,0,test
incomplete_molding_ng_camera_1_59,images/incomplete_molding_ng/incomplete_molding_ng_camera_1_59.png,0,0,1,0,0,train
incomplete_molding_ng_camera_1_6,images/incomplete_molding_ng/incomplete_molding_ng_camera_1_6.png,0,0,1,0,0,train
incomplete_molding_ng_camera_1_60,images/incomplete_molding_ng/incomplete_molding_ng_camera_1_60.png,0,0,1,0,0,train
incomplete_molding_ng_camera_1_61,images/incomplete_molding_ng/incomplete_molding_ng_camera_1_61.png,0,0,1,0,0,val
incomplete_molding_ng_camera_1_62,images/incomplete_molding_ng/incomplete_molding_ng_camera_1_62.png,0,0,1,0,0,train
incomplete_molding_ng_camera_1_63,images/incomplete_molding_ng/incomplete_molding_ng_camera_1_63.png,0,0,1,0,0,train
incomplete_molding_ng_camera_1_64,images/incomplete_molding_ng/incomplete_molding_ng_camera_1_64.png,0,0,1,0,0,val
incomplete_molding_ng_camera_1_65,images/incomplete_molding_ng/incomplete_molding_ng_camera_1_65.png,0,0,1,0,0,val
incomplete_molding_ng_camera_1_66,images/incomplete_molding_ng/incomplete_molding_ng_camera_1_66.png,0,0,1,0,0,train
incomplete_molding_ng_camera_1_67,images/incomplete_molding_ng/incomplete_molding_ng_camera_1_67.png,0,0,1,0,0,train
incomplete_molding_ng_camera_1_68,images/incomplete_molding_ng/incomplete_molding_ng_camera_1_68.png,0,0,1,0,0,val
incomplete_molding_ng_camera_1_69,images/incomplete_molding_ng/incomplete_molding_ng_camera_1_69.png,0,0,1,0,0,train
incomplete_molding_ng_camera_1_7,images/incomplete_molding_ng/incomplete_molding_ng_camera_1_7.png,0,0,1,0,0,train
incomplete_molding_ng_camera_1_70,images/incomplete_molding_ng/incomplete_molding_ng_camera_1_70.png,0,0,1,0,0,val
incomplete_molding_ng_camera_1_71,images/incomplete_molding_ng/incomplete_molding_ng_camera_1_71.png,0,0,1,0,0,train
incomplete_molding_ng_camera_1_72,images/incomplete_molding_ng/incomplete_molding_ng_camera_1_72.png,0,0,1,0,0,train
incomplete_molding_ng_camera_1_73,images/incomplete_molding_ng/incomplete_molding_ng_camera_1_73.png,0,0,1,0,0,train
incomplete_molding_ng_camera_1_74,images/incomplete_molding_ng/incomplete_molding_ng_camera_1_74.png,0,0,1,0,0,train
incomplete_molding_ng_camera_1_75,images/incomplete_molding_ng/incomplete_molding_ng_camera_1_75.png,0,0,1,0,0,train
incomplete_molding_ng_camera_1_76,images/incomplete_molding_ng/incomplete_molding_ng_camera_1_76.png,0,0,1,0,0,train
incomplete_molding_ng_camera_1_77,images/incomplete_molding_ng/incomplete_molding_ng_camera_1_77.png,0,0,1,0,0,train
incomplete_molding_ng_camera_1_78,images/incomplete_molding_ng/incomplete_molding_ng_camera_1_78.png,0,0,1,0,0,test
incomplete_molding_ng_camera_1_79,images/incomplete_molding_ng/incomplete_molding_ng_camera_1_79.png,0,0,1,0,0,train
incomplete_molding_ng_camera_1_8,images/incomplete_molding_ng/incomplete_molding_ng_camera_1_8.png,0,0,1,0,0,test
incomplete_molding_ng_camera_1_80,images/incomplete_molding_ng/incomplete_molding_ng_camera_1_80.png,0,0,1,0,0,train
incomplete_molding_ng_camera_1_81,images/incomplete_molding_ng/incomplete_molding_ng_camera_1_81.png,0,0,1,0,0,train
incomplete_molding_ng_camera_1_82,images/incomplete_molding_ng/incomplete_molding_ng_camera_1_82.png,0,0,1,0,0,train
incomplete_molding_ng_camera_1_83,images/incomplete_molding_ng/incomplete_molding_ng_camera_1_83.png,0,0,1,0,0,train
incomplete_molding_ng_camera_1_84,images/incomplete_molding_ng/incomplete_molding_ng_camera_1_84.png,0,0,1,0,0,test
incomplete_molding_ng_camera_1_85,images/incomplete_molding_ng/incomplete_molding_ng_camera_1_85.png,0,0,1,0,0,train
incomplete_molding_ng_camera_1_86,images/incomplete_molding_ng/incomplete_molding_ng_camera_1_86.png,0,0,1,0,0,train
incomplete_molding_ng_camera_1_87,images/incomplete_molding_ng/incomplete_molding_ng_camera_1_87.png,0,0,1,0,0,train
incomplete_molding_ng_camera_1_88,images/incomplete_molding_ng/incomplete_molding_ng_camera_1_88.png,0,0,1,0,0,train
incomplete_molding_ng_camera_1_89,images/incomplete_molding_ng/incomplete_molding_ng_camera_1_89.png,0,0,1,0,0,train
incomplete_molding_ng_camera_1_9,images/incomplete_molding_ng/incomplete_molding_ng_camera_1_9.png,0,0,1,0,0,train
incomplete_molding_ng_camera_1_90,images/incomplete_molding_ng/incomplete_molding_ng_camera_1_90.png,0,0,1,0,0,val
incomplete_molding_ng_camera_1_91,images/incomplete_molding_ng/incomplete_molding_ng_camera_1_91.png,0,0,1,0,0,train
incomplete_molding_ng_camera_1_92,images/incomplete_molding_ng/incomplete_molding_ng_camera_1_92.png,0,0,1,0,0,train
incomplete_molding_ng_camera_1_93,images/incomplete_molding_ng/incomplete_molding_ng_camera_1_93.png,0,0,1,0,0,train
incomplete_molding_ng_camera_1_94,images/incomplete_molding_ng/incomplete_molding_ng_camera_1_94.png,0,0,1,0,0,train
incomplete_molding_ng_camera_1_95,images/incomplete_molding_ng/incomplete_molding_ng_camera_1_95.png,0,0,1,0,0,val
incomplete_molding_ng_camera_1_96,images/incomplete_molding_ng/incomplete_molding_ng_camera_1_96.png,0,0,1,0,0,train
incomplete_molding_ng_camera_1_97,images/incomplete_molding_ng/incomplete_molding_ng_camera_1_97.png,0,0,1,0,0,train
incomplete_molding_ng_camera_1_98,images/incomplete_molding_ng/incomplete_molding_ng_camera_1_98.png,0,0,1,0,0,train
incomplete_molding_ng_camera_1_99,images/incomplete_molding_ng/incomplete_molding_ng_camera_1_99.png,0,0,1,0,0,train
incomplete_molding_ng_camera_2_1,images/incomplete_molding_ng/incomplete_molding_ng_camera_2_1.png,0,0,1,0,0,train
incomplete_molding_ng_camera_2_10,images/incomplete_molding_ng/incomplete_molding_ng_camera_2_10.png,0,0,1,0,0,train
incomplete_molding_ng_camera_2_101,images/incomplete_molding_ng/incomplete_molding_ng_camera_2_101.png,0,0,1,0,0,train
incomplete_molding_ng_camera_2_102,images/incomplete_molding_ng/incomplete_molding_ng_camera_2_102.png,0,0,1,0,0,train
incomplete_molding_ng_camera_2_103,images/incomplete_molding_ng/incomplete_molding_ng_camera_2_103.png,0,0,1,0,0,train
incomplete_molding_ng_camera_2_104,images/incomplete_molding_ng/incomplete_molding_ng_camera_2_104.png,0,0,1,0,0,test
incomplete_molding_ng_camera_2_105,images/incomplete_molding_ng/incomplete_molding_ng_camera_2_105.png,0,0,1,0,0,train
incomplete_molding_ng_camera_2_106,images/incomplete_molding_ng/incomplete_molding_ng_camera_2_106.png,0,0,1,0,0,val
incomplete_molding_ng_camera_2_107,images/incomplete_molding_ng/incomplete_molding_ng_camera_2_107.png,0,0,1,0,0,train
incomplete_molding_ng_camera_2_108,images/incomplete_molding_ng/incomplete_molding_ng_camera_2_108.png,0,0,1,0,0,train
incomplete_molding_ng_camera_2_11,images/incomplete_molding_ng/incomplete_molding_ng_camera_2_11.png,0,0,1,0,0,val
incomplete_molding_ng_camera_2_110,images/incomplete_molding_ng/incomplete_molding_ng_camera_2_110.png,0,0,1,0,0,train
incomplete_molding_ng_camera_2_111,images/incomplete_molding_ng/incomplete_molding_ng_camera_2_111.png,0,0,1,0,0,val
incomplete_molding_ng_camera_2_112,images/incomplete_molding_ng/incomplete_molding_ng_camera_2_112.png,0,0,1,0,0,train
incomplete_molding_ng_camera_2_113,images/incomplete_molding_ng/incomplete_molding_ng_camera_2_113.png,0,0,1,0,0,train
incomplete_molding_ng_camera_2_114,images/incomplete_molding_ng/incomplete_molding_ng_camera_2_114.png,0,0,1,0,0,train
incomplete_molding_ng_camera_2_115,images/incomplete_molding_ng/incomplete_molding_ng_camera_2_115.png,0,0,1,0,0,test
incomplete_molding_ng_camera_2_117,images/incomplete_molding_ng/incomplete_molding_ng_camera_2_117.png,0,0,1,0,0,train
incomplete_molding_ng_camera_2_119,images/incomplete_molding_ng/incomplete_molding_ng_camera_2_119.png,0,0,1,0,0,train
incomplete_molding_ng_camera_2_12,images/incomplete_molding_ng/incomplete_molding_ng_camera_2_12.png,0,0,1,0,0,train
incomplete_molding_ng_camera_2_120,images/incomplete_molding_ng/incomplete_molding_ng_camera_2_120.png,0,0,1,0,0,train
incomplete_molding_ng_camera_2_121,images/incomplete_molding_ng/incomplete_molding_ng_camera_2_121.png,0,0,1,0,0,train
incomplete_molding_ng_camera_2_122,images/incomplete_molding_ng/incomplete_molding_ng_camera_2_122.png,0,0,1,0,0,train
incomplete_molding_ng_camera_2_123,images/incomplete_molding_ng/incomplete_molding_ng_camera_2_123.png,0,0,1,0,0,train
incomplete_molding_ng_camera_2_124,images/incomplete_molding_ng/incomplete_molding_ng_camera_2_124.png,0,0,1,0,0,train
incomplete_molding_ng_camera_2_125,images/incomplete_molding_ng/incomplete_molding_ng_camera_2_125.png,0,0,1,0,0,train
incomplete_molding_ng_camera_2_126,images/incomplete_molding_ng/incomplete_molding_ng_camera_2_126.png,0,0,1,0,0,val
incomplete_molding_ng_camera_2_127,images/incomplete_molding_ng/incomplete_molding_ng_camera_2_127.png,0,0,1,0,0,val
incomplete_molding_ng_camera_2_128,images/incomplete_molding_ng/incomplete_molding_ng_camera_2_128.png,0,0,1,0,0,val
incomplete_molding_ng_camera_2_129,images/incomplete_molding_ng/incomplete_molding_ng_camera_2_129.png,0,0,1,0,0,train
incomplete_molding_ng_camera_2_13,images/incomplete_molding_ng/incomplete_molding_ng_camera_2_13.png,0,0,1,0,0,train
incomplete_molding_ng_camera_2_132,images/incomplete_molding_ng/incomplete_molding_ng_camera_2_132.png,0,0,1,0,0,val
incomplete_molding_ng_camera_2_133,images/incomplete_molding_ng/incomplete_molding_ng_camera_2_133.png,0,0,1,0,0,train
incomplete_molding_ng_camera_2_134,images/incomplete_molding_ng/incomplete_molding_ng_camera_2_134.png,0,0,1,0,0,train
incomplete_molding_ng_camera_2_135,images/incomplete_molding_ng/incomplete_molding_ng_camera_2_135.png,0,0,1,0,0,train
incomplete_molding_ng_camera_2_136,images/incomplete_molding_ng/incomplete_molding_ng_camera_2_136.png,0,0,1,0,0,train
incomplete_molding_ng_camera_2_137,images/incomplete_molding_ng/incomplete_molding_ng_camera_2_137.png,0,0,1,0,0,train
incomplete_molding_ng_camera_2_138,images/incomplete_molding_ng/incomplete_molding_ng_camera_2_138.png,0,0,1,0,0,train
incomplete_molding_ng_camera_2_139,images/incomplete_molding_ng/incomplete_molding_ng_camera_2_139.png,0,0,1,0,0,train
incomplete_molding_ng_camera_2_14,images/incomplete_molding_ng/incomplete_molding_ng_camera_2_14.png,0,0,1,0,0,test
incomplete_molding_ng_camera_2_140,images/incomplete_molding_ng/incomplete_molding_ng_camera_2_140.png,0,0,1,0,0,test
incomplete_molding_ng_camera_2_141,images/incomplete_molding_ng/incomplete_molding_ng_camera_2_141.png,0,0,1,0,0,test
incomplete_molding_ng_camera_2_142,images/incomplete_molding_ng/incomplete_molding_ng_camera_2_142.png,0,0,1,0,0,train
incomplete_molding_ng_camera_2_145,images/incomplete_molding_ng/incomplete_molding_ng_camera_2_145.png,0,0,1,0,0,val
incomplete_molding_ng_camera_2_146,images/incomplete_molding_ng/incomplete_molding_ng_camera_2_146.png,0,0,1,0,0,train
incomplete_molding_ng_camera_2_147,images/incomplete_molding_ng/incomplete_molding_ng_camera_2_147.png,0,0,1,0,0,train
incomplete_molding_ng_camera_2_148,images/incomplete_molding_ng/incomplete_molding_ng_camera_2_148.png,0,0,1,0,0,test
incomplete_molding_ng_camera_2_149,images/incomplete_molding_ng/incomplete_molding_ng_camera_2_149.png,0,0,1,0,0,train
incomplete_molding_ng_camera_2_15,images/incomplete_molding_ng/incomplete_molding_ng_camera_2_15.png,0,0,1,0,0,train
incomplete_molding_ng_camera_2_150,images/incomplete_molding_ng/incomplete_molding_ng_camera_2_150.png,0,0,1,0,0,train
incomplete_molding_ng_camera_2_151,images/incomplete_molding_ng/incomplete_molding_ng_camera_2_151.png,0,0,1,0,0,train
incomplete_molding_ng_camera_2_152,images/incomplete_molding_ng/incomplete_molding_ng_camera_2_152.png,0,0,1,0,0,val
incomplete_molding_ng_camera_2_153,images/incomplete_molding_ng/incomplete_molding_ng_camera_2_153.png,0,0,1,0,0,train
incomplete_molding_ng_camera_2_154,images/incomplete_molding_ng/incomplete_molding_ng_camera_2_154.png,0,0,1,0,0,test
incomplete_molding_ng_camera_2_155,images/incomplete_molding_ng/incomplete_molding_ng_camera_2_155.png,0,0,1,0,0,train
incomplete_molding_ng_camera_2_156,images/incomplete_molding_ng/incomplete_molding_ng_camera_2_156.png,0,0,1,0,0,train
incomplete_molding_ng_camera_2_157,images/incomplete_molding_ng/incomplete_molding_ng_camera_2_157.png,0,0,1,0,0,train
incomplete_molding_ng_camera_2_158,images/incomplete_molding_ng/incomplete_molding_ng_camera_2_158.png,0,0,1,0,0,val
incomplete_molding_ng_camera_2_159,images/incomplete_molding_ng/incomplete_molding_ng_camera_2_159.png,0,0,1,0,0,val
incomplete_molding_ng_camera_2_16,images/incomplete_molding_ng/incomplete_molding_ng_camera_2_16.png,0,0,1,0,0,train
incomplete_molding_ng_camera_2_160,images/incomplete_molding_ng/incomplete_molding_ng_camera_2_160.png,0,0,1,0,0,val
incomplete_molding_ng_camera_2_161,images/incomplete_molding_ng/incomplete_molding_ng_camera_2_161.png,0,0,1,0,0,train
incomplete_molding_ng_camera_2_162,images/incomplete_molding_ng/incomplete_molding_ng_camera_2_162.png,0,0,1,0,0,train
incomplete_molding_ng_camera_2_163,images/incomplete_molding_ng/incomplete_molding_ng_camera_2_163.png,0,0,1,0,0,train
incomplete_molding_ng_camera_2_164,images/incomplete_molding_ng/incomplete_molding_ng_camera_2_164.png,0,0,1,0,0,train
incomplete_molding_ng_camera_2_165,images/incomplete_molding_ng/incomplete_molding_ng_camera_2_165.png,0,0,1,0,0,val
incomplete_molding_ng_camera_2_166,images/incomplete_molding_ng/incomplete_molding_ng_camera_2_166.png,0,0,1,0,0,train
incomplete_molding_ng_camera_2_167,images/incomplete_molding_ng/incomplete_molding_ng_camera_2_167.png,0,0,1,0,0,test
incomplete_molding_ng_camera_2_168,images/incomplete_molding_ng/incomplete_molding_ng_camera_2_168.png,0,0,1,0,0,val
incomplete_molding_ng_camera_2_169,images/incomplete_molding_ng/incomplete_molding_ng_camera_2_169.png,0,0,1,0,0,val
incomplete_molding_ng_camera_2_17,images/incomplete_molding_ng/incomplete_molding_ng_camera_2_17.png,0,0,1,0,0,train
incomplete_molding_ng_camera_2_170,images/incomplete_molding_ng/incomplete_molding_ng_camera_2_170.png,0,0,1,0,0,train
incomplete_molding_ng_camera_2_172,images/incomplete_molding_ng/incomplete_molding_ng_camera_2_172.png,0,0,1,0,0,train
incomplete_molding_ng_camera_2_173,images/incomplete_molding_ng/incomplete_molding_ng_camera_2_173.png,0,0,1,0,0,val
incomplete_molding_ng_camera_2_174,images/incomplete_molding_ng/incomplete_molding_ng_camera_2_174.png,0,0,1,0,0,train
incomplete_molding_ng_camera_2_175,images/incomplete_molding_ng/incomplete_molding_ng_camera_2_175.png,0,0,1,0,0,train
incomplete_molding_ng_camera_2_176,images/incomplete_molding_ng/incomplete_molding_ng_camera_2_176.png,0,0,1,0,0,train
incomplete_molding_ng_camera_2_178,images/incomplete_molding_ng/incomplete_molding_ng_camera_2_178.png,0,0,1,0,0,val
incomplete_molding_ng_camera_2_18,images/incomplete_molding_ng/incomplete_molding_ng_camera_2_18.png,0,0,1,0,0,val
incomplete_molding_ng_camera_2_180,images/incomplete_molding_ng/incomplete_molding_ng_camera_2_180.png,0,0,1,0,0,train
incomplete_molding_ng_camera_2_182,images/incomplete_molding_ng/incomplete_molding_ng_camera_2_182.png,0,0,1,0,0,train
incomplete_molding_ng_camera_2_183,images/incomplete_molding_ng/incomplete_molding_ng_camera_2_183.png,0,0,1,0,0,train
incomplete_molding_ng_camera_2_184,images/incomplete_molding_ng/incomplete_molding_ng_camera_2_184.png,0,0,1,0,0,train
incomplete_molding_ng_camera_2_187,images/incomplete_molding_ng/incomplete_molding_ng_camera_2_187.png,0,0,1,0,0,train
incomplete_molding_ng_camera_2_188,images/incomplete_molding_ng/incomplete_molding_ng_camera_2_188.png,0,0,1,0,0,train
incomplete_molding_ng_camera_2_189,images/incomplete_molding_ng/incomplete_molding_ng_camera_2_189.png,0,0,1,0,0,train
incomplete_molding_ng_camera_2_19,images/incomplete_molding_ng/incomplete_molding_ng_camera_2_19.png,0,0,1,0,0,train
incomplete_molding_ng_camera_2_190,images/incomplete_molding_ng/incomplete_molding_ng_camera_2_190.png,0,0,1,0,0,test
incomplete_molding_ng_camera_2_191,images/incomplete_molding_ng/incomplete_molding_ng_camera_2_191.png,0,0,1,0,0,train
incomplete_molding_ng_camera_2_192,images/incomplete_molding_ng/incomplete_molding_ng_camera_2_192.png,0,0,1,0,0,val
incomplete_molding_ng_camera_2_195,images/incomplete_molding_ng/incomplete_molding_ng_camera_2_195.png,0,0,1,0,0,train
incomplete_molding_ng_camera_2_196,images/incomplete_molding_ng/incomplete_molding_ng_camera_2_196.png,0,0,1,0,0,train
incomplete_molding_ng_camera_2_197,images/incomplete_molding_ng/incomplete_molding_ng_camera_2_197.png,0,0,1,0,0,train
incomplete_molding_ng_camera_2_198,images/incomplete_molding_ng/incomplete_molding_ng_camera_2_198.png,0,0,1,0,0,train
incomplete_molding_ng_camera_2_2,images/incomplete_molding_ng/incomplete_molding_ng_camera_2_2.png,0,0,1,0,0,train
incomplete_molding_ng_camera_2_20,images/incomplete_molding_ng/incomplete_molding_ng_camera_2_20.png,0,0,1,0,0,train
incomplete_molding_ng_camera_2_200,images/incomplete_molding_ng/incomplete_molding_ng_camera_2_200.png,0,0,1,0,0,train
incomplete_molding_ng_camera_2_202,images/incomplete_molding_ng/incomplete_molding_ng_camera_2_202.png,0,0,1,0,0,train
incomplete_molding_ng_camera_2_204,images/incomplete_molding_ng/incomplete_molding_ng_camera_2_204.png,0,0,1,0,0,val
incomplete_molding_ng_camera_2_206,images/incomplete_molding_ng/incomplete_molding_ng_camera_2_206.png,0,0,1,0,0,val
incomplete_molding_ng_camera_2_209,images/incomplete_molding_ng/incomplete_molding_ng_camera_2_209.png,0,0,1,0,0,train
incomplete_molding_ng_camera_2_21,images/incomplete_molding_ng/incomplete_molding_ng_camera_2_21.png,0,0,1,0,0,train
incomplete_molding_ng_camera_2_210,images/incomplete_molding_ng/incomplete_molding_ng_camera_2_210.png,0,0,1,0,0,val
incomplete_molding_ng_camera_2_214,images/incomplete_molding_ng/incomplete_molding_ng_camera_2_214.png,0,0,1,0,0,val
incomplete_molding_ng_camera_2_215,images/incomplete_molding_ng/incomplete_molding_ng_camera_2_215.png,0,0,1,0,0,test
incomplete_molding_ng_camera_2_217,images/incomplete_molding_ng/incomplete_molding_ng_camera_2_217.png,0,0,1,0,0,test
incomplete_molding_ng_camera_2_218,images/incomplete_molding_ng/incomplete_molding_ng_camera_2_218.png,0,0,1,0,0,train
incomplete_molding_ng_camera_2_219,images/incomplete_molding_ng/incomplete_molding_ng_camera_2_219.png,0,0,1,0,0,train
incomplete_molding_ng_camera_2_22,images/incomplete_molding_ng/incomplete_molding_ng_camera_2_22.png,0,0,1,0,0,train
incomplete_molding_ng_camera_2_220,images/incomplete_molding_ng/incomplete_molding_ng_camera_2_220.png,0,0,1,0,0,val
incomplete_molding_ng_camera_2_222,images/incomplete_molding_ng/incomplete_molding_ng_camera_2_222.png,0,0,1,0,0,val
incomplete_molding_ng_camera_2_223,images/incomplete_molding_ng/incomplete_molding_ng_camera_2_223.png,0,0,1,0,0,val
incomplete_molding_ng_camera_2_225,images/incomplete_molding_ng/incomplete_molding_ng_camera_2_225.png,0,0,1,0,0,train
incomplete_molding_ng_camera_2_227,images/incomplete_molding_ng/incomplete_molding_ng_camera_2_227.png,0,0,1,0,0,train
incomplete_molding_ng_camera_2_229,images/incomplete_molding_ng/incomplete_molding_ng_camera_2_229.png,0,0,1,0,0,train
incomplete_molding_ng_camera_2_23,images/incomplete_molding_ng/incomplete_molding_ng_camera_2_23.png,0,0,1,0,0,test
incomplete_molding_ng_camera_2_230,images/incomplete_molding_ng/incomplete_molding_ng_camera_2_230.png,0,0,1,0,0,val
incomplete_molding_ng_camera_2_231,images/incomplete_molding_ng/incomplete_molding_ng_camera_2_231.png,0,0,1,0,0,train
incomplete_molding_ng_camera_2_232,images/incomplete_molding_ng/incomplete_molding_ng_camera_2_232.png,0,0,1,0,0,train
incomplete_molding_ng_camera_2_235,images/incomplete_molding_ng/incomplete_molding_ng_camera_2_235.png,0,0,1,0,0,val
incomplete_molding_ng_camera_2_236,images/incomplete_molding_ng/incomplete_molding_ng_camera_2_236.png,0,0,1,0,0,train
incomplete_molding_ng_camera_2_238,images/incomplete_molding_ng/incomplete_molding_ng_camera_2_238.png,0,0,1,0,0,train
incomplete_molding_ng_camera_2_239,images/incomplete_molding_ng/incomplete_molding_ng_camera_2_239.png,0,0,1,0,0,train
incomplete_molding_ng_camera_2_240,images/incomplete_molding_ng/incomplete_molding_ng_camera_2_240.png,0,0,1,0,0,val
incomplete_molding_ng_camera_2_242,images/incomplete_molding_ng/incomplete_molding_ng_camera_2_242.png,0,0,1,0,0,train
incomplete_molding_ng_camera_2_243,images/incomplete_molding_ng/incomplete_molding_ng_camera_2_243.png,0,0,1,0,0,train
incomplete_molding_ng_camera_2_245,images/incomplete_molding_ng/incomplete_molding_ng_camera_2_245.png,0,0,1,0,0,train
incomplete_molding_ng_camera_2_246,images/incomplete_molding_ng/incomplete_molding_ng_camera_2_246.png,0,0,1,0,0,train
incomplete_molding_ng_camera_2_247,images/incomplete_molding_ng/incomplete_molding_ng_camera_2_247.png,0,0,1,0,0,train
incomplete_molding_ng_camera_2_249,images/incomplete_molding_ng/incomplete_molding_ng_camera_2_249.png,0,0,1,0,0,train
incomplete_molding_ng_camera_2_25,images/incomplete_molding_ng/incomplete_molding_ng_camera_2_25.png,0,0,1,0,0,train
incomplete_molding_ng_camera_2_250,images/incomplete_molding_ng/incomplete_molding_ng_camera_2_250.png,0,0,1,0,0,train
incomplete_molding_ng_camera_2_251,images/incomplete_molding_ng/incomplete_molding_ng_camera_2_251.png,0,0,1,0,0,train
incomplete_molding_ng_camera_2_253,images/incomplete_molding_ng/incomplete_molding_ng_camera_2_253.png,0,0,1,0,0,test
incomplete_molding_ng_camera_2_255,images/incomplete_molding_ng/incomplete_molding_ng_camera_2_255.png,0,0,1,0,0,train
incomplete_molding_ng_camera_2_256,images/incomplete_molding_ng/incomplete_molding_ng_camera_2_256.png,0,0,1,0,0,val
incomplete_molding_ng_camera_2_258,images/incomplete_molding_ng/incomplete_molding_ng_camera_2_258.png,0,0,1,0,0,train
incomplete_molding_ng_camera_2_259,images/incomplete_molding_ng/incomplete_molding_ng_camera_2_259.png,0,0,1,0,0,train
incomplete_molding_ng_camera_2_26,images/incomplete_molding_ng/incomplete_molding_ng_camera_2_26.png,0,0,1,0,0,train
incomplete_molding_ng_camera_2_260,images/incomplete_molding_ng/incomplete_molding_ng_camera_2_260.png,0,0,1,0,0,train
incomplete_molding_ng_camera_2_261,images/incomplete_molding_ng/incomplete_molding_ng_camera_2_261.png,0,0,1,0,0,train
incomplete_molding_ng_camera_2_262,images/incomplete_molding_ng/incomplete_molding_ng_camera_2_262.png,0,0,1,0,0,train
incomplete_molding_ng_camera_2_263,images/incomplete_molding_ng/incomplete_molding_ng_camera_2_263.png,0,0,1,0,0,val
incomplete_molding_ng_camera_2_264,images/incomplete_molding_ng/incomplete_molding_ng_camera_2_264.png,0,0,1,0,0,val
incomplete_molding_ng_camera_2_266,images/incomplete_molding_ng/incomplete_molding_ng_camera_2_266.png,0,0,1,0,0,train
incomplete_molding_ng_camera_2_267,images/incomplete_molding_ng/incomplete_molding_ng_camera_2_267.png,0,0,1,0,0,test
incomplete_molding_ng_camera_2_268,images/incomplete_molding_ng/incomplete_molding_ng_camera_2_268.png,0,0,1,0,0,train
incomplete_molding_ng_camera_2_269,images/incomplete_molding_ng/incomplete_molding_ng_camera_2_269.png,0,0,1,0,0,test
incomplete_molding_ng_camera_2_27,images/incomplete_molding_ng/incomplete_molding_ng_camera_2_27.png,0,0,1,0,0,train
incomplete_molding_ng_camera_2_270,images/incomplete_molding_ng/incomplete_molding_ng_camera_2_270.png,0,0,1,0,0,train
incomplete_molding_ng_camera_2_272,images/incomplete_molding_ng/incomplete_molding_ng_camera_2_272.png,0,0,1,0,0,train
incomplete_molding_ng_camera_2_273,images/incomplete_molding_ng/incomplete_molding_ng_camera_2_273.png,0,0,1,0,0,train
incomplete_molding_ng_camera_2_274,images/incomplete_molding_ng/incomplete_molding_ng_camera_2_274.png,0,0,1,0,0,train
incomplete_molding_ng_camera_2_276,images/incomplete_molding_ng/incomplete_molding_ng_camera_2_276.png,0,0,1,0,0,train
incomplete_molding_ng_camera_2_279,images/incomplete_molding_ng/incomplete_molding_ng_camera_2_279.png,0,0,1,0,0,train
incomplete_molding_ng_camera_2_28,images/incomplete_molding_ng/incomplete_molding_ng_camera_2_28.png,0,0,1,0,0,val
incomplete_molding_ng_camera_2_280,images/incomplete_molding_ng/incomplete_molding_ng_camera_2_280.png,0,0,1,0,0,val
incomplete_molding_ng_camera_2_281,images/incomplete_molding_ng/incomplete_molding_ng_camera_2_281.png,0,0,1,0,0,train
incomplete_molding_ng_camera_2_283,images/incomplete_molding_ng/incomplete_molding_ng_camera_2_283.png,0,0,1,0,0,val
incomplete_molding_ng_camera_2_284,images/incomplete_molding_ng/incomplete_molding_ng_camera_2_284.png,0,0,1,0,0,train
incomplete_molding_ng_camera_2_286,images/incomplete_molding_ng/incomplete_molding_ng_camera_2_286.png,0,0,1,0,0,train
incomplete_molding_ng_camera_2_288,images/incomplete_molding_ng/incomplete_molding_ng_camera_2_288.png,0,0,1,0,0,train
incomplete_molding_ng_camera_2_29,images/incomplete_molding_ng/incomplete_molding_ng_camera_2_29.png,0,0,1,0,0,train
incomplete_molding_ng_camera_2_291,images/incomplete_molding_ng/incomplete_molding_ng_camera_2_291.png,0,0,1,0,0,train
incomplete_molding_ng_camera_2_293,images/incomplete_molding_ng/incomplete_molding_ng_camera_2_293.png,0,0,1,0,0,train
incomplete_molding_ng_camera_2_294,images/incomplete_molding_ng/incomplete_molding_ng_camera_2_294.png,0,0,1,0,0,train
incomplete_molding_ng_camera_2_295,images/incomplete_molding_ng/incomplete_molding_ng_camera_2_295.png,0,0,1,0,0,train
incomplete_molding_ng_camera_2_298,images/incomplete_molding_ng/incomplete_molding_ng_camera_2_298.png,0,0,1,0,0,val
incomplete_molding_ng_camera_2_3,images/incomplete_molding_ng/incomplete_molding_ng_camera_2_3.png,0,0,1,0,0,train
incomplete_molding_ng_camera_2_30,images/incomplete_molding_ng/incomplete_molding_ng_camera_2_30.png,0,0,1,0,0,train
incomplete_molding_ng_camera_2_300,images/incomplete_molding_ng/incomplete_molding_ng_camera_2_300.png,0,0,1,0,0,train
incomplete_molding_ng_camera_2_301,images/incomplete_molding_ng/incomplete_molding_ng_camera_2_301.png,0,0,1,0,0,train
incomplete_molding_ng_camera_2_302,images/incomplete_molding_ng/incomplete_molding_ng_camera_2_302.png,0,0,1,0,0,train
incomplete_molding_ng_camera_2_309,images/incomplete_molding_ng/incomplete_molding_ng_camera_2_309.png,0,0,1,0,0,train
incomplete_molding_ng_camera_2_31,images/incomplete_molding_ng/incomplete_molding_ng_camera_2_31.png,0,0,1,0,0,train
incomplete_molding_ng_camera_2_311,images/incomplete_molding_ng/incomplete_molding_ng_camera_2_311.png,0,0,1,0,0,val
incomplete_molding_ng_camera_2_313,images/incomplete_molding_ng/incomplete_molding_ng_camera_2_313.png,0,0,1,0,0,train
incomplete_molding_ng_camera_2_314,images/incomplete_molding_ng/incomplete_molding_ng_camera_2_314.png,0,0,1,0,0,train
incomplete_molding_ng_camera_2_315,images/incomplete_molding_ng/incomplete_molding_ng_camera_2_315.png,0,0,1,0,0,train
incomplete_molding_ng_camera_2_316,images/incomplete_molding_ng/incomplete_molding_ng_camera_2_316.png,0,0,1,0,0,train
incomplete_molding_ng_camera_2_32,images/incomplete_molding_ng/incomplete_molding_ng_camera_2_32.png,0,0,1,0,0,train
incomplete_molding_ng_camera_2_321,images/incomplete_molding_ng/incomplete_molding_ng_camera_2_321.png,0,0,1,0,0,val
incomplete_molding_ng_camera_2_322,images/incomplete_molding_ng/incomplete_molding_ng_camera_2_322.png,0,0,1,0,0,train
incomplete_molding_ng_camera_2_323,images/incomplete_molding_ng/incomplete_molding_ng_camera_2_323.png,0,0,1,0,0,val
incomplete_molding_ng_camera_2_324,images/incomplete_molding_ng/incomplete_molding_ng_camera_2_324.png,0,0,1,0,0,train
incomplete_molding_ng_camera_2_325,images/incomplete_molding_ng/incomplete_molding_ng_camera_2_325.png,0,0,1,0,0,train
incomplete_molding_ng_camera_2_327,images/incomplete_molding_ng/incomplete_molding_ng_camera_2_327.png,0,0,1,0,0,train
incomplete_molding_ng_camera_2_328,images/incomplete_molding_ng/incomplete_molding_ng_camera_2_328.png,0,0,1,0,0,train
incomplete_molding_ng_camera_2_330,images/incomplete_molding_ng/incomplete_molding_ng_camera_2_330.png,0,0,1,0,0,train
incomplete_molding_ng_camera_2_333,images/incomplete_molding_ng/incomplete_molding_ng_camera_2_333.png,0,0,1,0,0,train
incomplete_molding_ng_camera_2_337,images/incomplete_molding_ng/incomplete_molding_ng_camera_2_337.png,0,0,1,0,0,train
incomplete_molding_ng_camera_2_34,images/incomplete_molding_ng/incomplete_molding_ng_camera_2_34.png,0,0,1,0,0,train
incomplete_molding_ng_camera_2_343,images/incomplete_molding_ng/incomplete_molding_ng_camera_2_343.png,0,0,1,0,0,train
incomplete_molding_ng_camera_2_344,images/incomplete_molding_ng/incomplete_molding_ng_camera_2_344.png,0,0,1,0,0,train
incomplete_molding_ng_camera_2_346,images/incomplete_molding_ng/incomplete_molding_ng_camera_2_346.png,0,0,1,0,0,train
incomplete_molding_ng_camera_2_347,images/incomplete_molding_ng/incomplete_molding_ng_camera_2_347.png,0,0,1,0,0,train
incomplete_molding_ng_camera_2_348,images/incomplete_molding_ng/incomplete_molding_ng_camera_2_348.png,0,0,1,0,0,train
incomplete_molding_ng_camera_2_349,images/incomplete_molding_ng/incomplete_molding_ng_camera_2_349.png,0,0,1,0,0,val
incomplete_molding_ng_camera_2_35,images/incomplete_molding_ng/incomplete_molding_ng_camera_2_35.png,0,0,1,0,0,train
incomplete_molding_ng_camera_2_350,images/incomplete_molding_ng/incomplete_molding_ng_camera_2_350.png,0,0,1,0,0,train
incomplete_molding_ng_camera_2_351,images/incomplete_molding_ng/incomplete_molding_ng_camera_2_351.png,0,0,1,0,0,val
incomplete_molding_ng_camera_2_352,images/incomplete_molding_ng/incomplete_molding_ng_camera_2_352.png,0,0,1,0,0,train
incomplete_molding_ng_camera_2_353,images/incomplete_molding_ng/incomplete_molding_ng_camera_2_353.png,0,0,1,0,0,test
incomplete_molding_ng_camera_2_356,images/incomplete_molding_ng/incomplete_molding_ng_camera_2_356.png,0,0,1,0,0,train
incomplete_molding_ng_camera_2_358,images/incomplete_molding_ng/incomplete_molding_ng_camera_2_358.png,0,0,1,0,0,val
incomplete_molding_ng_camera_2_360,images/incomplete_molding_ng/incomplete_molding_ng_camera_2_360.png,0,0,1,0,0,train
incomplete_molding_ng_camera_2_361,images/incomplete_molding_ng/incomplete_molding_ng_camera_2_361.png,0,0,1,0,0,train
incomplete_molding_ng_camera_2_363,images/incomplete_molding_ng/incomplete_molding_ng_camera_2_363.png,0,0,1,0,0,train
incomplete_molding_ng_camera_2_364,images/incomplete_molding_ng/incomplete_molding_ng_camera_2_364.png,0,0,1,0,0,train
incomplete_molding_ng_camera_2_365,images/incomplete_molding_ng/incomplete_molding_ng_camera_2_365.png,0,0,1,0,0,train
incomplete_molding_ng_camera_2_367,images/incomplete_molding_ng/incomplete_molding_ng_camera_2_367.png,0,0,1,0,0,train
incomplete_molding_ng_camera_2_37,images/incomplete_molding_ng/incomplete_molding_ng_camera_2_37.png,0,0,1,0,0,test
incomplete_molding_ng_camera_2_370,images/incomplete_molding_ng/incomplete_molding_ng_camera_2_370.png,0,0,1,0,0,train
incomplete_molding_ng_camera_2_371,images/incomplete_molding_ng/incomplete_molding_ng_camera_2_371.png,0,0,1,0,0,train
incomplete_molding_ng_camera_2_372,images/incomplete_molding_ng/incomplete_molding_ng_camera_2_372.png,0,0,1,0,0,train
incomplete_molding_ng_camera_2_373,images/incomplete_molding_ng/incomplete_molding_ng_camera_2_373.png,0,0,1,0,0,train
incomplete_molding_ng_camera_2_377,images/incomplete_molding_ng/incomplete_molding_ng_camera_2_377.png,0,0,1,0,0,train
incomplete_molding_ng_camera_2_379,images/incomplete_molding_ng/incomplete_molding_ng_camera_2_379.png,0,0,1,0,0,train
incomplete_molding_ng_camera_2_38,images/incomplete_molding_ng/incomplete_molding_ng_camera_2_38.png,0,0,1,0,0,train
incomplete_molding_ng_camera_2_382,images/incomplete_molding_ng/incomplete_molding_ng_camera_2_382.png,0,0,1,0,0,train
incomplete_molding_ng_camera_2_383,images/incomplete_molding_ng/incomplete_molding_ng_camera_2_383.png,0,0,1,0,0,train
incomplete_molding_ng_camera_2_387,images/incomplete_molding_ng/incomplete_molding_ng_camera_2_387.png,0,0,1,0,0,test
incomplete_molding_ng_camera_2_39,images/incomplete_molding_ng/incomplete_molding_ng_camera_2_39.png,0,0,1,0,0,val
incomplete_molding_ng_camera_2_393,images/incomplete_molding_ng/incomplete_molding_ng_camera_2_393.png,0,0,1,0,0,test
incomplete_molding_ng_camera_2_396,images/incomplete_molding_ng/incomplete_molding_ng_camera_2_396.png,0,0,1,0,0,test
incomplete_molding_ng_camera_2_4,images/incomplete_molding_ng/incomplete_molding_ng_camera_2_4.png,0,0,1,0,0,train
incomplete_molding_ng_camera_2_40,images/incomplete_molding_ng/incomplete_molding_ng_camera_2_40.png,0,0,1,0,0,train
incomplete_molding_ng_camera_2_401,images/incomplete_molding_ng/incomplete_molding_ng_camera_2_401.png,0,0,1,0,0,val
incomplete_molding_ng_camera_2_403,images/incomplete_molding_ng/incomplete_molding_ng_camera_2_403.png,0,0,1,0,0,val
incomplete_molding_ng_camera_2_405,images/incomplete_molding_ng/incomplete_molding_ng_camera_2_405.png,0,0,1,0,0,val
incomplete_molding_ng_camera_2_406,images/incomplete_molding_ng/incomplete_molding_ng_camera_2_406.png,0,0,1,0,0,train
incomplete_molding_ng_camera_2_41,images/incomplete_molding_ng/incomplete_molding_ng_camera_2_41.png,0,0,1,0,0,train
incomplete_molding_ng_camera_2_42,images/incomplete_molding_ng/incomplete_molding_ng_camera_2_42.png,0,0,1,0,0,val
incomplete_molding_ng_camera_2_43,images/incomplete_molding_ng/incomplete_molding_ng_camera_2_43.png,0,0,1,0,0,train
incomplete_molding_ng_camera_2_44,images/incomplete_molding_ng/incomplete_molding_ng_camera_2_44.png,0,0,1,0,0,train
incomplete_molding_ng_camera_2_45,images/incomplete_molding_ng/incomplete_molding_ng_camera_2_45.png,0,0,1,0,0,train
incomplete_molding_ng_camera_2_46,images/incomplete_molding_ng/incomplete_molding_ng_camera_2_46.png,0,0,1,0,0,train
incomplete_molding_ng_camera_2_47,images/incomplete_molding_ng/incomplete_molding_ng_camera_2_47.png,0,0,1,0,0,train
incomplete_molding_ng_camera_2_49,images/incomplete_molding_ng/incomplete_molding_ng_camera_2_49.png,0,0,1,0,0,train
incomplete_molding_ng_camera_2_5,images/incomplete_molding_ng/incomplete_molding_ng_camera_2_5.png,0,0,1,0,0,train
incomplete_molding_ng_camera_2_50,images/incomplete_molding_ng/incomplete_molding_ng_camera_2_50.png,0,0,1,0,0,val
incomplete_molding_ng_camera_2_51,images/incomplete_molding_ng/incomplete_molding_ng_camera_2_51.png,0,0,1,0,0,test
incomplete_molding_ng_camera_2_52,images/incomplete_molding_ng/incomplete_molding_ng_camera_2_52.png,0,0,1,0,0,val
incomplete_molding_ng_camera_2_53,images/incomplete_molding_ng/incomplete_molding_ng_camera_2_53.png,0,0,1,0,0,test
incomplete_molding_ng_camera_2_54,images/incomplete_molding_ng/incomplete_molding_ng_camera_2_54.png,0,0,1,0,0,train
incomplete_molding_ng_camera_2_55,images/incomplete_molding_ng/incomplete_molding_ng_camera_2_55.png,0,0,1,0,0,train
incomplete_molding_ng_camera_2_56,images/incomplete_molding_ng/incomplete_molding_ng_camera_2_56.png,0,0,1,0,0,val
incomplete_molding_ng_camera_2_57,images/incomplete_molding_ng/incomplete_molding_ng_camera_2_57.png,0,0,1,0,0,train
incomplete_molding_ng_camera_2_58,images/incomplete_molding_ng/incomplete_molding_ng_camera_2_58.png,0,0,1,0,0,val
incomplete_molding_ng_camera_2_6,images/incomplete_molding_ng/incomplete_molding_ng_camera_2_6.png,0,0,1,0,0,train
incomplete_molding_ng_camera_2_60,images/incomplete_molding_ng/incomplete_molding_ng_camera_2_60.png,0,0,1,0,0,test
incomplete_molding_ng_camera_2_61,images/incomplete_molding_ng/incomplete_molding_ng_camera_2_61.png,0,0,1,0,0,train
incomplete_molding_ng_camera_2_62,images/incomplete_molding_ng/incomplete_molding_ng_camera_2_62.png,0,0,1,0,0,train
incomplete_molding_ng_camera_2_63,images/incomplete_molding_ng/incomplete_molding_ng_camera_2_63.png,0,0,1,0,0,train
incomplete_molding_ng_camera_2_64,images/incomplete_molding_ng/incomplete_molding_ng_camera_2_64.png,0,0,1,0,0,train
incomplete_molding_ng_camera_2_65,images/incomplete_molding_ng/incomplete_molding_ng_camera_2_65.png,0,0,1,0,0,train
incomplete_molding_ng_camera_2_66,images/incomplete_molding_ng/incomplete_molding_ng_camera_2_66.png,0,0,1,0,0,train
incomplete_molding_ng_camera_2_67,images/incomplete_molding_ng/incomplete_molding_ng_camera_2_67.png,0,0,1,0,0,train
incomplete_molding_ng_camera_2_68,images/incomplete_molding_ng/incomplete_molding_ng_camera_2_68.png,0,0,1,0,0,train
incomplete_molding_ng_camera_2_69,images/incomplete_molding_ng/incomplete_molding_ng_camera_2_69.png,0,0,1,0,0,train
incomplete_molding_ng_camera_2_7,images/incomplete_molding_ng/incomplete_molding_ng_camera_2_7.png,0,0,1,0,0,val
incomplete_molding_ng_camera_2_70,images/incomplete_molding_ng/incomplete_molding_ng_camera_2_70.png,0,0,1,0,0,train
incomplete_molding_ng_camera_2_71,images/incomplete_molding_ng/incomplete_molding_ng_camera_2_71.png,0,0,1,0,0,train
incomplete_molding_ng_camera_2_72,images/incomplete_molding_ng/incomplete_molding_ng_camera_2_72.png,0,0,1,0,0,test
incomplete_molding_ng_camera_2_73,images/incomplete_molding_ng/incomplete_molding_ng_camera_2_73.png,0,0,1,0,0,val
incomplete_molding_ng_camera_2_74,images/incomplete_molding_ng/incomplete_molding_ng_camera_2_74.png,0,0,1,0,0,train
incomplete_molding_ng_camera_2_75,images/incomplete_molding_ng/incomplete_molding_ng_camera_2_75.png,0,0,1,0,0,val
incomplete_molding_ng_camera_2_76,images/incomplete_molding_ng/incomplete_molding_ng_camera_2_76.png,0,0,1,0,0,val
incomplete_molding_ng_camera_2_77,images/incomplete_molding_ng/incomplete_molding_ng_camera_2_77.png,0,0,1,0,0,test
incomplete_molding_ng_camera_2_78,images/incomplete_molding_ng/incomplete_molding_ng_camera_2_78.png,0,0,1,0,0,train
incomplete_molding_ng_camera_2_79,images/incomplete_molding_ng/incomplete_molding_ng_camera_2_79.png,0,0,1,0,0,test
incomplete_molding_ng_camera_2_8,images/incomplete_molding_ng/incomplete_molding_ng_camera_2_8.png,0,0,1,0,0,train
incomplete_molding_ng_camera_2_81,images/incomplete_molding_ng/incomplete_molding_ng_camera_2_81.png,0,0,1,0,0,train
incomplete_molding_ng_camera_2_82,images/incomplete_molding_ng/incomplete_molding_ng_camera_2_82.png,0,0,1,0,0,train
incomplete_molding_ng_camera_2_83,images/incomplete_molding_ng/incomplete_molding_ng_camera_2_83.png,0,0,1,0,0,train
incomplete_molding_ng_camera_2_85,images/incomplete_molding_ng/incomplete_molding_ng_camera_2_85.png,0,0,1,0,0,train
incomplete_molding_ng_camera_2_86,images/incomplete_molding_ng/incomplete_molding_ng_camera_2_86.png,0,0,1,0,0,test
incomplete_molding_ng_camera_2_87,images/incomplete_molding_ng/incomplete_molding_ng_camera_2_87.png,0,0,1,0,0,train
incomplete_molding_ng_camera_2_88,images/incomplete_molding_ng/incomplete_molding_ng_camera_2_88.png,0,0,1,0,0,val
incomplete_molding_ng_camera_2_89,images/incomplete_molding_ng/incomplete_molding_ng_camera_2_89.png,0,0,1,0,0,train
incomplete_molding_ng_camera_2_9,images/incomplete_molding_ng/incomplete_molding_ng_camera_2_9.png,0,0,1,0,0,val
incomplete_molding_ng_camera_2_90,images/incomplete_molding_ng/incomplete_molding_ng_camera_2_90.png,0,0,1,0,0,train
incomplete_molding_ng_camera_2_91,images/incomplete_molding_ng/incomplete_molding_ng_camera_2_91.png,0,0,1,0,0,train
incomplete_molding_ng_camera_2_92,images/incomplete_molding_ng/incomplete_molding_ng_camera_2_92.png,0,0,1,0,0,train
incomplete_molding_ng_camera_2_93,images/incomplete_molding_ng/incomplete_molding_ng_camera_2_93.png,0,0,1,0,0,train
incomplete_molding_ng_camera_2_94,images/incomplete_molding_ng/incomplete_molding_ng_camera_2_94.png,0,0,1,0,0,train
incomplete_molding_ng_camera_2_95,images/incomplete_molding_ng/incomplete_molding_ng_camera_2_95.png,0,0,1,0,0,test
incomplete_molding_ng_camera_2_97,images/incomplete_molding_ng/incomplete_molding_ng_camera_2_97.png,0,0,1,0,0,train
incomplete_molding_ng_camera_2_98,images/incomplete_molding_ng/incomplete_molding_ng_camera_2_98.png,0,0,1,0,0,val
incomplete_molding_ng_camera_2_99,images/incomplete_molding_ng/incomplete_molding_ng_camera_2_99.png,0,0,1,0,0,test
incomplete_molding_ng_camera_3_1,images/incomplete_molding_ng/incomplete_molding_ng_camera_3_1.png,0,0,1,0,0,train
incomplete_molding_ng_camera_3_10,images/incomplete_molding_ng/incomplete_molding_ng_camera_3_10.png,0,0,1,0,0,train
incomplete_molding_ng_camera_3_100,images/incomplete_molding_ng/incomplete_molding_ng_camera_3_100.png,0,0,1,0,0,val
incomplete_molding_ng_camera_3_101,images/incomplete_molding_ng/incomplete_molding_ng_camera_3_101.png,0,0,1,0,0,train
incomplete_molding_ng_camera_3_102,images/incomplete_molding_ng/incomplete_molding_ng_camera_3_102.png,0,0,1,0,0,train
incomplete_molding_ng_camera_3_104,images/incomplete_molding_ng/incomplete_molding_ng_camera_3_104.png,0,0,1,0,0,test
incomplete_molding_ng_camera_3_105,images/incomplete_molding_ng/incomplete_molding_ng_camera_3_105.png,0,0,1,0,0,train
incomplete_molding_ng_camera_3_106,images/incomplete_molding_ng/incomplete_molding_ng_camera_3_106.png,0,0,1,0,0,test
incomplete_molding_ng_camera_3_107,images/incomplete_molding_ng/incomplete_molding_ng_camera_3_107.png,0,0,1,0,0,train
incomplete_molding_ng_camera_3_108,images/incomplete_molding_ng/incomplete_molding_ng_camera_3_108.png,0,0,1,0,0,train
incomplete_molding_ng_camera_3_109,images/incomplete_molding_ng/incomplete_molding_ng_camera_3_109.png,0,0,1,0,0,val
incomplete_molding_ng_camera_3_11,images/incomplete_molding_ng/incomplete_molding_ng_camera_3_11.png,0,0,1,0,0,val
incomplete_molding_ng_camera_3_110,images/incomplete_molding_ng/incomplete_molding_ng_camera_3_110.png,0,0,1,0,0,train
incomplete_molding_ng_camera_3_111,images/incomplete_molding_ng/incomplete_molding_ng_camera_3_111.png,0,0,1,0,0,val
incomplete_molding_ng_camera_3_112,images/incomplete_molding_ng/incomplete_molding_ng_camera_3_112.png,0,0,1,0,0,train
incomplete_molding_ng_camera_3_113,images/incomplete_molding_ng/incomplete_molding_ng_camera_3_113.png,0,0,1,0,0,test
incomplete_molding_ng_camera_3_114,images/incomplete_molding_ng/incomplete_molding_ng_camera_3_114.png,0,0,1,0,0,train
incomplete_molding_ng_camera_3_115,images/incomplete_molding_ng/incomplete_molding_ng_camera_3_115.png,0,0,1,0,0,train
incomplete_molding_ng_camera_3_116,images/incomplete_molding_ng/incomplete_molding_ng_camera_3_116.png,0,0,1,0,0,test
incomplete_molding_ng_camera_3_117,images/incomplete_molding_ng/incomplete_molding_ng_camera_3_117.png,0,0,1,0,0,val
incomplete_molding_ng_camera_3_118,images/incomplete_molding_ng/incomplete_molding_ng_camera_3_118.png,0,0,1,0,0,val
incomplete_molding_ng_camera_3_119,images/incomplete_molding_ng/incomplete_molding_ng_camera_3_119.png,0,0,1,0,0,test
incomplete_molding_ng_camera_3_12,images/incomplete_molding_ng/incomplete_molding_ng_camera_3_12.png,0,0,1,0,0,train
incomplete_molding_ng_camera_3_120,images/incomplete_molding_ng/incomplete_molding_ng_camera_3_120.png,0,0,1,0,0,val
incomplete_molding_ng_camera_3_121,images/incomplete_molding_ng/incomplete_molding_ng_camera_3_121.png,0,0,1,0,0,train
incomplete_molding_ng_camera_3_122,images/incomplete_molding_ng/incomplete_molding_ng_camera_3_122.png,0,0,1,0,0,test
incomplete_molding_ng_camera_3_123,images/incomplete_molding_ng/incomplete_molding_ng_camera_3_123.png,0,0,1,0,0,test
incomplete_molding_ng_camera_3_124,images/incomplete_molding_ng/incomplete_molding_ng_camera_3_124.png,0,0,1,0,0,train
incomplete_molding_ng_camera_3_125,images/incomplete_molding_ng/incomplete_molding_ng_camera_3_125.png,0,0,1,0,0,train
incomplete_molding_ng_camera_3_126,images/incomplete_molding_ng/incomplete_molding_ng_camera_3_126.png,0,0,1,0,0,val
incomplete_molding_ng_camera_3_127,images/incomplete_molding_ng/incomplete_molding_ng_camera_3_127.png,0,0,1,0,0,train
incomplete_molding_ng_camera_3_128,images/incomplete_molding_ng/incomplete_molding_ng_camera_3_128.png,0,0,1,0,0,train
incomplete_molding_ng_camera_3_129,images/incomplete_molding_ng/incomplete_molding_ng_camera_3_129.png,0,0,1,0,0,train
incomplete_molding_ng_camera_3_13,images/incomplete_molding_ng/incomplete_molding_ng_camera_3_13.png,0,0,1,0,0,train
incomplete_molding_ng_camera_3_130,images/incomplete_molding_ng/incomplete_molding_ng_camera_3_130.png,0,0,1,0,0,train
incomplete_molding_ng_camera_3_131,images/incomplete_molding_ng/incomplete_molding_ng_camera_3_131.png,0,0,1,0,0,train
incomplete_molding_ng_camera_3_132,images/incomplete_molding_ng/incomplete_molding_ng_camera_3_132.png,0,0,1,0,0,train
incomplete_molding_ng_camera_3_133,images/incomplete_molding_ng/incomplete_molding_ng_camera_3_133.png,0,0,1,0,0,train
incomplete_molding_ng_camera_3_134,images/incomplete_molding_ng/incomplete_molding_ng_camera_3_134.png,0,0,1,0,0,train
incomplete_molding_ng_camera_3_135,images/incomplete_molding_ng/incomplete_molding_ng_camera_3_135.png,0,0,1,0,0,val
incomplete_molding_ng_camera_3_136,images/incomplete_molding_ng/incomplete_molding_ng_camera_3_136.png,0,0,1,0,0,train
incomplete_molding_ng_camera_3_137,images/incomplete_molding_ng/incomplete_molding_ng_camera_3_137.png,0,0,1,0,0,val
incomplete_molding_ng_camera_3_138,images/incomplete_molding_ng/incomplete_molding_ng_camera_3_138.png,0,0,1,0,0,val
incomplete_molding_ng_camera_3_139,images/incomplete_molding_ng/incomplete_molding_ng_camera_3_139.png,0,0,1,0,0,train
incomplete_molding_ng_camera_3_14,images/incomplete_molding_ng/incomplete_molding_ng_camera_3_14.png,0,0,1,0,0,train
incomplete_molding_ng_camera_3_140,images/incomplete_molding_ng/incomplete_molding_ng_camera_3_140.png,0,0,1,0,0,train
incomplete_molding_ng_camera_3_141,images/incomplete_molding_ng/incomplete_molding_ng_camera_3_141.png,0,0,1,0,0,train
incomplete_molding_ng_camera_3_142,images/incomplete_molding_ng/incomplete_molding_ng_camera_3_142.png,0,0,1,0,0,val
incomplete_molding_ng_camera_3_143,images/incomplete_molding_ng/incomplete_molding_ng_camera_3_143.png,0,0,1,0,0,train
incomplete_molding_ng_camera_3_144,images/incomplete_molding_ng/incomplete_molding_ng_camera_3_144.png,0,0,1,0,0,train
incomplete_molding_ng_camera_3_145,images/incomplete_molding_ng/incomplete_molding_ng_camera_3_145.png,0,0,1,0,0,train
incomplete_molding_ng_camera_3_146,images/incomplete_molding_ng/incomplete_molding_ng_camera_3_146.png,0,0,1,0,0,train
incomplete_molding_ng_camera_3_147,images/incomplete_molding_ng/incomplete_molding_ng_camera_3_147.png,0,0,1,0,0,val
incomplete_molding_ng_camera_3_148,images/incomplete_molding_ng/incomplete_molding_ng_camera_3_148.png,0,0,1,0,0,train
incomplete_molding_ng_camera_3_149,images/incomplete_molding_ng/incomplete_molding_ng_camera_3_149.png,0,0,1,0,0,train
incomplete_molding_ng_camera_3_15,images/incomplete_molding_ng/incomplete_molding_ng_camera_3_15.png,0,0,1,0,0,train
incomplete_molding_ng_camera_3_151,images/incomplete_molding_ng/incomplete_molding_ng_camera_3_151.png,0,0,1,0,0,train
incomplete_molding_ng_camera_3_152,images/incomplete_molding_ng/incomplete_molding_ng_camera_3_152.png,0,0,1,0,0,train
incomplete_molding_ng_camera_3_153,images/incomplete_molding_ng/incomplete_molding_ng_camera_3_153.png,0,0,1,0,0,train
incomplete_molding_ng_camera_3_154,images/incomplete_molding_ng/incomplete_molding_ng_camera_3_154.png,0,0,1,0,0,train
incomplete_molding_ng_camera_3_155,images/incomplete_molding_ng/incomplete_molding_ng_camera_3_155.png,0,0,1,0,0,train
incomplete_molding_ng_camera_3_156,images/incomplete_molding_ng/incomplete_molding_ng_camera_3_156.png,0,0,1,0,0,train
incomplete_molding_ng_camera_3_157,images/incomplete_molding_ng/incomplete_molding_ng_camera_3_157.png,0,0,1,0,0,train
incomplete_molding_ng_camera_3_158,images/incomplete_molding_ng/incomplete_molding_ng_camera_3_158.png,0,0,1,0,0,val
incomplete_molding_ng_camera_3_159,images/incomplete_molding_ng/incomplete_molding_ng_camera_3_159.png,0,0,1,0,0,train
incomplete_molding_ng_camera_3_16,images/incomplete_molding_ng/incomplete_molding_ng_camera_3_16.png,0,0,1,0,0,val
incomplete_molding_ng_camera_3_160,images/incomplete_molding_ng/incomplete_molding_ng_camera_3_160.png,0,0,1,0,0,train
incomplete_molding_ng_camera_3_161,images/incomplete_molding_ng/incomplete_molding_ng_camera_3_161.png,0,0,1,0,0,val
incomplete_molding_ng_camera_3_162,images/incomplete_molding_ng/incomplete_molding_ng_camera_3_162.png,0,0,1,0,0,train
incomplete_molding_ng_camera_3_163,images/incomplete_molding_ng/incomplete_molding_ng_camera_3_163.png,0,0,1,0,0,train
incomplete_molding_ng_camera_3_165,images/incomplete_molding_ng/incomplete_molding_ng_camera_3_165.png,0,0,1,0,0,val
incomplete_molding_ng_camera_3_166,images/incomplete_molding_ng/incomplete_molding_ng_camera_3_166.png,0,0,1,0,0,train
incomplete_molding_ng_camera_3_167,images/incomplete_molding_ng/incomplete_molding_ng_camera_3_167.png,0,0,1,0,0,val
incomplete_molding_ng_camera_3_168,images/incomplete_molding_ng/incomplete_molding_ng_camera_3_168.png,0,0,1,0,0,train
incomplete_molding_ng_camera_3_169,images/incomplete_molding_ng/incomplete_molding_ng_camera_3_169.png,0,0,1,0,0,train
incomplete_molding_ng_camera_3_170,images/incomplete_molding_ng/incomplete_molding_ng_camera_3_170.png,0,0,1,0,0,train
incomplete_molding_ng_camera_3_171,images/incomplete_molding_ng/incomplete_molding_ng_camera_3_171.png,0,0,1,0,0,train
incomplete_molding_ng_camera_3_172,images/incomplete_molding_ng/incomplete_molding_ng_camera_3_172.png,0,0,1,0,0,train
incomplete_molding_ng_camera_3_173,images/incomplete_molding_ng/incomplete_molding_ng_camera_3_173.png,0,0,1,0,0,train
incomplete_molding_ng_camera_3_174,images/incomplete_molding_ng/incomplete_molding_ng_camera_3_174.png,0,0,1,0,0,train
incomplete_molding_ng_camera_3_175,images/incomplete_molding_ng/incomplete_molding_ng_camera_3_175.png,0,0,1,0,0,test
incomplete_molding_ng_camera_3_176,images/incomplete_molding_ng/incomplete_molding_ng_camera_3_176.png,0,0,1,0,0,test
incomplete_molding_ng_camera_3_177,images/incomplete_molding_ng/incomplete_molding_ng_camera_3_177.png,0,0,1,0,0,val
incomplete_molding_ng_camera_3_178,images/incomplete_molding_ng/incomplete_molding_ng_camera_3_178.png,0,0,1,0,0,train
incomplete_molding_ng_camera_3_179,images/incomplete_molding_ng/incomplete_molding_ng_camera_3_179.png,0,0,1,0,0,train
incomplete_molding_ng_camera_3_18,images/incomplete_molding_ng/incomplete_molding_ng_camera_3_18.png,0,0,1,0,0,train
incomplete_molding_ng_camera_3_180,images/incomplete_molding_ng/incomplete_molding_ng_camera_3_180.png,0,0,1,0,0,train
incomplete_molding_ng_camera_3_181,images/incomplete_molding_ng/incomplete_molding_ng_camera_3_181.png,0,0,1,0,0,test
incomplete_molding_ng_camera_3_182,images/incomplete_molding_ng/incomplete_molding_ng_camera_3_182.png,0,0,1,0,0,train
incomplete_molding_ng_camera_3_183,images/incomplete_molding_ng/incomplete_molding_ng_camera_3_183.png,0,0,1,0,0,train
incomplete_molding_ng_camera_3_184,images/incomplete_molding_ng/incomplete_molding_ng_camera_3_184.png,0,0,1,0,0,val
incomplete_molding_ng_camera_3_185,images/incomplete_molding_ng/incomplete_molding_ng_camera_3_185.png,0,0,1,0,0,train
incomplete_molding_ng_camera_3_186,images/incomplete_molding_ng/incomplete_molding_ng_camera_3_186.png,0,0,1,0,0,train
incomplete_molding_ng_camera_3_187,images/incomplete_molding_ng/incomplete_molding_ng_camera_3_187.png,0,0,1,0,0,val
incomplete_molding_ng_camera_3_188,images/incomplete_molding_ng/incomplete_molding_ng_camera_3_188.png,0,0,1,0,0,train
incomplete_molding_ng_camera_3_189,images/incomplete_molding_ng/incomplete_molding_ng_camera_3_189.png,0,0,1,0,0,train
incomplete_molding_ng_camera_3_19,images/incomplete_molding_ng/incomplete_molding_ng_camera_3_19.png,0,0,1,0,0,train
incomplete_molding_ng_camera_3_190,images/incomplete_molding_ng/incomplete_molding_ng_camera_3_190.png,0,0,1,0,0,train
incomplete_molding_ng_camera_3_191,images/incomplete_molding_ng/incomplete_molding_ng_camera_3_191.png,0,0,1,0,0,train
incomplete_molding_ng_camera_3_192,images/incomplete_molding_ng/incomplete_molding_ng_camera_3_192.png,0,0,1,0,0,train
incomplete_molding_ng_camera_3_193,images/incomplete_molding_ng/incomplete_molding_ng_camera_3_193.png,0,0,1,0,0,train
incomplete_molding_ng_camera_3_195,images/incomplete_molding_ng/incomplete_molding_ng_camera_3_195.png,0,0,1,0,0,train
incomplete_molding_ng_camera_3_196,images/incomplete_molding_ng/incomplete_molding_ng_camera_3_196.png,0,0,1,0,0,train
incomplete_molding_ng_camera_3_197,images/incomplete_molding_ng/incomplete_molding_ng_camera_3_197.png,0,0,1,0,0,train
incomplete_molding_ng_camera_3_198,images/incomplete_molding_ng/incomplete_molding_ng_camera_3_198.png,0,0,1,0,0,train
incomplete_molding_ng_camera_3_199,images/incomplete_molding_ng/incomplete_molding_ng_camera_3_199.png,0,0,1,0,0,train
incomplete_molding_ng_camera_3_2,images/incomplete_molding_ng/incomplete_molding_ng_camera_3_2.png,0,0,1,0,0,train
incomplete_molding_ng_camera_3_20,images/incomplete_molding_ng/incomplete_molding_ng_camera_3_20.png,0,0,1,0,0,test
incomplete_molding_ng_camera_3_200,images/incomplete_molding_ng/incomplete_molding_ng_camera_3_200.png,0,0,1,0,0,val
incomplete_molding_ng_camera_3_201,images/incomplete_molding_ng/incomplete_molding_ng_camera_3_201.png,0,0,1,0,0,test
incomplete_molding_ng_camera_3_202,images/incomplete_molding_ng/incomplete_molding_ng_camera_3_202.png,0,0,1,0,0,train
incomplete_molding_ng_camera_3_203,images/incomplete_molding_ng/incomplete_molding_ng_camera_3_203.png,0,0,1,0,0,train
incomplete_molding_ng_camera_3_204,images/incomplete_molding_ng/incomplete_molding_ng_camera_3_204.png,0,0,1,0,0,train
incomplete_molding_ng_camera_3_205,images/incomplete_molding_ng/incomplete_molding_ng_camera_3_205.png,0,0,1,0,0,val
incomplete_molding_ng_camera_3_206,images/incomplete_molding_ng/incomplete_molding_ng_camera_3_206.png,0,0,1,0,0,train
incomplete_molding_ng_camera_3_207,images/incomplete_molding_ng/incomplete_molding_ng_camera_3_207.png,0,0,1,0,0,train
incomplete_molding_ng_camera_3_208,images/incomplete_molding_ng/incomplete_molding_ng_camera_3_208.png,0,0,1,0,0,val
incomplete_molding_ng_camera_3_209,images/incomplete_molding_ng/incomplete_molding_ng_camera_3_209.png,0,0,1,0,0,train
incomplete_molding_ng_camera_3_21,images/incomplete_molding_ng/incomplete_molding_ng_camera_3_21.png,0,0,1,0,0,train
incomplete_molding_ng_camera_3_210,images/incomplete_molding_ng/incomplete_molding_ng_camera_3_210.png,0,0,1,0,0,train
incomplete_molding_ng_camera_3_211,images/incomplete_molding_ng/incomplete_molding_ng_camera_3_211.png,0,0,1,0,0,train
incomplete_molding_ng_camera_3_212,images/incomplete_molding_ng/incomplete_molding_ng_camera_3_212.png,0,0,1,0,0,train
incomplete_molding_ng_camera_3_213,images/incomplete_molding_ng/incomplete_molding_ng_camera_3_213.png,0,0,1,0,0,train
incomplete_molding_ng_camera_3_214,images/incomplete_molding_ng/incomplete_molding_ng_camera_3_214.png,0,0,1,0,0,train
incomplete_molding_ng_camera_3_215,images/incomplete_molding_ng/incomplete_molding_ng_camera_3_215.png,0,0,1,0,0,train
incomplete_molding_ng_camera_3_216,images/incomplete_molding_ng/incomplete_molding_ng_camera_3_216.png,0,0,1,0,0,train
incomplete_molding_ng_camera_3_217,images/incomplete_molding_ng/incomplete_molding_ng_camera_3_217.png,0,0,1,0,0,train
incomplete_molding_ng_camera_3_218,images/incomplete_molding_ng/incomplete_molding_ng_camera_3_218.png,0,0,1,0,0,train
incomplete_molding_ng_camera_3_219,images/incomplete_molding_ng/incomplete_molding_ng_camera_3_219.png,0,0,1,0,0,val
incomplete_molding_ng_camera_3_22,images/incomplete_molding_ng/incomplete_molding_ng_camera_3_22.png,0,0,1,0,0,train
incomplete_molding_ng_camera_3_220,images/incomplete_molding_ng/incomplete_molding_ng_camera_3_220.png,0,0,1,0,0,train
incomplete_molding_ng_camera_3_221,images/incomplete_molding_ng/incomplete_molding_ng_camera_3_221.png,0,0,1,0,0,train
incomplete_molding_ng_camera_3_222,images/incomplete_molding_ng/incomplete_molding_ng_camera_3_222.png,0,0,1,0,0,train
incomplete_molding_ng_camera_3_223,images/incomplete_molding_ng/incomplete_molding_ng_camera_3_223.png,0,0,1,0,0,train
incomplete_molding_ng_camera_3_224,images/incomplete_molding_ng/incomplete_molding_ng_camera_3_224.png,0,0,1,0,0,train
incomplete_molding_ng_camera_3_226,images/incomplete_molding_ng/incomplete_molding_ng_camera_3_226.png,0,0,1,0,0,train
incomplete_molding_ng_camera_3_227,images/incomplete_molding_ng/incomplete_molding_ng_camera_3_227.png,0,0,1,0,0,train
incomplete_molding_ng_camera_3_228,images/incomplete_molding_ng/incomplete_molding_ng_camera_3_228.png,0,0,1,0,0,train
incomplete_molding_ng_camera_3_229,images/incomplete_molding_ng/incomplete_molding_ng_camera_3_229.png,0,0,1,0,0,train
incomplete_molding_ng_camera_3_23,images/incomplete_molding_ng/incomplete_molding_ng_camera_3_23.png,0,0,1,0,0,val
incomplete_molding_ng_camera_3_230,images/incomplete_molding_ng/incomplete_molding_ng_camera_3_230.png,0,0,1,0,0,train
incomplete_molding_ng_camera_3_231,images/incomplete_molding_ng/incomplete_molding_ng_camera_3_231.png,0,0,1,0,0,val
incomplete_molding_ng_camera_3_232,images/incomplete_molding_ng/incomplete_molding_ng_camera_3_232.png,0,0,1,0,0,val
incomplete_molding_ng_camera_3_233,images/incomplete_molding_ng/incomplete_molding_ng_camera_3_233.png,0,0,1,0,0,train
incomplete_molding_ng_camera_3_234,images/incomplete_molding_ng/incomplete_molding_ng_camera_3_234.png,0,0,1,0,0,train
incomplete_molding_ng_camera_3_235,images/incomplete_molding_ng/incomplete_molding_ng_camera_3_235.png,0,0,1,0,0,train
incomplete_molding_ng_camera_3_236,images/incomplete_molding_ng/incomplete_molding_ng_camera_3_236.png,0,0,1,0,0,train
incomplete_molding_ng_camera_3_237,images/incomplete_molding_ng/incomplete_molding_ng_camera_3_237.png,0,0,1,0,0,train
incomplete_molding_ng_camera_3_238,images/incomplete_molding_ng/incomplete_molding_ng_camera_3_238.png,0,0,1,0,0,train
incomplete_molding_ng_camera_3_239,images/incomplete_molding_ng/incomplete_molding_ng_camera_3_239.png,0,0,1,0,0,train
incomplete_molding_ng_camera_3_24,images/incomplete_molding_ng/incomplete_molding_ng_camera_3_24.png,0,0,1,0,0,train
incomplete_molding_ng_camera_3_240,images/incomplete_molding_ng/incomplete_molding_ng_camera_3_240.png,0,0,1,0,0,train
incomplete_molding_ng_camera_3_241,images/incomplete_molding_ng/incomplete_molding_ng_camera_3_241.png,0,0,1,0,0,train
incomplete_molding_ng_camera_3_242,images/incomplete_molding_ng/incomplete_molding_ng_camera_3_242.png,0,0,1,0,0,val
incomplete_molding_ng_camera_3_243,images/incomplete_molding_ng/incomplete_molding_ng_camera_3_243.png,0,0,1,0,0,train
incomplete_molding_ng_camera_3_244,images/incomplete_molding_ng/incomplete_molding_ng_camera_3_244.png,0,0,1,0,0,train
incomplete_molding_ng_camera_3_245,images/incomplete_molding_ng/incomplete_molding_ng_camera_3_245.png,0,0,1,0,0,train
incomplete_molding_ng_camera_3_246,images/incomplete_molding_ng/incomplete_molding_ng_camera_3_246.png,0,0,1,0,0,train
incomplete_molding_ng_camera_3_247,images/incomplete_molding_ng/incomplete_molding_ng_camera_3_247.png,0,0,1,0,0,train
incomplete_molding_ng_camera_3_248,images/incomplete_molding_ng/incomplete_molding_ng_camera_3_248.png,0,0,1,0,0,train
incomplete_molding_ng_camera_3_249,images/incomplete_molding_ng/incomplete_molding_ng_camera_3_249.png,0,0,1,0,0,train
incomplete_molding_ng_camera_3_25,images/incomplete_molding_ng/incomplete_molding_ng_camera_3_25.png,0,0,1,0,0,train
incomplete_molding_ng_camera_3_250,images/incomplete_molding_ng/incomplete_molding_ng_camera_3_250.png,0,0,1,0,0,val
incomplete_molding_ng_camera_3_251,images/incomplete_molding_ng/incomplete_molding_ng_camera_3_251.png,0,0,1,0,0,train
incomplete_molding_ng_camera_3_252,images/incomplete_molding_ng/incomplete_molding_ng_camera_3_252.png,0,0,1,0,0,train
incomplete_molding_ng_camera_3_253,images/incomplete_molding_ng/incomplete_molding_ng_camera_3_253.png,0,0,1,0,0,train
incomplete_molding_ng_camera_3_254,images/incomplete_molding_ng/incomplete_molding_ng_camera_3_254.png,0,0,1,0,0,val
incomplete_molding_ng_camera_3_255,images/incomplete_molding_ng/incomplete_molding_ng_camera_3_255.png,0,0,1,0,0,train
incomplete_molding_ng_camera_3_256,images/incomplete_molding_ng/incomplete_molding_ng_camera_3_256.png,0,0,1,0,0,train
incomplete_molding_ng_camera_3_258,images/incomplete_molding_ng/incomplete_molding_ng_camera_3_258.png,0,0,1,0,0,train
incomplete_molding_ng_camera_3_259,images/incomplete_molding_ng/incomplete_molding_ng_camera_3_259.png,0,0,1,0,0,val
incomplete_molding_ng_camera_3_26,images/incomplete_molding_ng/incomplete_molding_ng_camera_3_26.png,0,0,1,0,0,test
incomplete_molding_ng_camera_3_260,images/incomplete_molding_ng/incomplete_molding_ng_camera_3_260.png,0,0,1,0,0,val
incomplete_molding_ng_camera_3_261,images/incomplete_molding_ng/incomplete_molding_ng_camera_3_261.png,0,0,1,0,0,val
incomplete_molding_ng_camera_3_262,images/incomplete_molding_ng/incomplete_molding_ng_camera_3_262.png,0,0,1,0,0,train
incomplete_molding_ng_camera_3_263,images/incomplete_molding_ng/incomplete_molding_ng_camera_3_263.png,0,0,1,0,0,train
incomplete_molding_ng_camera_3_264,images/incomplete_molding_ng/incomplete_molding_ng_camera_3_264.png,0,0,1,0,0,test
incomplete_molding_ng_camera_3_265,images/incomplete_molding_ng/incomplete_molding_ng_camera_3_265.png,0,0,1,0,0,val
incomplete_molding_ng_camera_3_266,images/incomplete_molding_ng/incomplete_molding_ng_camera_3_266.png,0,0,1,0,0,val
incomplete_molding_ng_camera_3_267,images/incomplete_molding_ng/incomplete_molding_ng_camera_3_267.png,0,0,1,0,0,train
incomplete_molding_ng_camera_3_268,images/incomplete_molding_ng/incomplete_molding_ng_camera_3_268.png,0,0,1,0,0,train
incomplete_molding_ng_camera_3_269,images/incomplete_molding_ng/incomplete_molding_ng_camera_3_269.png,0,0,1,0,0,test
incomplete_molding_ng_camera_3_27,images/incomplete_molding_ng/incomplete_molding_ng_camera_3_27.png,0,0,1,0,0,val
incomplete_molding_ng_camera_3_270,images/incomplete_molding_ng/incomplete_molding_ng_camera_3_270.png,0,0,1,0,0,train
incomplete_molding_ng_camera_3_271,images/incomplete_molding_ng/incomplete_molding_ng_camera_3_271.png,0,0,1,0,0,val
incomplete_molding_ng_camera_3_272,images/incomplete_molding_ng/incomplete_molding_ng_camera_3_272.png,0,0,1,0,0,train
incomplete_molding_ng_camera_3_273,images/incomplete_molding_ng/incomplete_molding_ng_camera_3_273.png,0,0,1,0,0,train
incomplete_molding_ng_camera_3_274,images/incomplete_molding_ng/incomplete_molding_ng_camera_3_274.png,0,0,1,0,0,train
incomplete_molding_ng_camera_3_275,images/incomplete_molding_ng/incomplete_molding_ng_camera_3_275.png,0,0,1,0,0,train
incomplete_molding_ng_camera_3_276,images/incomplete_molding_ng/incomplete_molding_ng_camera_3_276.png,0,0,1,0,0,val
incomplete_molding_ng_camera_3_277,images/incomplete_molding_ng/incomplete_molding_ng_camera_3_277.png,0,0,1,0,0,train
incomplete_molding_ng_camera_3_278,images/incomplete_molding_ng/incomplete_molding_ng_camera_3_278.png,0,0,1,0,0,train
incomplete_molding_ng_camera_3_279,images/incomplete_molding_ng/incomplete_molding_ng_camera_3_279.png,0,0,1,0,0,val
incomplete_molding_ng_camera_3_28,images/incomplete_molding_ng/incomplete_molding_ng_camera_3_28.png,0,0,1,0,0,val
incomplete_molding_ng_camera_3_280,images/incomplete_molding_ng/incomplete_molding_ng_camera_3_280.png,0,0,1,0,0,train
incomplete_molding_ng_camera_3_281,images/incomplete_molding_ng/incomplete_molding_ng_camera_3_281.png,0,0,1,0,0,train
incomplete_molding_ng_camera_3_282,images/incomplete_molding_ng/incomplete_molding_ng_camera_3_282.png,0,0,1,0,0,train
incomplete_molding_ng_camera_3_283,images/incomplete_molding_ng/incomplete_molding_ng_camera_3_283.png,0,0,1,0,0,train
incomplete_molding_ng_camera_3_284,images/incomplete_molding_ng/incomplete_molding_ng_camera_3_284.png,0,0,1,0,0,train
incomplete_molding_ng_camera_3_285,images/incomplete_molding_ng/incomplete_molding_ng_camera_3_285.png,0,0,1,0,0,val
incomplete_molding_ng_camera_3_286,images/incomplete_molding_ng/incomplete_molding_ng_camera_3_286.png,0,0,1,0,0,train
incomplete_molding_ng_camera_3_287,images/incomplete_molding_ng/incomplete_molding_ng_camera_3_287.png,0,0,1,0,0,train
incomplete_molding_ng_camera_3_288,images/incomplete_molding_ng/incomplete_molding_ng_camera_3_288.png,0,0,1,0,0,train
incomplete_molding_ng_camera_3_289,images/incomplete_molding_ng/incomplete_molding_ng_camera_3_289.png,0,0,1,0,0,val
incomplete_molding_ng_camera_3_29,images/incomplete_molding_ng/incomplete_molding_ng_camera_3_29.png,0,0,1,0,0,train
incomplete_molding_ng_camera_3_290,images/incomplete_molding_ng/incomplete_molding_ng_camera_3_290.png,0,0,1,0,0,val
incomplete_molding_ng_camera_3_291,images/incomplete_molding_ng/incomplete_molding_ng_camera_3_291.png,0,0,1,0,0,train
incomplete_molding_ng_camera_3_292,images/incomplete_molding_ng/incomplete_molding_ng_camera_3_292.png,0,0,1,0,0,train
incomplete_molding_ng_camera_3_293,images/incomplete_molding_ng/incomplete_molding_ng_camera_3_293.png,0,0,1,0,0,train
incomplete_molding_ng_camera_3_294,images/incomplete_molding_ng/incomplete_molding_ng_camera_3_294.png,0,0,1,0,0,test
incomplete_molding_ng_camera_3_295,images/incomplete_molding_ng/incomplete_molding_ng_camera_3_295.png,0,0,1,0,0,train
incomplete_molding_ng_camera_3_296,images/incomplete_molding_ng/incomplete_molding_ng_camera_3_296.png,0,0,1,0,0,train
incomplete_molding_ng_camera_3_297,images/incomplete_molding_ng/incomplete_molding_ng_camera_3_297.png,0,0,1,0,0,train
incomplete_molding_ng_camera_3_298,images/incomplete_molding_ng/incomplete_molding_ng_camera_3_298.png,0,0,1,0,0,test
incomplete_molding_ng_camera_3_299,images/incomplete_molding_ng/incomplete_molding_ng_camera_3_299.png,0,0,1,0,0,train
incomplete_molding_ng_camera_3_3,images/incomplete_molding_ng/incomplete_molding_ng_camera_3_3.png,0,0,1,0,0,test
incomplete_molding_ng_camera_3_30,images/incomplete_molding_ng/incomplete_molding_ng_camera_3_30.png,0,0,1,0,0,train
incomplete_molding_ng_camera_3_300,images/incomplete_molding_ng/incomplete_molding_ng_camera_3_300.png,0,0,1,0,0,test
incomplete_molding_ng_camera_3_301,images/incomplete_molding_ng/incomplete_molding_ng_camera_3_301.png,0,0,1,0,0,val
incomplete_molding_ng_camera_3_302,images/incomplete_molding_ng/incomplete_molding_ng_camera_3_302.png,0,0,1,0,0,train
incomplete_molding_ng_camera_3_303,images/incomplete_molding_ng/incomplete_molding_ng_camera_3_303.png,0,0,1,0,0,train
incomplete_molding_ng_camera_3_304,images/incomplete_molding_ng/incomplete_molding_ng_camera_3_304.png,0,0,1,0,0,train
incomplete_molding_ng_camera_3_305,images/incomplete_molding_ng/incomplete_molding_ng_camera_3_305.png,0,0,1,0,0,val
incomplete_molding_ng_camera_3_306,images/incomplete_molding_ng/incomplete_molding_ng_camera_3_306.png,0,0,1,0,0,val
incomplete_molding_ng_camera_3_307,images/incomplete_molding_ng/incomplete_molding_ng_camera_3_307.png,0,0,1,0,0,train
incomplete_molding_ng_camera_3_308,images/incomplete_molding_ng/incomplete_molding_ng_camera_3_308.png,0,0,1,0,0,train
incomplete_molding_ng_camera_3_309,images/incomplete_molding_ng/incomplete_molding_ng_camera_3_309.png,0,0,1,0,0,train
incomplete_molding_ng_camera_3_31,images/incomplete_molding_ng/incomplete_molding_ng_camera_3_31.png,0,0,1,0,0,train
incomplete_molding_ng_camera_3_310,images/incomplete_molding_ng/incomplete_molding_ng_camera_3_310.png,0,0,1,0,0,train
incomplete_molding_ng_camera_3_311,images/incomplete_molding_ng/incomplete_molding_ng_camera_3_311.png,0,0,1,0,0,train
incomplete_molding_ng_camera_3_313,images/incomplete_molding_ng/incomplete_molding_ng_camera_3_313.png,0,0,1,0,0,test
incomplete_molding_ng_camera_3_314,images/incomplete_molding_ng/incomplete_molding_ng_camera_3_314.png,0,0,1,0,0,train
incomplete_molding_ng_camera_3_315,images/incomplete_molding_ng/incomplete_molding_ng_camera_3_315.png,0,0,1,0,0,test
incomplete_molding_ng_camera_3_316,images/incomplete_molding_ng/incomplete_molding_ng_camera_3_316.png,0,0,1,0,0,train
incomplete_molding_ng_camera_3_317,images/incomplete_molding_ng/incomplete_molding_ng_camera_3_317.png,0,0,1,0,0,train
incomplete_molding_ng_camera_3_318,images/incomplete_molding_ng/incomplete_molding_ng_camera_3_318.png,0,0,1,0,0,val
incomplete_molding_ng_camera_3_319,images/incomplete_molding_ng/incomplete_molding_ng_camera_3_319.png,0,0,1,0,0,train
incomplete_molding_ng_camera_3_32,images/incomplete_molding_ng/incomplete_molding_ng_camera_3_32.png,0,0,1,0,0,val
incomplete_molding_ng_camera_3_320,images/incomplete_molding_ng/incomplete_molding_ng_camera_3_320.png,0,0,1,0,0,val
incomplete_molding_ng_camera_3_321,images/incomplete_molding_ng/incomplete_molding_ng_camera_3_321.png,0,0,1,0,0,train
incomplete_molding_ng_camera_3_322,images/incomplete_molding_ng/incomplete_molding_ng_camera_3_322.png,0,0,1,0,0,train
incomplete_molding_ng_camera_3_324,images/incomplete_molding_ng/incomplete_molding_ng_camera_3_324.png,0,0,1,0,0,val
incomplete_molding_ng_camera_3_325,images/incomplete_molding_ng/incomplete_molding_ng_camera_3_325.png,0,0,1,0,0,train
incomplete_molding_ng_camera_3_326,images/incomplete_molding_ng/incomplete_molding_ng_camera_3_326.png,0,0,1,0,0,train
incomplete_molding_ng_camera_3_327,images/incomplete_molding_ng/incomplete_molding_ng_camera_3_327.png,0,0,1,0,0,train
incomplete_molding_ng_camera_3_328,images/incomplete_molding_ng/incomplete_molding_ng_camera_3_328.png,0,0,1,0,0,train
incomplete_molding_ng_camera_3_329,images/incomplete_molding_ng/incomplete_molding_ng_camera_3_329.png,0,0,1,0,0,train
incomplete_molding_ng_camera_3_33,images/incomplete_molding_ng/incomplete_molding_ng_camera_3_33.png,0,0,1,0,0,train
incomplete_molding_ng_camera_3_330,images/incomplete_molding_ng/incomplete_molding_ng_camera_3_330.png,0,0,1,0,0,train
incomplete_molding_ng_camera_3_331,images/incomplete_molding_ng/incomplete_molding_ng_camera_3_331.png,0,0,1,0,0,train
incomplete_molding_ng_camera_3_332,images/incomplete_molding_ng/incomplete_molding_ng_camera_3_332.png,0,0,1,0,0,train
incomplete_molding_ng_camera_3_333,images/incomplete_molding_ng/incomplete_molding_ng_camera_3_333.png,0,0,1,0,0,train
incomplete_molding_ng_camera_3_334,images/incomplete_molding_ng/incomplete_molding_ng_camera_3_334.png,0,0,1,0,0,train
incomplete_molding_ng_camera_3_335,images/incomplete_molding_ng/incomplete_molding_ng_camera_3_335.png,0,0,1,0,0,train
incomplete_molding_ng_camera_3_336,images/incomplete_molding_ng/incomplete_molding_ng_camera_3_336.png,0,0,1,0,0,val
incomplete_molding_ng_camera_3_337,images/incomplete_molding_ng/incomplete_molding_ng_camera_3_337.png,0,0,1,0,0,train
incomplete_molding_ng_camera_3_338,images/incomplete_molding_ng/incomplete_molding_ng_camera_3_338.png,0,0,1,0,0,train
incomplete_molding_ng_camera_3_34,images/incomplete_molding_ng/incomplete_molding_ng_camera_3_34.png,0,0,1,0,0,val
incomplete_molding_ng_camera_3_340,images/incomplete_molding_ng/incomplete_molding_ng_camera_3_340.png,0,0,1,0,0,test
incomplete_molding_ng_camera_3_342,images/incomplete_molding_ng/incomplete_molding_ng_camera_3_342.png,0,0,1,0,0,train
incomplete_molding_ng_camera_3_343,images/incomplete_molding_ng/incomplete_molding_ng_camera_3_343.png,0,0,1,0,0,train
incomplete_molding_ng_camera_3_344,images/incomplete_molding_ng/incomplete_molding_ng_camera_3_344.png,0,0,1,0,0,val
incomplete_molding_ng_camera_3_346,images/incomplete_molding_ng/incomplete_molding_ng_camera_3_346.png,0,0,1,0,0,train
incomplete_molding_ng_camera_3_347,images/incomplete_molding_ng/incomplete_molding_ng_camera_3_347.png,0,0,1,0,0,test
incomplete_molding_ng_camera_3_348,images/incomplete_molding_ng/incomplete_molding_ng_camera_3_348.png,0,0,1,0,0,val
incomplete_molding_ng_camera_3_349,images/incomplete_molding_ng/incomplete_molding_ng_camera_3_349.png,0,0,1,0,0,train
incomplete_molding_ng_camera_3_35,images/incomplete_molding_ng/incomplete_molding_ng_camera_3_35.png,0,0,1,0,0,train
incomplete_molding_ng_camera_3_350,images/incomplete_molding_ng/incomplete_molding_ng_camera_3_350.png,0,0,1,0,0,train
incomplete_molding_ng_camera_3_351,images/incomplete_molding_ng/incomplete_molding_ng_camera_3_351.png,0,0,1,0,0,train
incomplete_molding_ng_camera_3_352,images/incomplete_molding_ng/incomplete_molding_ng_camera_3_352.png,0,0,1,0,0,train
incomplete_molding_ng_camera_3_353,images/incomplete_molding_ng/incomplete_molding_ng_camera_3_353.png,0,0,1,0,0,val
incomplete_molding_ng_camera_3_355,images/incomplete_molding_ng/incomplete_molding_ng_camera_3_355.png,0,0,1,0,0,train
incomplete_molding_ng_camera_3_356,images/incomplete_molding_ng/incomplete_molding_ng_camera_3_356.png,0,0,1,0,0,train
incomplete_molding_ng_camera_3_357,images/incomplete_molding_ng/incomplete_molding_ng_camera_3_357.png,0,0,1,0,0,test
incomplete_molding_ng_camera_3_358,images/incomplete_molding_ng/incomplete_molding_ng_camera_3_358.png,0,0,1,0,0,train
incomplete_molding_ng_camera_3_359,images/incomplete_molding_ng/incomplete_molding_ng_camera_3_359.png,0,0,1,0,0,train
incomplete_molding_ng_camera_3_36,images/incomplete_molding_ng/incomplete_molding_ng_camera_3_36.png,0,0,1,0,0,train
incomplete_molding_ng_camera_3_360,images/incomplete_molding_ng/incomplete_molding_ng_camera_3_360.png,0,0,1,0,0,train
incomplete_molding_ng_camera_3_361,images/incomplete_molding_ng/incomplete_molding_ng_camera_3_361.png,0,0,1,0,0,train
incomplete_molding_ng_camera_3_362,images/incomplete_molding_ng/incomplete_molding_ng_camera_3_362.png,0,0,1,0,0,train
incomplete_molding_ng_camera_3_363,images/incomplete_molding_ng/incomplete_molding_ng_camera_3_363.png,0,0,1,0,0,train
incomplete_molding_ng_camera_3_364,images/incomplete_molding_ng/incomplete_molding_ng_camera_3_364.png,0,0,1,0,0,train
incomplete_molding_ng_camera_3_365,images/incomplete_molding_ng/incomplete_molding_ng_camera_3_365.png,0,0,1,0,0,train
incomplete_molding_ng_camera_3_366,images/incomplete_molding_ng/incomplete_molding_ng_camera_3_366.png,0,0,1,0,0,train
incomplete_molding_ng_camera_3_367,images/incomplete_molding_ng/incomplete_molding_ng_camera_3_367.png,0,0,1,0,0,train
incomplete_molding_ng_camera_3_368,images/incomplete_molding_ng/incomplete_molding_ng_camera_3_368.png,0,0,1,0,0,train
incomplete_molding_ng_camera_3_369,images/incomplete_molding_ng/incomplete_molding_ng_camera_3_369.png,0,0,1,0,0,train
incomplete_molding_ng_camera_3_37,images/incomplete_molding_ng/incomplete_molding_ng_camera_3_37.png,0,0,1,0,0,train
incomplete_molding_ng_camera_3_370,images/incomplete_molding_ng/incomplete_molding_ng_camera_3_370.png,0,0,1,0,0,test
incomplete_molding_ng_camera_3_371,images/incomplete_molding_ng/incomplete_molding_ng_camera_3_371.png,0,0,1,0,0,train
incomplete_molding_ng_camera_3_372,images/incomplete_molding_ng/incomplete_molding_ng_camera_3_372.png,0,0,1,0,0,train
incomplete_molding_ng_camera_3_373,images/incomplete_molding_ng/incomplete_molding_ng_camera_3_373.png,0,0,1,0,0,train
incomplete_molding_ng_camera_3_374,images/incomplete_molding_ng/incomplete_molding_ng_camera_3_374.png,0,0,1,0,0,train
incomplete_molding_ng_camera_3_375,images/incomplete_molding_ng/incomplete_molding_ng_camera_3_375.png,0,0,1,0,0,val
incomplete_molding_ng_camera_3_376,images/incomplete_molding_ng/incomplete_molding_ng_camera_3_376.png,0,0,1,0,0,val
incomplete_molding_ng_camera_3_377,images/incomplete_molding_ng/incomplete_molding_ng_camera_3_377.png,0,0,1,0,0,train
incomplete_molding_ng_camera_3_378,images/incomplete_molding_ng/incomplete_molding_ng_camera_3_378.png,0,0,1,0,0,test
incomplete_molding_ng_camera_3_379,images/incomplete_molding_ng/incomplete_molding_ng_camera_3_379.png,0,0,1,0,0,train
incomplete_molding_ng_camera_3_38,images/incomplete_molding_ng/incomplete_molding_ng_camera_3_38.png,0,0,1,0,0,test
incomplete_molding_ng_camera_3_380,images/incomplete_molding_ng/incomplete_molding_ng_camera_3_380.png,0,0,1,0,0,train
incomplete_molding_ng_camera_3_381,images/incomplete_molding_ng/incomplete_molding_ng_camera_3_381.png,0,0,1,0,0,val
incomplete_molding_ng_camera_3_382,images/incomplete_molding_ng/incomplete_molding_ng_camera_3_382.png,0,0,1,0,0,test
incomplete_molding_ng_camera_3_383,images/incomplete_molding_ng/incomplete_molding_ng_camera_3_383.png,0,0,1,0,0,train
incomplete_molding_ng_camera_3_384,images/incomplete_molding_ng/incomplete_molding_ng_camera_3_384.png,0,0,1,0,0,val
incomplete_molding_ng_camera_3_385,images/incomplete_molding_ng/incomplete_molding_ng_camera_3_385.png,0,0,1,0,0,train
incomplete_molding_ng_camera_3_386,images/incomplete_molding_ng/incomplete_molding_ng_camera_3_386.png,0,0,1,0,0,val
incomplete_molding_ng_camera_3_387,images/incomplete_molding_ng/incomplete_molding_ng_camera_3_387.png,0,0,1,0,0,train
incomplete_molding_ng_camera_3_388,images/incomplete_molding_ng/incomplete_molding_ng_camera_3_388.png,0,0,1,0,0,train
incomplete_molding_ng_camera_3_389,images/incomplete_molding_ng/incomplete_molding_ng_camera_3_389.png,0,0,1,0,0,train
incomplete_molding_ng_camera_3_39,images/incomplete_molding_ng/incomplete_molding_ng_camera_3_39.png,0,0,1,0,0,train
incomplete_molding_ng_camera_3_390,images/incomplete_molding_ng/incomplete_molding_ng_camera_3_390.png,0,0,1,0,0,val
incomplete_molding_ng_camera_3_391,images/incomplete_molding_ng/incomplete_molding_ng_camera_3_391.png,0,0,1,0,0,train
incomplete_molding_ng_camera_3_392,images/incomplete_molding_ng/incomplete_molding_ng_camera_3_392.png,0,0,1,0,0,train
incomplete_molding_ng_camera_3_393,images/incomplete_molding_ng/incomplete_molding_ng_camera_3_393.png,0,0,1,0,0,train
incomplete_molding_ng_camera_3_394,images/incomplete_molding_ng/incomplete_molding_ng_camera_3_394.png,0,0,1,0,0,train
incomplete_molding_ng_camera_3_395,images/incomplete_molding_ng/incomplete_molding_ng_camera_3_395.png,0,0,1,0,0,test
incomplete_molding_ng_camera_3_396,images/incomplete_molding_ng/incomplete_molding_ng_camera_3_396.png,0,0,1,0,0,val
incomplete_molding_ng_camera_3_397,images/incomplete_molding_ng/incomplete_molding_ng_camera_3_397.png,0,0,1,0,0,train
incomplete_molding_ng_camera_3_398,images/incomplete_molding_ng/incomplete_molding_ng_camera_3_398.png,0,0,1,0,0,test
incomplete_molding_ng_camera_3_399,images/incomplete_molding_ng/incomplete_molding_ng_camera_3_399.png,0,0,1,0,0,train
incomplete_molding_ng_camera_3_4,images/incomplete_molding_ng/incomplete_molding_ng_camera_3_4.png,0,0,1,0,0,train
incomplete_molding_ng_camera_3_40,images/incomplete_molding_ng/incomplete_molding_ng_camera_3_40.png,0,0,1,0,0,train
incomplete_molding_ng_camera_3_400,images/incomplete_molding_ng/incomplete_molding_ng_camera_3_400.png,0,0,1,0,0,train
incomplete_molding_ng_camera_3_401,images/incomplete_molding_ng/incomplete_molding_ng_camera_3_401.png,0,0,1,0,0,train
incomplete_molding_ng_camera_3_402,images/incomplete_molding_ng/incomplete_molding_ng_camera_3_402.png,0,0,1,0,0,train
incomplete_molding_ng_camera_3_403,images/incomplete_molding_ng/incomplete_molding_ng_camera_3_403.png,0,0,1,0,0,val
incomplete_molding_ng_camera_3_404,images/incomplete_molding_ng/incomplete_molding_ng_camera_3_404.png,0,0,1,0,0,train
incomplete_molding_ng_camera_3_405,images/incomplete_molding_ng/incomplete_molding_ng_camera_3_405.png,0,0,1,0,0,train
incomplete_molding_ng_camera_3_406,images/incomplete_molding_ng/incomplete_molding_ng_camera_3_406.png,0,0,1,0,0,val
incomplete_molding_ng_camera_3_41,images/incomplete_molding_ng/incomplete_molding_ng_camera_3_41.png,0,0,1,0,0,train
incomplete_molding_ng_camera_3_42,images/incomplete_molding_ng/incomplete_molding_ng_camera_3_42.png,0,0,1,0,0,train
incomplete_molding_ng_camera_3_43,images/incomplete_molding_ng/incomplete_molding_ng_camera_3_43.png,0,0,1,0,0,train
incomplete_molding_ng_camera_3_44,images/incomplete_molding_ng/incomplete_molding_ng_camera_3_44.png,0,0,1,0,0,train
incomplete_molding_ng_camera_3_46,images/incomplete_molding_ng/incomplete_molding_ng_camera_3_46.png,0,0,1,0,0,train
incomplete_molding_ng_camera_3_47,images/incomplete_molding_ng/incomplete_molding_ng_camera_3_47.png,0,0,1,0,0,train
incomplete_molding_ng_camera_3_48,images/incomplete_molding_ng/incomplete_molding_ng_camera_3_48.png,0,0,1,0,0,train
incomplete_molding_ng_camera_3_49,images/incomplete_molding_ng/incomplete_molding_ng_camera_3_49.png,0,0,1,0,0,train
incomplete_molding_ng_camera_3_5,images/incomplete_molding_ng/incomplete_molding_ng_camera_3_5.png,0,0,1,0,0,val
incomplete_molding_ng_camera_3_50,images/incomplete_molding_ng/incomplete_molding_ng_camera_3_50.png,0,0,1,0,0,test
incomplete_molding_ng_camera_3_51,images/incomplete_molding_ng/incomplete_molding_ng_camera_3_51.png,0,0,1,0,0,val
incomplete_molding_ng_camera_3_52,images/incomplete_molding_ng/incomplete_molding_ng_camera_3_52.png,0,0,1,0,0,val
incomplete_molding_ng_camera_3_53,images/incomplete_molding_ng/incomplete_molding_ng_camera_3_53.png,0,0,1,0,0,train
incomplete_molding_ng_camera_3_54,images/incomplete_molding_ng/incomplete_molding_ng_camera_3_54.png,0,0,1,0,0,train
incomplete_molding_ng_camera_3_55,images/incomplete_molding_ng/incomplete_molding_ng_camera_3_55.png,0,0,1,0,0,test
incomplete_molding_ng_camera_3_56,images/incomplete_molding_ng/incomplete_molding_ng_camera_3_56.png,0,0,1,0,0,train
incomplete_molding_ng_camera_3_57,images/incomplete_molding_ng/incomplete_molding_ng_camera_3_57.png,0,0,1,0,0,val
incomplete_molding_ng_camera_3_58,images/incomplete_molding_ng/incomplete_molding_ng_camera_3_58.png,0,0,1,0,0,train
incomplete_molding_ng_camera_3_59,images/incomplete_molding_ng/incomplete_molding_ng_camera_3_59.png,0,0,1,0,0,test
incomplete_molding_ng_camera_3_6,images/incomplete_molding_ng/incomplete_molding_ng_camera_3_6.png,0,0,1,0,0,train
incomplete_molding_ng_camera_3_60,images/incomplete_molding_ng/incomplete_molding_ng_camera_3_60.png,0,0,1,0,0,train
incomplete_molding_ng_camera_3_61,images/incomplete_molding_ng/incomplete_molding_ng_camera_3_61.png,0,0,1,0,0,test
incomplete_molding_ng_camera_3_62,images/incomplete_molding_ng/incomplete_molding_ng_camera_3_62.png,0,0,1,0,0,test
incomplete_molding_ng_camera_3_63,images/incomplete_molding_ng/incomplete_molding_ng_camera_3_63.png,0,0,1,0,0,train
incomplete_molding_ng_camera_3_64,images/incomplete_molding_ng/incomplete_molding_ng_camera_3_64.png,0,0,1,0,0,train
incomplete_molding_ng_camera_3_65,images/incomplete_molding_ng/incomplete_molding_ng_camera_3_65.png,0,0,1,0,0,test
incomplete_molding_ng_camera_3_66,images/incomplete_molding_ng/incomplete_molding_ng_camera_3_66.png,0,0,1,0,0,val
incomplete_molding_ng_camera_3_67,images/incomplete_molding_ng/incomplete_molding_ng_camera_3_67.png,0,0,1,0,0,train
incomplete_molding_ng_camera_3_68,images/incomplete_molding_ng/incomplete_molding_ng_camera_3_68.png,0,0,1,0,0,train
incomplete_molding_ng_camera_3_69,images/incomplete_molding_ng/incomplete_molding_ng_camera_3_69.png,0,0,1,0,0,val
incomplete_molding_ng_camera_3_7,images/incomplete_molding_ng/incomplete_molding_ng_camera_3_7.png,0,0,1,0,0,train
incomplete_molding_ng_camera_3_70,images/incomplete_molding_ng/incomplete_molding_ng_camera_3_70.png,0,0,1,0,0,train
incomplete_molding_ng_camera_3_71,images/incomplete_molding_ng/incomplete_molding_ng_camera_3_71.png,0,0,1,0,0,val
incomplete_molding_ng_camera_3_72,images/incomplete_molding_ng/incomplete_molding_ng_camera_3_72.png,0,0,1,0,0,train
incomplete_molding_ng_camera_3_73,images/incomplete_molding_ng/incomplete_molding_ng_camera_3_73.png,0,0,1,0,0,train
incomplete_molding_ng_camera_3_74,images/incomplete_molding_ng/incomplete_molding_ng_camera_3_74.png,0,0,1,0,0,val
incomplete_molding_ng_camera_3_75,images/incomplete_molding_ng/incomplete_molding_ng_camera_3_75.png,0,0,1,0,0,val
incomplete_molding_ng_camera_3_76,images/incomplete_molding_ng/incomplete_molding_ng_camera_3_76.png,0,0,1,0,0,train
incomplete_molding_ng_camera_3_77,images/incomplete_molding_ng/incomplete_molding_ng_camera_3_77.png,0,0,1,0,0,train
incomplete_molding_ng_camera_3_78,images/incomplete_molding_ng/incomplete_molding_ng_camera_3_78.png,0,0,1,0,0,train
incomplete_molding_ng_camera_3_79,images/incomplete_molding_ng/incomplete_molding_ng_camera_3_79.png,0,0,1,0,0,train
incomplete_molding_ng_camera_3_8,images/incomplete_molding_ng/incomplete_molding_ng_camera_3_8.png,0,0,1,0,0,train
incomplete_molding_ng_camera_3_80,images/incomplete_molding_ng/incomplete_molding_ng_camera_3_80.png,0,0,1,0,0,train
incomplete_molding_ng_camera_3_81,images/incomplete_molding_ng/incomplete_molding_ng_camera_3_81.png,0,0,1,0,0,val
incomplete_molding_ng_camera_3_82,images/incomplete_molding_ng/incomplete_molding_ng_camera_3_82.png,0,0,1,0,0,train
incomplete_molding_ng_camera_3_83,images/incomplete_molding_ng/incomplete_molding_ng_camera_3_83.png,0,0,1,0,0,train
incomplete_molding_ng_camera_3_84,images/incomplete_molding_ng/incomplete_molding_ng_camera_3_84.png,0,0,1,0,0,test
incomplete_molding_ng_camera_3_85,images/incomplete_molding_ng/incomplete_molding_ng_camera_3_85.png,0,0,1,0,0,train
incomplete_molding_ng_camera_3_86,images/incomplete_molding_ng/incomplete_molding_ng_camera_3_86.png,0,0,1,0,0,train
incomplete_molding_ng_camera_3_87,images/incomplete_molding_ng/incomplete_molding_ng_camera_3_87.png,0,0,1,0,0,train
incomplete_molding_ng_camera_3_88,images/incomplete_molding_ng/incomplete_molding_ng_camera_3_88.png,0,0,1,0,0,val
incomplete_molding_ng_camera_3_89,images/incomplete_molding_ng/incomplete_molding_ng_camera_3_89.png,0,0,1,0,0,train
incomplete_molding_ng_camera_3_9,images/incomplete_molding_ng/incomplete_molding_ng_camera_3_9.png,0,0,1,0,0,val
incomplete_molding_ng_camera_3_90,images/incomplete_molding_ng/incomplete_molding_ng_camera_3_90.png,0,0,1,0,0,test
incomplete_molding_ng_camera_3_91,images/incomplete_molding_ng/incomplete_molding_ng_camera_3_91.png,0,0,1,0,0,test
incomplete_molding_ng_camera_3_92,images/incomplete_molding_ng/incomplete_molding_ng_camera_3_92.png,0,0,1,0,0,train
incomplete_molding_ng_camera_3_93,images/incomplete_molding_ng/incomplete_molding_ng_camera_3_93.png,0,0,1,0,0,val
incomplete_molding_ng_camera_3_94,images/incomplete_molding_ng/incomplete_molding_ng_camera_3_94.png,0,0,1,0,0,train
incomplete_molding_ng_camera_3_95,images/incomplete_molding_ng/incomplete_molding_ng_camera_3_95.png,0,0,1,0,0,val
incomplete_molding_ng_camera_3_96,images/incomplete_molding_ng/incomplete_molding_ng_camera_3_96.png,0,0,1,0,0,train
incomplete_molding_ng_camera_3_97,images/incomplete_molding_ng/incomplete_molding_ng_camera_3_97.png,0,0,1,0,0,train
incomplete_molding_ng_camera_3_98,images/incomplete_molding_ng/incomplete_molding_ng_camera_3_98.png,0,0,1,0,0,train
incomplete_molding_ng_camera_3_99,images/incomplete_molding_ng/incomplete_molding_ng_camera_3_99.png,0,0,1,0,0,train
incomplete_molding_ng_camera_4_1,images/incomplete_molding_ng/incomplete_molding_ng_camera_4_1.png,0,0,1,0,0,val
incomplete_molding_ng_camera_4_10,images/incomplete_molding_ng/incomplete_molding_ng_camera_4_10.png,0,0,1,0,0,val
incomplete_molding_ng_camera_4_100,images/incomplete_molding_ng/incomplete_molding_ng_camera_4_100.png,0,0,1,0,0,val
incomplete_molding_ng_camera_4_101,images/incomplete_molding_ng/incomplete_molding_ng_camera_4_101.png,0,0,1,0,0,train
incomplete_molding_ng_camera_4_102,images/incomplete_molding_ng/incomplete_molding_ng_camera_4_102.png,0,0,1,0,0,val
incomplete_molding_ng_camera_4_103,images/incomplete_molding_ng/incomplete_molding_ng_camera_4_103.png,0,0,1,0,0,train
incomplete_molding_ng_camera_4_104,images/incomplete_molding_ng/incomplete_molding_ng_camera_4_104.png,0,0,1,0,0,test
incomplete_molding_ng_camera_4_106,images/incomplete_molding_ng/incomplete_molding_ng_camera_4_106.png,0,0,1,0,0,test
incomplete_molding_ng_camera_4_108,images/incomplete_molding_ng/incomplete_molding_ng_camera_4_108.png,0,0,1,0,0,val
incomplete_molding_ng_camera_4_109,images/incomplete_molding_ng/incomplete_molding_ng_camera_4_109.png,0,0,1,0,0,train
incomplete_molding_ng_camera_4_11,images/incomplete_molding_ng/incomplete_molding_ng_camera_4_11.png,0,0,1,0,0,train
incomplete_molding_ng_camera_4_110,images/incomplete_molding_ng/incomplete_molding_ng_camera_4_110.png,0,0,1,0,0,train
incomplete_molding_ng_camera_4_111,images/incomplete_molding_ng/incomplete_molding_ng_camera_4_111.png,0,0,1,0,0,train
incomplete_molding_ng_camera_4_112,images/incomplete_molding_ng/incomplete_molding_ng_camera_4_112.png,0,0,1,0,0,test
incomplete_molding_ng_camera_4_115,images/incomplete_molding_ng/incomplete_molding_ng_camera_4_115.png,0,0,1,0,0,train
incomplete_molding_ng_camera_4_117,images/incomplete_molding_ng/incomplete_molding_ng_camera_4_117.png,0,0,1,0,0,train
incomplete_molding_ng_camera_4_118,images/incomplete_molding_ng/incomplete_molding_ng_camera_4_118.png,0,0,1,0,0,train
incomplete_molding_ng_camera_4_119,images/incomplete_molding_ng/incomplete_molding_ng_camera_4_119.png,0,0,1,0,0,train
incomplete_molding_ng_camera_4_12,images/incomplete_molding_ng/incomplete_molding_ng_camera_4_12.png,0,0,1,0,0,train
incomplete_molding_ng_camera_4_120,images/incomplete_molding_ng/incomplete_molding_ng_camera_4_120.png,0,0,1,0,0,val
incomplete_molding_ng_camera_4_121,images/incomplete_molding_ng/incomplete_molding_ng_camera_4_121.png,0,0,1,0,0,train
incomplete_molding_ng_camera_4_122,images/incomplete_molding_ng/incomplete_molding_ng_camera_4_122.png,0,0,1,0,0,train
incomplete_molding_ng_camera_4_123,images/incomplete_molding_ng/incomplete_molding_ng_camera_4_123.png,0,0,1,0,0,train
incomplete_molding_ng_camera_4_124,images/incomplete_molding_ng/incomplete_molding_ng_camera_4_124.png,0,0,1,0,0,train
incomplete_molding_ng_camera_4_125,images/incomplete_molding_ng/incomplete_molding_ng_camera_4_125.png,0,0,1,0,0,train
incomplete_molding_ng_camera_4_127,images/incomplete_molding_ng/incomplete_molding_ng_camera_4_127.png,0,0,1,0,0,test
incomplete_molding_ng_camera_4_129,images/incomplete_molding_ng/incomplete_molding_ng_camera_4_129.png,0,0,1,0,0,train
incomplete_molding_ng_camera_4_13,images/incomplete_molding_ng/incomplete_molding_ng_camera_4_13.png,0,0,1,0,0,val
incomplete_molding_ng_camera_4_131,images/incomplete_molding_ng/incomplete_molding_ng_camera_4_131.png,0,0,1,0,0,train
incomplete_molding_ng_camera_4_132,images/incomplete_molding_ng/incomplete_molding_ng_camera_4_132.png,0,0,1,0,0,train
incomplete_molding_ng_camera_4_133,images/incomplete_molding_ng/incomplete_molding_ng_camera_4_133.png,0,0,1,0,0,train
incomplete_molding_ng_camera_4_134,images/incomplete_molding_ng/incomplete_molding_ng_camera_4_134.png,0,0,1,0,0,train
incomplete_molding_ng_camera_4_135,images/incomplete_molding_ng/incomplete_molding_ng_camera_4_135.png,0,0,1,0,0,train
incomplete_molding_ng_camera_4_136,images/incomplete_molding_ng/incomplete_molding_ng_camera_4_136.png,0,0,1,0,0,train
incomplete_molding_ng_camera_4_137,images/incomplete_molding_ng/incomplete_molding_ng_camera_4_137.png,0,0,1,0,0,val
incomplete_molding_ng_camera_4_138,images/incomplete_molding_ng/incomplete_molding_ng_camera_4_138.png,0,0,1,0,0,val
incomplete_molding_ng_camera_4_139,images/incomplete_molding_ng/incomplete_molding_ng_camera_4_139.png,0,0,1,0,0,val
incomplete_molding_ng_camera_4_14,images/incomplete_molding_ng/incomplete_molding_ng_camera_4_14.png,0,0,1,0,0,train
incomplete_molding_ng_camera_4_140,images/incomplete_molding_ng/incomplete_molding_ng_camera_4_140.png,0,0,1,0,0,train
incomplete_molding_ng_camera_4_143,images/incomplete_molding_ng/incomplete_molding_ng_camera_4_143.png,0,0,1,0,0,train
incomplete_molding_ng_camera_4_144,images/incomplete_molding_ng/incomplete_molding_ng_camera_4_144.png,0,0,1,0,0,train
incomplete_molding_ng_camera_4_145,images/incomplete_molding_ng/incomplete_molding_ng_camera_4_145.png,0,0,1,0,0,val
incomplete_molding_ng_camera_4_146,images/incomplete_molding_ng/incomplete_molding_ng_camera_4_146.png,0,0,1,0,0,train
incomplete_molding_ng_camera_4_147,images/incomplete_molding_ng/incomplete_molding_ng_camera_4_147.png,0,0,1,0,0,train
incomplete_molding_ng_camera_4_148,images/incomplete_molding_ng/incomplete_molding_ng_camera_4_148.png,0,0,1,0,0,val
incomplete_molding_ng_camera_4_149,images/incomplete_molding_ng/incomplete_molding_ng_camera_4_149.png,0,0,1,0,0,train
incomplete_molding_ng_camera_4_15,images/incomplete_molding_ng/incomplete_molding_ng_camera_4_15.png,0,0,1,0,0,train
incomplete_molding_ng_camera_4_150,images/incomplete_molding_ng/incomplete_molding_ng_camera_4_150.png,0,0,1,0,0,train
incomplete_molding_ng_camera_4_151,images/incomplete_molding_ng/incomplete_molding_ng_camera_4_151.png,0,0,1,0,0,train
incomplete_molding_ng_camera_4_152,images/incomplete_molding_ng/incomplete_molding_ng_camera_4_152.png,0,0,1,0,0,train
incomplete_molding_ng_camera_4_153,images/incomplete_molding_ng/incomplete_molding_ng_camera_4_153.png,0,0,1,0,0,train
incomplete_molding_ng_camera_4_154,images/incomplete_molding_ng/incomplete_molding_ng_camera_4_154.png,0,0,1,0,0,train
incomplete_molding_ng_camera_4_155,images/incomplete_molding_ng/incomplete_molding_ng_camera_4_155.png,0,0,1,0,0,test
incomplete_molding_ng_camera_4_156,images/incomplete_molding_ng/incomplete_molding_ng_camera_4_156.png,0,0,1,0,0,val
incomplete_molding_ng_camera_4_157,images/incomplete_molding_ng/incomplete_molding_ng_camera_4_157.png,0,0,1,0,0,train
incomplete_molding_ng_camera_4_158,images/incomplete_molding_ng/incomplete_molding_ng_camera_4_158.png,0,0,1,0,0,val
incomplete_molding_ng_camera_4_159,images/incomplete_molding_ng/incomplete_molding_ng_camera_4_159.png,0,0,1,0,0,train
incomplete_molding_ng_camera_4_16,images/incomplete_molding_ng/incomplete_molding_ng_camera_4_16.png,0,0,1,0,0,train
incomplete_molding_ng_camera_4_160,images/incomplete_molding_ng/incomplete_molding_ng_camera_4_160.png,0,0,1,0,0,train
incomplete_molding_ng_camera_4_162,images/incomplete_molding_ng/incomplete_molding_ng_camera_4_162.png,0,0,1,0,0,val
incomplete_molding_ng_camera_4_163,images/incomplete_molding_ng/incomplete_molding_ng_camera_4_163.png,0,0,1,0,0,train
incomplete_molding_ng_camera_4_165,images/incomplete_molding_ng/incomplete_molding_ng_camera_4_165.png,0,0,1,0,0,train
incomplete_molding_ng_camera_4_166,images/incomplete_molding_ng/incomplete_molding_ng_camera_4_166.png,0,0,1,0,0,train
incomplete_molding_ng_camera_4_167,images/incomplete_molding_ng/incomplete_molding_ng_camera_4_167.png,0,0,1,0,0,train
incomplete_molding_ng_camera_4_17,images/incomplete_molding_ng/incomplete_molding_ng_camera_4_17.png,0,0,1,0,0,val
incomplete_molding_ng_camera_4_170,images/incomplete_molding_ng/incomplete_molding_ng_camera_4_170.png,0,0,1,0,0,val
incomplete_molding_ng_camera_4_172,images/incomplete_molding_ng/incomplete_molding_ng_camera_4_172.png,0,0,1,0,0,train
incomplete_molding_ng_camera_4_173,images/incomplete_molding_ng/incomplete_molding_ng_camera_4_173.png,0,0,1,0,0,test
incomplete_molding_ng_camera_4_174,images/incomplete_molding_ng/incomplete_molding_ng_camera_4_174.png,0,0,1,0,0,train
incomplete_molding_ng_camera_4_176,images/incomplete_molding_ng/incomplete_molding_ng_camera_4_176.png,0,0,1,0,0,train
incomplete_molding_ng_camera_4_178,images/incomplete_molding_ng/incomplete_molding_ng_camera_4_178.png,0,0,1,0,0,train
incomplete_molding_ng_camera_4_18,images/incomplete_molding_ng/incomplete_molding_ng_camera_4_18.png,0,0,1,0,0,val
incomplete_molding_ng_camera_4_180,images/incomplete_molding_ng/incomplete_molding_ng_camera_4_180.png,0,0,1,0,0,train
incomplete_molding_ng_camera_4_181,images/incomplete_molding_ng/incomplete_molding_ng_camera_4_181.png,0,0,1,0,0,train
incomplete_molding_ng_camera_4_182,images/incomplete_molding_ng/incomplete_molding_ng_camera_4_182.png,0,0,1,0,0,val
incomplete_molding_ng_camera_4_185,images/incomplete_molding_ng/incomplete_molding_ng_camera_4_185.png,0,0,1,0,0,train
incomplete_molding_ng_camera_4_186,images/incomplete_molding_ng/incomplete_molding_ng_camera_4_186.png,0,0,1,0,0,val
incomplete_molding_ng_camera_4_187,images/incomplete_molding_ng/incomplete_molding_ng_camera_4_187.png,0,0,1,0,0,test
incomplete_molding_ng_camera_4_188,images/incomplete_molding_ng/incomplete_molding_ng_camera_4_188.png,0,0,1,0,0,val
incomplete_molding_ng_camera_4_189,images/incomplete_molding_ng/incomplete_molding_ng_camera_4_189.png,0,0,1,0,0,train
incomplete_molding_ng_camera_4_19,images/incomplete_molding_ng/incomplete_molding_ng_camera_4_19.png,0,0,1,0,0,val
incomplete_molding_ng_camera_4_190,images/incomplete_molding_ng/incomplete_molding_ng_camera_4_190.png,0,0,1,0,0,train
incomplete_molding_ng_camera_4_191,images/incomplete_molding_ng/incomplete_molding_ng_camera_4_191.png,0,0,1,0,0,train
incomplete_molding_ng_camera_4_194,images/incomplete_molding_ng/incomplete_molding_ng_camera_4_194.png,0,0,1,0,0,train
incomplete_molding_ng_camera_4_195,images/incomplete_molding_ng/incomplete_molding_ng_camera_4_195.png,0,0,1,0,0,test
incomplete_molding_ng_camera_4_196,images/incomplete_molding_ng/incomplete_molding_ng_camera_4_196.png,0,0,1,0,0,test
incomplete_molding_ng_camera_4_198,images/incomplete_molding_ng/incomplete_molding_ng_camera_4_198.png,0,0,1,0,0,train
incomplete_molding_ng_camera_4_199,images/incomplete_molding_ng/incomplete_molding_ng_camera_4_199.png,0,0,1,0,0,test
incomplete_molding_ng_camera_4_2,images/incomplete_molding_ng/incomplete_molding_ng_camera_4_2.png,0,0,1,0,0,train
incomplete_molding_ng_camera_4_20,images/incomplete_molding_ng/incomplete_molding_ng_camera_4_20.png,0,0,1,0,0,train
incomplete_molding_ng_camera_4_200,images/incomplete_molding_ng/incomplete_molding_ng_camera_4_200.png,0,0,1,0,0,train
incomplete_molding_ng_camera_4_202,images/incomplete_molding_ng/incomplete_molding_ng_camera_4_202.png,0,0,1,0,0,train
incomplete_molding_ng_camera_4_204,images/incomplete_molding_ng/incomplete_molding_ng_camera_4_204.png,0,0,1,0,0,train
incomplete_molding_ng_camera_4_207,images/incomplete_molding_ng/incomplete_molding_ng_camera_4_207.png,0,0,1,0,0,val
incomplete_molding_ng_camera_4_208,images/incomplete_molding_ng/incomplete_molding_ng_camera_4_208.png,0,0,1,0,0,train
incomplete_molding_ng_camera_4_209,images/incomplete_molding_ng/incomplete_molding_ng_camera_4_209.png,0,0,1,0,0,train
incomplete_molding_ng_camera_4_21,images/incomplete_molding_ng/incomplete_molding_ng_camera_4_21.png,0,0,1,0,0,train
incomplete_molding_ng_camera_4_212,images/incomplete_molding_ng/incomplete_molding_ng_camera_4_212.png,0,0,1,0,0,train
incomplete_molding_ng_camera_4_213,images/incomplete_molding_ng/incomplete_molding_ng_camera_4_213.png,0,0,1,0,0,train
incomplete_molding_ng_camera_4_215,images/incomplete_molding_ng/incomplete_molding_ng_camera_4_215.png,0,0,1,0,0,test
incomplete_molding_ng_camera_4_216,images/incomplete_molding_ng/incomplete_molding_ng_camera_4_216.png,0,0,1,0,0,test
incomplete_molding_ng_camera_4_217,images/incomplete_molding_ng/incomplete_molding_ng_camera_4_217.png,0,0,1,0,0,train
incomplete_molding_ng_camera_4_218,images/incomplete_molding_ng/incomplete_molding_ng_camera_4_218.png,0,0,1,0,0,test
incomplete_molding_ng_camera_4_220,images/incomplete_molding_ng/incomplete_molding_ng_camera_4_220.png,0,0,1,0,0,train
incomplete_molding_ng_camera_4_221,images/incomplete_molding_ng/incomplete_molding_ng_camera_4_221.png,0,0,1,0,0,val
incomplete_molding_ng_camera_4_223,images/incomplete_molding_ng/incomplete_molding_ng_camera_4_223.png,0,0,1,0,0,train
incomplete_molding_ng_camera_4_225,images/incomplete_molding_ng/incomplete_molding_ng_camera_4_225.png,0,0,1,0,0,train
incomplete_molding_ng_camera_4_227,images/incomplete_molding_ng/incomplete_molding_ng_camera_4_227.png,0,0,1,0,0,train
incomplete_molding_ng_camera_4_228,images/incomplete_molding_ng/incomplete_molding_ng_camera_4_228.png,0,0,1,0,0,train
incomplete_molding_ng_camera_4_229,images/incomplete_molding_ng/incomplete_molding_ng_camera_4_229.png,0,0,1,0,0,train
incomplete_molding_ng_camera_4_23,images/incomplete_molding_ng/incomplete_molding_ng_camera_4_23.png,0,0,1,0,0,train
incomplete_molding_ng_camera_4_230,images/incomplete_molding_ng/incomplete_molding_ng_camera_4_230.png,0,0,1,0,0,train
incomplete_molding_ng_camera_4_233,images/incomplete_molding_ng/incomplete_molding_ng_camera_4_233.png,0,0,1,0,0,train
incomplete_molding_ng_camera_4_234,images/incomplete_molding_ng/incomplete_molding_ng_camera_4_234.png,0,0,1,0,0,train
incomplete_molding_ng_camera_4_236,images/incomplete_molding_ng/incomplete_molding_ng_camera_4_236.png,0,0,1,0,0,val
incomplete_molding_ng_camera_4_237,images/incomplete_molding_ng/incomplete_molding_ng_camera_4_237.png,0,0,1,0,0,train
incomplete_molding_ng_camera_4_238,images/incomplete_molding_ng/incomplete_molding_ng_camera_4_238.png,0,0,1,0,0,train
incomplete_molding_ng_camera_4_24,images/incomplete_molding_ng/incomplete_molding_ng_camera_4_24.png,0,0,1,0,0,train
incomplete_molding_ng_camera_4_240,images/incomplete_molding_ng/incomplete_molding_ng_camera_4_240.png,0,0,1,0,0,val
incomplete_molding_ng_camera_4_241,images/incomplete_molding_ng/incomplete_molding_ng_camera_4_241.png,0,0,1,0,0,val
incomplete_molding_ng_camera_4_243,images/incomplete_molding_ng/incomplete_molding_ng_camera_4_243.png,0,0,1,0,0,val
incomplete_molding_ng_camera_4_244,images/incomplete_molding_ng/incomplete_molding_ng_camera_4_244.png,0,0,1,0,0,train
incomplete_molding_ng_camera_4_245,images/incomplete_molding_ng/incomplete_molding_ng_camera_4_245.png,0,0,1,0,0,train
incomplete_molding_ng_camera_4_247,images/incomplete_molding_ng/incomplete_molding_ng_camera_4_247.png,0,0,1,0,0,train
incomplete_molding_ng_camera_4_248,images/incomplete_molding_ng/incomplete_molding_ng_camera_4_248.png,0,0,1,0,0,train
incomplete_molding_ng_camera_4_249,images/incomplete_molding_ng/incomplete_molding_ng_camera_4_249.png,0,0,1,0,0,train
incomplete_molding_ng_camera_4_25,images/incomplete_molding_ng/incomplete_molding_ng_camera_4_25.png,0,0,1,0,0,train
incomplete_molding_ng_camera_4_251,images/incomplete_molding_ng/incomplete_molding_ng_camera_4_251.png,0,0,1,0,0,test
incomplete_molding_ng_camera_4_253,images/incomplete_molding_ng/incomplete_molding_ng_camera_4_253.png,0,0,1,0,0,val
incomplete_molding_ng_camera_4_254,images/incomplete_molding_ng/incomplete_molding_ng_camera_4_254.png,0,0,1,0,0,val
incomplete_molding_ng_camera_4_256,images/incomplete_molding_ng/incomplete_molding_ng_camera_4_256.png,0,0,1,0,0,train
incomplete_molding_ng_camera_4_257,images/incomplete_molding_ng/incomplete_molding_ng_camera_4_257.png,0,0,1,0,0,train
incomplete_molding_ng_camera_4_258,images/incomplete_molding_ng/incomplete_molding_ng_camera_4_258.png,0,0,1,0,0,test
incomplete_molding_ng_camera_4_259,images/incomplete_molding_ng/incomplete_molding_ng_camera_4_259.png,0,0,1,0,0,train
incomplete_molding_ng_camera_4_26,images/incomplete_molding_ng/incomplete_molding_ng_camera_4_26.png,0,0,1,0,0,val
incomplete_molding_ng_camera_4_260,images/incomplete_molding_ng/incomplete_molding_ng_camera_4_260.png,0,0,1,0,0,val
incomplete_molding_ng_camera_4_261,images/incomplete_molding_ng/incomplete_molding_ng_camera_4_261.png,0,0,1,0,0,train
incomplete_molding_ng_camera_4_262,images/incomplete_molding_ng/incomplete_molding_ng_camera_4_262.png,0,0,1,0,0,val
incomplete_molding_ng_camera_4_264,images/incomplete_molding_ng/incomplete_molding_ng_camera_4_264.png,0,0,1,0,0,train
incomplete_molding_ng_camera_4_265,images/incomplete_molding_ng/incomplete_molding_ng_camera_4_265.png,0,0,1,0,0,val
incomplete_molding_ng_camera_4_266,images/incomplete_molding_ng/incomplete_molding_ng_camera_4_266.png,0,0,1,0,0,train
incomplete_molding_ng_camera_4_267,images/incomplete_molding_ng/incomplete_molding_ng_camera_4_267.png,0,0,1,0,0,val
incomplete_molding_ng_camera_4_27,images/incomplete_molding_ng/incomplete_molding_ng_camera_4_27.png,0,0,1,0,0,train
incomplete_molding_ng_camera_4_271,images/incomplete_molding_ng/incomplete_molding_ng_camera_4_271.png,0,0,1,0,0,train
incomplete_molding_ng_camera_4_272,images/incomplete_molding_ng/incomplete_molding_ng_camera_4_272.png,0,0,1,0,0,train
incomplete_molding_ng_camera_4_274,images/incomplete_molding_ng/incomplete_molding_ng_camera_4_274.png,0,0,1,0,0,train
incomplete_molding_ng_camera_4_277,images/incomplete_molding_ng/incomplete_molding_ng_camera_4_277.png,0,0,1,0,0,train
incomplete_molding_ng_camera_4_278,images/incomplete_molding_ng/incomplete_molding_ng_camera_4_278.png,0,0,1,0,0,train
incomplete_molding_ng_camera_4_279,images/incomplete_molding_ng/incomplete_molding_ng_camera_4_279.png,0,0,1,0,0,train
incomplete_molding_ng_camera_4_28,images/incomplete_molding_ng/incomplete_molding_ng_camera_4_28.png,0,0,1,0,0,val
incomplete_molding_ng_camera_4_280,images/incomplete_molding_ng/incomplete_molding_ng_camera_4_280.png,0,0,1,0,0,val
incomplete_molding_ng_camera_4_281,images/incomplete_molding_ng/incomplete_molding_ng_camera_4_281.png,0,0,1,0,0,train
incomplete_molding_ng_camera_4_282,images/incomplete_molding_ng/incomplete_molding_ng_camera_4_282.png,0,0,1,0,0,train
incomplete_molding_ng_camera_4_286,images/incomplete_molding_ng/incomplete_molding_ng_camera_4_286.png,0,0,1,0,0,train
incomplete_molding_ng_camera_4_289,images/incomplete_molding_ng/incomplete_molding_ng_camera_4_289.png,0,0,1,0,0,train
incomplete_molding_ng_camera_4_29,images/incomplete_molding_ng/incomplete_molding_ng_camera_4_29.png,0,0,1,0,0,train
incomplete_molding_ng_camera_4_291,images/incomplete_molding_ng/incomplete_molding_ng_camera_4_291.png,0,0,1,0,0,train
incomplete_molding_ng_camera_4_292,images/incomplete_molding_ng/incomplete_molding_ng_camera_4_292.png,0,0,1,0,0,train
incomplete_molding_ng_camera_4_293,images/incomplete_molding_ng/incomplete_molding_ng_camera_4_293.png,0,0,1,0,0,train
incomplete_molding_ng_camera_4_296,images/incomplete_molding_ng/incomplete_molding_ng_camera_4_296.png,0,0,1,0,0,val
incomplete_molding_ng_camera_4_298,images/incomplete_molding_ng/incomplete_molding_ng_camera_4_298.png,0,0,1,0,0,val
incomplete_molding_ng_camera_4_299,images/incomplete_molding_ng/incomplete_molding_ng_camera_4_299.png,0,0,1,0,0,train
incomplete_molding_ng_camera_4_3,images/incomplete_molding_ng/incomplete_molding_ng_camera_4_3.png,0,0,1,0,0,train
incomplete_molding_ng_camera_4_30,images/incomplete_molding_ng/incomplete_molding_ng_camera_4_30.png,0,0,1,0,0,val
incomplete_molding_ng_camera_4_300,images/incomplete_molding_ng/incomplete_molding_ng_camera_4_300.png,0,0,1,0,0,train
incomplete_molding_ng_camera_4_307,images/incomplete_molding_ng/incomplete_molding_ng_camera_4_307.png,0,0,1,0,0,train
incomplete_molding_ng_camera_4_309,images/incomplete_molding_ng/incomplete_molding_ng_camera_4_309.png,0,0,1,0,0,train
incomplete_molding_ng_camera_4_311,images/incomplete_molding_ng/incomplete_molding_ng_camera_4_311.png,0,0,1,0,0,train
incomplete_molding_ng_camera_4_312,images/incomplete_molding_ng/incomplete_molding_ng_camera_4_312.png,0,0,1,0,0,train
incomplete_molding_ng_camera_4_313,images/incomplete_molding_ng/incomplete_molding_ng_camera_4_313.png,0,0,1,0,0,test
incomplete_molding_ng_camera_4_314,images/incomplete_molding_ng/incomplete_molding_ng_camera_4_314.png,0,0,1,0,0,train
incomplete_molding_ng_camera_4_319,images/incomplete_molding_ng/incomplete_molding_ng_camera_4_319.png,0,0,1,0,0,train
incomplete_molding_ng_camera_4_32,images/incomplete_molding_ng/incomplete_molding_ng_camera_4_32.png,0,0,1,0,0,train
incomplete_molding_ng_camera_4_320,images/incomplete_molding_ng/incomplete_molding_ng_camera_4_320.png,0,0,1,0,0,train
incomplete_molding_ng_camera_4_321,images/incomplete_molding_ng/incomplete_molding_ng_camera_4_321.png,0,0,1,0,0,train
incomplete_molding_ng_camera_4_323,images/incomplete_molding_ng/incomplete_molding_ng_camera_4_323.png,0,0,1,0,0,train
incomplete_molding_ng_camera_4_325,images/incomplete_molding_ng/incomplete_molding_ng_camera_4_325.png,0,0,1,0,0,val
incomplete_molding_ng_camera_4_326,images/incomplete_molding_ng/incomplete_molding_ng_camera_4_326.png,0,0,1,0,0,train
incomplete_molding_ng_camera_4_327,images/incomplete_molding_ng/incomplete_molding_ng_camera_4_327.png,0,0,1,0,0,test
incomplete_molding_ng_camera_4_328,images/incomplete_molding_ng/incomplete_molding_ng_camera_4_328.png,0,0,1,0,0,val
incomplete_molding_ng_camera_4_329,images/incomplete_molding_ng/incomplete_molding_ng_camera_4_329.png,0,0,1,0,0,train
incomplete_molding_ng_camera_4_33,images/incomplete_molding_ng/incomplete_molding_ng_camera_4_33.png,0,0,1,0,0,val
incomplete_molding_ng_camera_4_330,images/incomplete_molding_ng/incomplete_molding_ng_camera_4_330.png,0,0,1,0,0,train
incomplete_molding_ng_camera_4_331,images/incomplete_molding_ng/incomplete_molding_ng_camera_4_331.png,0,0,1,0,0,val
incomplete_molding_ng_camera_4_332,images/incomplete_molding_ng/incomplete_molding_ng_camera_4_332.png,0,0,1,0,0,train
incomplete_molding_ng_camera_4_333,images/incomplete_molding_ng/incomplete_molding_ng_camera_4_333.png,0,0,1,0,0,train
incomplete_molding_ng_camera_4_334,images/incomplete_molding_ng/incomplete_molding_ng_camera_4_334.png,0,0,1,0,0,train
incomplete_molding_ng_camera_4_335,images/incomplete_molding_ng/incomplete_molding_ng_camera_4_335.png,0,0,1,0,0,train
incomplete_molding_ng_camera_4_336,images/incomplete_molding_ng/incomplete_molding_ng_camera_4_336.png,0,0,1,0,0,train
incomplete_molding_ng_camera_4_337,images/incomplete_molding_ng/incomplete_molding_ng_camera_4_337.png,0,0,1,0,0,test
incomplete_molding_ng_camera_4_338,images/incomplete_molding_ng/incomplete_molding_ng_camera_4_338.png,0,0,1,0,0,train
incomplete_molding_ng_camera_4_339,images/incomplete_molding_ng/incomplete_molding_ng_camera_4_339.png,0,0,1,0,0,train
incomplete_molding_ng_camera_4_340,images/incomplete_molding_ng/incomplete_molding_ng_camera_4_340.png,0,0,1,0,0,val
incomplete_molding_ng_camera_4_341,images/incomplete_molding_ng/incomplete_molding_ng_camera_4_341.png,0,0,1,0,0,train
incomplete_molding_ng_camera_4_342,images/incomplete_molding_ng/incomplete_molding_ng_camera_4_342.png,0,0,1,0,0,train
incomplete_molding_ng_camera_4_343,images/incomplete_molding_ng/incomplete_molding_ng_camera_4_343.png,0,0,1,0,0,train
incomplete_molding_ng_camera_4_344,images/incomplete_molding_ng/incomplete_molding_ng_camera_4_344.png,0,0,1,0,0,train
incomplete_molding_ng_camera_4_345,images/incomplete_molding_ng/incomplete_molding_ng_camera_4_345.png,0,0,1,0,0,val
incomplete_molding_ng_camera_4_346,images/incomplete_molding_ng/incomplete_molding_ng_camera_4_346.png,0,0,1,0,0,train
incomplete_molding_ng_camera_4_347,images/incomplete_molding_ng/incomplete_molding_ng_camera_4_347.png,0,0,1,0,0,train
incomplete_molding_ng_camera_4_348,images/incomplete_molding_ng/incomplete_molding_ng_camera_4_348.png,0,0,1,0,0,test
incomplete_molding_ng_camera_4_349,images/incomplete_molding_ng/incomplete_molding_ng_camera_4_349.png,0,0,1,0,0,train
incomplete_molding_ng_camera_4_350,images/incomplete_molding_ng/incomplete_molding_ng_camera_4_350.png,0,0,1,0,0,train
incomplete_molding_ng_camera_4_351,images/incomplete_molding_ng/incomplete_molding_ng_camera_4_351.png,0,0,1,0,0,train
incomplete_molding_ng_camera_4_352,images/incomplete_molding_ng/incomplete_molding_ng_camera_4_352.png,0,0,1,0,0,train
incomplete_molding_ng_camera_4_353,images/incomplete_molding_ng/incomplete_molding_ng_camera_4_353.png,0,0,1,0,0,test
incomplete_molding_ng_camera_4_354,images/incomplete_molding_ng/incomplete_molding_ng_camera_4_354.png,0,0,1,0,0,train
incomplete_molding_ng_camera_4_355,images/incomplete_molding_ng/incomplete_molding_ng_camera_4_355.png,0,0,1,0,0,train
incomplete_molding_ng_camera_4_356,images/incomplete_molding_ng/incomplete_molding_ng_camera_4_356.png,0,0,1,0,0,train
incomplete_molding_ng_camera_4_357,images/incomplete_molding_ng/incomplete_molding_ng_camera_4_357.png,0,0,1,0,0,train
incomplete_molding_ng_camera_4_358,images/incomplete_molding_ng/incomplete_molding_ng_camera_4_358.png,0,0,1,0,0,train
incomplete_molding_ng_camera_4_359,images/incomplete_molding_ng/incomplete_molding_ng_camera_4_359.png,0,0,1,0,0,test
incomplete_molding_ng_camera_4_36,images/incomplete_molding_ng/incomplete_molding_ng_camera_4_36.png,0,0,1,0,0,train
incomplete_molding_ng_camera_4_360,images/incomplete_molding_ng/incomplete_molding_ng_camera_4_360.png,0,0,1,0,0,train
incomplete_molding_ng_camera_4_361,images/incomplete_molding_ng/incomplete_molding_ng_camera_4_361.png,0,0,1,0,0,val
incomplete_molding_ng_camera_4_362,images/incomplete_molding_ng/incomplete_molding_ng_camera_4_362.png,0,0,1,0,0,test
incomplete_molding_ng_camera_4_363,images/incomplete_molding_ng/incomplete_molding_ng_camera_4_363.png,0,0,1,0,0,val
incomplete_molding_ng_camera_4_364,images/incomplete_molding_ng/incomplete_molding_ng_camera_4_364.png,0,0,1,0,0,test
incomplete_molding_ng_camera_4_365,images/incomplete_molding_ng/incomplete_molding_ng_camera_4_365.png,0,0,1,0,0,train
incomplete_molding_ng_camera_4_366,images/incomplete_molding_ng/incomplete_molding_ng_camera_4_366.png,0,0,1,0,0,train
incomplete_molding_ng_camera_4_369,images/incomplete_molding_ng/incomplete_molding_ng_camera_4_369.png,0,0,1,0,0,train
incomplete_molding_ng_camera_4_37,images/incomplete_molding_ng/incomplete_molding_ng_camera_4_37.png,0,0,1,0,0,train
incomplete_molding_ng_camera_4_370,images/incomplete_molding_ng/incomplete_molding_ng_camera_4_370.png,0,0,1,0,0,train
incomplete_molding_ng_camera_4_371,images/incomplete_molding_ng/incomplete_molding_ng_camera_4_371.png,0,0,1,0,0,train
incomplete_molding_ng_camera_4_375,images/incomplete_molding_ng/incomplete_molding_ng_camera_4_375.png,0,0,1,0,0,train
incomplete_molding_ng_camera_4_377,images/incomplete_molding_ng/incomplete_molding_ng_camera_4_377.png,0,0,1,0,0,train
incomplete_molding_ng_camera_4_38,images/incomplete_molding_ng/incomplete_molding_ng_camera_4_38.png,0,0,1,0,0,train
incomplete_molding_ng_camera_4_380,images/incomplete_molding_ng/incomplete_molding_ng_camera_4_380.png,0,0,1,0,0,train
incomplete_molding_ng_camera_4_381,images/incomplete_molding_ng/incomplete_molding_ng_camera_4_381.png,0,0,1,0,0,train
incomplete_molding_ng_camera_4_383,images/incomplete_molding_ng/incomplete_molding_ng_camera_4_383.png,0,0,1,0,0,train
incomplete_molding_ng_camera_4_385,images/incomplete_molding_ng/incomplete_molding_ng_camera_4_385.png,0,0,1,0,0,test
incomplete_molding_ng_camera_4_39,images/incomplete_molding_ng/incomplete_molding_ng_camera_4_39.png,0,0,1,0,0,train
incomplete_molding_ng_camera_4_391,images/incomplete_molding_ng/incomplete_molding_ng_camera_4_391.png,0,0,1,0,0,train
incomplete_molding_ng_camera_4_394,images/incomplete_molding_ng/incomplete_molding_ng_camera_4_394.png,0,0,1,0,0,train
incomplete_molding_ng_camera_4_4,images/incomplete_molding_ng/incomplete_molding_ng_camera_4_4.png,0,0,1,0,0,train
incomplete_molding_ng_camera_4_40,images/incomplete_molding_ng/incomplete_molding_ng_camera_4_40.png,0,0,1,0,0,test
incomplete_molding_ng_camera_4_401,images/incomplete_molding_ng/incomplete_molding_ng_camera_4_401.png,0,0,1,0,0,train
incomplete_molding_ng_camera_4_403,images/incomplete_molding_ng/incomplete_molding_ng_camera_4_403.png,0,0,1,0,0,train
incomplete_molding_ng_camera_4_404,images/incomplete_molding_ng/incomplete_molding_ng_camera_4_404.png,0,0,1,0,0,train
incomplete_molding_ng_camera_4_405,images/incomplete_molding_ng/incomplete_molding_ng_camera_4_405.png,0,0,1,0,0,train
incomplete_molding_ng_camera_4_41,images/incomplete_molding_ng/incomplete_molding_ng_camera_4_41.png,0,0,1,0,0,train
incomplete_molding_ng_camera_4_42,images/incomplete_molding_ng/incomplete_molding_ng_camera_4_42.png,0,0,1,0,0,val
incomplete_molding_ng_camera_4_43,images/incomplete_molding_ng/incomplete_molding_ng_camera_4_43.png,0,0,1,0,0,train
incomplete_molding_ng_camera_4_44,images/incomplete_molding_ng/incomplete_molding_ng_camera_4_44.png,0,0,1,0,0,train
incomplete_molding_ng_camera_4_47,images/incomplete_molding_ng/incomplete_molding_ng_camera_4_47.png,0,0,1,0,0,val
incomplete_molding_ng_camera_4_48,images/incomplete_molding_ng/incomplete_molding_ng_camera_4_48.png,0,0,1,0,0,train
incomplete_molding_ng_camera_4_49,images/incomplete_molding_ng/incomplete_molding_ng_camera_4_49.png,0,0,1,0,0,train
incomplete_molding_ng_camera_4_5,images/incomplete_molding_ng/incomplete_molding_ng_camera_4_5.png,0,0,1,0,0,train
incomplete_molding_ng_camera_4_50,images/incomplete_molding_ng/incomplete_molding_ng_camera_4_50.png,0,0,1,0,0,test
incomplete_molding_ng_camera_4_51,images/incomplete_molding_ng/incomplete_molding_ng_camera_4_51.png,0,0,1,0,0,train
incomplete_molding_ng_camera_4_52,images/incomplete_molding_ng/incomplete_molding_ng_camera_4_52.png,0,0,1,0,0,test
incomplete_molding_ng_camera_4_53,images/incomplete_molding_ng/incomplete_molding_ng_camera_4_53.png,0,0,1,0,0,train
incomplete_molding_ng_camera_4_54,images/incomplete_molding_ng/incomplete_molding_ng_camera_4_54.png,0,0,1,0,0,train
incomplete_molding_ng_camera_4_55,images/incomplete_molding_ng/incomplete_molding_ng_camera_4_55.png,0,0,1,0,0,val
incomplete_molding_ng_camera_4_56,images/incomplete_molding_ng/incomplete_molding_ng_camera_4_56.png,0,0,1,0,0,train
incomplete_molding_ng_camera_4_58,images/incomplete_molding_ng/incomplete_molding_ng_camera_4_58.png,0,0,1,0,0,train
incomplete_molding_ng_camera_4_59,images/incomplete_molding_ng/incomplete_molding_ng_camera_4_59.png,0,0,1,0,0,train
incomplete_molding_ng_camera_4_6,images/incomplete_molding_ng/incomplete_molding_ng_camera_4_6.png,0,0,1,0,0,train
incomplete_molding_ng_camera_4_60,images/incomplete_molding_ng/incomplete_molding_ng_camera_4_60.png,0,0,1,0,0,test
incomplete_molding_ng_camera_4_61,images/incomplete_molding_ng/incomplete_molding_ng_camera_4_61.png,0,0,1,0,0,train
incomplete_molding_ng_camera_4_62,images/incomplete_molding_ng/incomplete_molding_ng_camera_4_62.png,0,0,1,0,0,val
incomplete_molding_ng_camera_4_63,images/incomplete_molding_ng/incomplete_molding_ng_camera_4_63.png,0,0,1,0,0,train
incomplete_molding_ng_camera_4_65,images/incomplete_molding_ng/incomplete_molding_ng_camera_4_65.png,0,0,1,0,0,train
incomplete_molding_ng_camera_4_66,images/incomplete_molding_ng/incomplete_molding_ng_camera_4_66.png,0,0,1,0,0,train
incomplete_molding_ng_camera_4_67,images/incomplete_molding_ng/incomplete_molding_ng_camera_4_67.png,0,0,1,0,0,train
incomplete_molding_ng_camera_4_68,images/incomplete_molding_ng/incomplete_molding_ng_camera_4_68.png,0,0,1,0,0,val
incomplete_molding_ng_camera_4_69,images/incomplete_molding_ng/incomplete_molding_ng_camera_4_69.png,0,0,1,0,0,train
incomplete_molding_ng_camera_4_7,images/incomplete_molding_ng/incomplete_molding_ng_camera_4_7.png,0,0,1,0,0,train
incomplete_molding_ng_camera_4_71,images/incomplete_molding_ng/incomplete_molding_ng_camera_4_71.png,0,0,1,0,0,train
incomplete_molding_ng_camera_4_72,images/incomplete_molding_ng/incomplete_molding_ng_camera_4_72.png,0,0,1,0,0,train
incomplete_molding_ng_camera_4_73,images/incomplete_molding_ng/incomplete_molding_ng_camera_4_73.png,0,0,1,0,0,train
incomplete_molding_ng_camera_4_75,images/incomplete_molding_ng/incomplete_molding_ng_camera_4_75.png,0,0,1,0,0,train
incomplete_molding_ng_camera_4_76,images/incomplete_molding_ng/incomplete_molding_ng_camera_4_76.png,0,0,1,0,0,train
incomplete_molding_ng_camera_4_77,images/incomplete_molding_ng/incomplete_molding_ng_camera_4_77.png,0,0,1,0,0,train
incomplete_molding_ng_camera_4_79,images/incomplete_molding_ng/incomplete_molding_ng_camera_4_79.png,0,0,1,0,0,val
incomplete_molding_ng_camera_4_8,images/incomplete_molding_ng/incomplete_molding_ng_camera_4_8.png,0,0,1,0,0,test
incomplete_molding_ng_camera_4_80,images/incomplete_molding_ng/incomplete_molding_ng_camera_4_80.png,0,0,1,0,0,train
incomplete_molding_ng_camera_4_81,images/incomplete_molding_ng/incomplete_molding_ng_camera_4_81.png,0,0,1,0,0,val
incomplete_molding_ng_camera_4_83,images/incomplete_molding_ng/incomplete_molding_ng_camera_4_83.png,0,0,1,0,0,train
incomplete_molding_ng_camera_4_85,images/incomplete_molding_ng/incomplete_molding_ng_camera_4_85.png,0,0,1,0,0,val
incomplete_molding_ng_camera_4_86,images/incomplete_molding_ng/incomplete_molding_ng_camera_4_86.png,0,0,1,0,0,train
incomplete_molding_ng_camera_4_87,images/incomplete_molding_ng/incomplete_molding_ng_camera_4_87.png,0,0,1,0,0,train
incomplete_molding_ng_camera_4_88,images/incomplete_molding_ng/incomplete_molding_ng_camera_4_88.png,0,0,1,0,0,train
incomplete_molding_ng_camera_4_89,images/incomplete_molding_ng/incomplete_molding_ng_camera_4_89.png,0,0,1,0,0,val
incomplete_molding_ng_camera_4_9,images/incomplete_molding_ng/incomplete_molding_ng_camera_4_9.png,0,0,1,0,0,val
incomplete_molding_ng_camera_4_90,images/incomplete_molding_ng/incomplete_molding_ng_camera_4_90.png,0,0,1,0,0,val
incomplete_molding_ng_camera_4_91,images/incomplete_molding_ng/incomplete_molding_ng_camera_4_91.png,0,0,1,0,0,train
incomplete_molding_ng_camera_4_93,images/incomplete_molding_ng/incomplete_molding_ng_camera_4_93.png,0,0,1,0,0,train
incomplete_molding_ng_camera_4_95,images/incomplete_molding_ng/incomplete_molding_ng_camera_4_95.png,0,0,1,0,0,train
incomplete_molding_ng_camera_4_96,images/incomplete_molding_ng/incomplete_molding_ng_camera_4_96.png,0,0,1,0,0,train
incomplete_molding_ng_camera_4_97,images/incomplete_molding_ng/incomplete_molding_ng_camera_4_97.png,0,0,1,0,0,train
incomplete_molding_ng_camera_4_99,images/incomplete_molding_ng/incomplete_molding_ng_camera_4_99.png,0,0,1,0,0,train
ok_camera_1_1,images/ok/ok_camera_1_1.png,0,0,0,0,0,val
ok_camera_1_10,images/ok/ok_camera_1_10.png,0,0,0,0,0,val
ok_camera_1_100,images/ok/ok_camera_1_100.png,0,0,0,0,0,train
ok_camera_1_101,images/ok/ok_camera_1_101.png,0,0,0,0,0,train
ok_camera_1_102,images/ok/ok_camera_1_102.png,0,0,0,0,0,val
ok_camera_1_103,images/ok/ok_camera_1_103.png,0,0,0,0,0,test
ok_camera_1_104,images/ok/ok_camera_1_104.png,0,0,0,0,0,val
ok_camera_1_105,images/ok/ok_camera_1_105.png,0,0,0,0,0,train
ok_camera_1_106,images/ok/ok_camera_1_106.png,0,0,0,0,0,train
ok_camera_1_107,images/ok/ok_camera_1_107.png,0,0,0,0,0,train
ok_camera_1_108,images/ok/ok_camera_1_108.png,0,0,0,0,0,train
ok_camera_1_109,images/ok/ok_camera_1_109.png,0,0,0,0,0,val
ok_camera_1_11,images/ok/ok_camera_1_11.png,0,0,0,0,0,train
ok_camera_1_110,images/ok/ok_camera_1_110.png,0,0,0,0,0,val
ok_camera_1_12,images/ok/ok_camera_1_12.png,0,0,0,0,0,train
ok_camera_1_13,images/ok/ok_camera_1_13.png,0,0,0,0,0,train
ok_camera_1_14,images/ok/ok_camera_1_14.png,0,0,0,0,0,train
ok_camera_1_15,images/ok/ok_camera_1_15.png,0,0,0,0,0,train
ok_camera_1_16,images/ok/ok_camera_1_16.png,0,0,0,0,0,val
ok_camera_1_17,images/ok/ok_camera_1_17.png,0,0,0,0,0,train
ok_camera_1_18,images/ok/ok_camera_1_18.png,0,0,0,0,0,train
ok_camera_1_19,images/ok/ok_camera_1_19.png,0,0,0,0,0,test
ok_camera_1_2,images/ok/ok_camera_1_2.png,0,0,0,0,0,val
ok_camera_1_20,images/ok/ok_camera_1_20.png,0,0,0,0,0,train
ok_camera_1_21,images/ok/ok_camera_1_21.png,0,0,0,0,0,train
ok_camera_1_22,images/ok/ok_camera_1_22.png,0,0,0,0,0,train
ok_camera_1_23,images/ok/ok_camera_1_23.png,0,0,0,0,0,train
ok_camera_1_24,images/ok/ok_camera_1_24.png,0,0,0,0,0,train
ok_camera_1_25,images/ok/ok_camera_1_25.png,0,0,0,0,0,val
ok_camera_1_26,images/ok/ok_camera_1_26.png,0,0,0,0,0,train
ok_camera_1_27,images/ok/ok_camera_1_27.png,0,0,0,0,0,train
ok_camera_1_28,images/ok/ok_camera_1_28.png,0,0,0,0,0,train
ok_camera_1_29,images/ok/ok_camera_1_29.png,0,0,0,0,0,train
ok_camera_1_3,images/ok/ok_camera_1_3.png,0,0,0,0,0,val
ok_camera_1_30,images/ok/ok_camera_1_30.png,0,0,0,0,0,train
ok_camera_1_31,images/ok/ok_camera_1_31.png,0,0,0,0,0,val
ok_camera_1_32,images/ok/ok_camera_1_32.png,0,0,0,0,0,val
ok_camera_1_33,images/ok/ok_camera_1_33.png,0,0,0,0,0,train
ok_camera_1_34,images/ok/ok_camera_1_34.png,0,0,0,0,0,train
ok_camera_1_35,images/ok/ok_camera_1_35.png,0,0,0,0,0,train
ok_camera_1_36,images/ok/ok_camera_1_36.png,0,0,0,0,0,train
ok_camera_1_37,images/ok/ok_camera_1_37.png,0,0,0,0,0,train
ok_camera_1_38,images/ok/ok_camera_1_38.png,0,0,0,0,0,train
ok_camera_1_39,images/ok/ok_camera_1_39.png,0,0,0,0,0,test
ok_camera_1_4,images/ok/ok_camera_1_4.png,0,0,0,0,0,val
ok_camera_1_40,images/ok/ok_camera_1_40.png,0,0,0,0,0,train
ok_camera_1_41,images/ok/ok_camera_1_41.png,0,0,0,0,0,val
ok_camera_1_42,images/ok/ok_camera_1_42.png,0,0,0,0,0,train
ok_camera_1_43,images/ok/ok_camera_1_43.png,0,0,0,0,0,val
ok_camera_1_44,images/ok/ok_camera_1_44.png,0,0,0,0,0,train
ok_camera_1_45,images/ok/ok_camera_1_45.png,0,0,0,0,0,val
ok_camera_1_46,images/ok/ok_camera_1_46.png,0,0,0,0,0,train
ok_camera_1_47,images/ok/ok_camera_1_47.png,0,0,0,0,0,train
ok_camera_1_48,images/ok/ok_camera_1_48.png,0,0,0,0,0,train
ok_camera_1_49,images/ok/ok_camera_1_49.png,0,0,0,0,0,test
ok_camera_1_5,images/ok/ok_camera_1_5.png,0,0,0,0,0,train
ok_camera_1_50,images/ok/ok_camera_1_50.png,0,0,0,0,0,val
ok_camera_1_51,images/ok/ok_camera_1_51.png,0,0,0,0,0,train
ok_camera_1_52,images/ok/ok_camera_1_52.png,0,0,0,0,0,train
ok_camera_1_53,images/ok/ok_camera_1_53.png,0,0,0,0,0,train
ok_camera_1_54,images/ok/ok_camera_1_54.png,0,0,0,0,0,val
ok_camera_1_55,images/ok/ok_camera_1_55.png,0,0,0,0,0,train
ok_camera_1_56,images/ok/ok_camera_1_56.png,0,0,0,0,0,train
ok_camera_1_57,images/ok/ok_camera_1_57.png,0,0,0,0,0,train
ok_camera_1_58,images/ok/ok_camera_1_58.png,0,0,0,0,0,train
ok_camera_1_59,images/ok/ok_camera_1_59.png,0,0,0,0,0,train
ok_camera_1_6,images/ok/ok_camera_1_6.png,0,0,0,0,0,val
ok_camera_1_60,images/ok/ok_camera_1_60.png,0,0,0,0,0,val
ok_camera_1_61,images/ok/ok_camera_1_61.png,0,0,0,0,0,train
ok_camera_1_62,images/ok/ok_camera_1_62.png,0,0,0,0,0,train
ok_camera_1_63,images/ok/ok_camera_1_63.png,0,0,0,0,0,train
ok_camera_1_64,images/ok/ok_camera_1_64.png,0,0,0,0,0,train
ok_camera_1_65,images/ok/ok_camera_1_65.png,0,0,0,0,0,train
ok_camera_1_66,images/ok/ok_camera_1_66.png,0,0,0,0,0,train
ok_camera_1_67,images/ok/ok_camera_1_67.png,0,0,0,0,0,train
ok_camera_1_68,images/ok/ok_camera_1_68.png,0,0,0,0,0,val
ok_camera_1_69,images/ok/ok_camera_1_69.png,0,0,0,0,0,train
ok_camera_1_7,images/ok/ok_camera_1_7.png,0,0,0,0,0,train
ok_camera_1_70,images/ok/ok_camera_1_70.png,0,0,0,0,0,val
ok_camera_1_71,images/ok/ok_camera_1_71.png,0,0,0,0,0,train
ok_camera_1_72,images/ok/ok_camera_1_72.png,0,0,0,0,0,train
ok_camera_1_73,images/ok/ok_camera_1_73.png,0,0,0,0,0,train
ok_camera_1_74,images/ok/ok_camera_1_74.png,0,0,0,0,0,train
ok_camera_1_75,images/ok/ok_camera_1_75.png,0,0,0,0,0,train
ok_camera_1_76,images/ok/ok_camera_1_76.png,0,0,0,0,0,train
ok_camera_1_77,images/ok/ok_camera_1_77.png,0,0,0,0,0,train
ok_camera_1_78,images/ok/ok_camera_1_78.png,0,0,0,0,0,train
ok_camera_1_79,images/ok/ok_camera_1_79.png,0,0,0,0,0,val
ok_camera_1_8,images/ok/ok_camera_1_8.png,0,0,0,0,0,test
ok_camera_1_80,images/ok/ok_camera_1_80.png,0,0,0,0,0,train
ok_camera_1_81,images/ok/ok_camera_1_81.png,0,0,0,0,0,val
ok_camera_1_82,images/ok/ok_camera_1_82.png,0,0,0,0,0,test
ok_camera_1_83,images/ok/ok_camera_1_83.png,0,0,0,0,0,val
ok_camera_1_84,images/ok/ok_camera_1_84.png,0,0,0,0,0,val
ok_camera_1_85,images/ok/ok_camera_1_85.png,0,0,0,0,0,train
ok_camera_1_86,images/ok/ok_camera_1_86.png,0,0,0,0,0,train
ok_camera_1_87,images/ok/ok_camera_1_87.png,0,0,0,0,0,val
ok_camera_1_88,images/ok/ok_camera_1_88.png,0,0,0,0,0,train
ok_camera_1_89,images/ok/ok_camera_1_89.png,0,0,0,0,0,train
ok_camera_1_9,images/ok/ok_camera_1_9.png,0,0,0,0,0,test
ok_camera_1_90,images/ok/ok_camera_1_90.png,0,0,0,0,0,val
ok_camera_1_91,images/ok/ok_camera_1_91.png,0,0,0,0,0,train
ok_camera_1_92,images/ok/ok_camera_1_92.png,0,0,0,0,0,val
ok_camera_1_93,images/ok/ok_camera_1_93.png,0,0,0,0,0,val
ok_camera_1_94,images/ok/ok_camera_1_94.png,0,0,0,0,0,val
ok_camera_1_95,images/ok/ok_camera_1_95.png,0,0,0,0,0,train
ok_camera_1_96,images/ok/ok_camera_1_96.png,0,0,0,0,0,train
ok_camera_1_97,images/ok/ok_camera_1_97.png,0,0,0,0,0,train
ok_camera_1_98,images/ok/ok_camera_1_98.png,0,0,0,0,0,train
ok_camera_1_99,images/ok/ok_camera_1_99.png,0,0,0,0,0,train
ok_camera_2_1,images/ok/ok_camera_2_1.png,0,0,0,0,0,train
ok_camera_2_100,images/ok/ok_camera_2_100.png,0,0,0,0,0,val
ok_camera_2_101,images/ok/ok_camera_2_101.png,0,0,0,0,0,train
ok_camera_2_102,images/ok/ok_camera_2_102.png,0,0,0,0,0,val
ok_camera_2_103,images/ok/ok_camera_2_103.png,0,0,0,0,0,train
ok_camera_2_104,images/ok/ok_camera_2_104.png,0,0,0,0,0,val
ok_camera_2_13,images/ok/ok_camera_2_13.png,0,0,0,0,0,train
ok_camera_2_14,images/ok/ok_camera_2_14.png,0,0,0,0,0,val
ok_camera_2_19,images/ok/ok_camera_2_19.png,0,0,0,0,0,train
ok_camera_2_2,images/ok/ok_camera_2_2.png,0,0,0,0,0,train
ok_camera_2_20,images/ok/ok_camera_2_20.png,0,0,0,0,0,val
ok_camera_2_21,images/ok/ok_camera_2_21.png,0,0,0,0,0,train
ok_camera_2_22,images/ok/ok_camera_2_22.png,0,0,0,0,0,train
ok_camera_2_23,images/ok/ok_camera_2_23.png,0,0,0,0,0,val
ok_camera_2_26,images/ok/ok_camera_2_26.png,0,0,0,0,0,train
ok_camera_2_27,images/ok/ok_camera_2_27.png,0,0,0,0,0,train
ok_camera_2_29,images/ok/ok_camera_2_29.png,0,0,0,0,0,val
ok_camera_2_3,images/ok/ok_camera_2_3.png,0,0,0,0,0,train
ok_camera_2_30,images/ok/ok_camera_2_30.png,0,0,0,0,0,train
ok_camera_2_31,images/ok/ok_camera_2_31.png,0,0,0,0,0,train
ok_camera_2_32,images/ok/ok_camera_2_32.png,0,0,0,0,0,test
ok_camera_2_34,images/ok/ok_camera_2_34.png,0,0,0,0,0,val
ok_camera_2_36,images/ok/ok_camera_2_36.png,0,0,0,0,0,val
ok_camera_2_4,images/ok/ok_camera_2_4.png,0,0,0,0,0,train
ok_camera_2_40,images/ok/ok_camera_2_40.png,0,0,0,0,0,test
ok_camera_2_41,images/ok/ok_camera_2_41.png,0,0,0,0,0,train
ok_camera_2_42,images/ok/ok_camera_2_42.png,0,0,0,0,0,train
ok_camera_2_44,images/ok/ok_camera_2_44.png,0,0,0,0,0,train
ok_camera_2_45,images/ok/ok_camera_2_45.png,0,0,0,0,0,train
ok_camera_2_46,images/ok/ok_camera_2_46.png,0,0,0,0,0,train
ok_camera_2_47,images/ok/ok_camera_2_47.png,0,0,0,0,0,train
ok_camera_2_48,images/ok/ok_camera_2_48.png,0,0,0,0,0,train
ok_camera_2_49,images/ok/ok_camera_2_49.png,0,0,0,0,0,val
ok_camera_2_50,images/ok/ok_camera_2_50.png,0,0,0,0,0,train
ok_camera_2_51,images/ok/ok_camera_2_51.png,0,0,0,0,0,val
ok_camera_2_52,images/ok/ok_camera_2_52.png,0,0,0,0,0,train
ok_camera_2_53,images/ok/ok_camera_2_53.png,0,0,0,0,0,train
ok_camera_2_54,images/ok/ok_camera_2_54.png,0,0,0,0,0,train
ok_camera_2_55,images/ok/ok_camera_2_55.png,0,0,0,0,0,train
ok_camera_2_56,images/ok/ok_camera_2_56.png,0,0,0,0,0,train
ok_camera_2_57,images/ok/ok_camera_2_57.png,0,0,0,0,0,val
ok_camera_2_58,images/ok/ok_camera_2_58.png,0,0,0,0,0,train
ok_camera_2_59,images/ok/ok_camera_2_59.png,0,0,0,0,0,val
ok_camera_2_6,images/ok/ok_camera_2_6.png,0,0,0,0,0,train
ok_camera_2_60,images/ok/ok_camera_2_60.png,0,0,0,0,0,val
ok_camera_2_61,images/ok/ok_camera_2_61.png,0,0,0,0,0,train
ok_camera_2_62,images/ok/ok_camera_2_62.png,0,0,0,0,0,test
ok_camera_2_63,images/ok/ok_camera_2_63.png,0,0,0,0,0,train
ok_camera_2_64,images/ok/ok_camera_2_64.png,0,0,0,0,0,test
ok_camera_2_65,images/ok/ok_camera_2_65.png,0,0,0,0,0,train
ok_camera_2_66,images/ok/ok_camera_2_66.png,0,0,0,0,0,val
ok_camera_2_67,images/ok/ok_camera_2_67.png,0,0,0,0,0,train
ok_camera_2_68,images/ok/ok_camera_2_68.png,0,0,0,0,0,train
ok_camera_2_69,images/ok/ok_camera_2_69.png,0,0,0,0,0,train
ok_camera_2_7,images/ok/ok_camera_2_7.png,0,0,0,0,0,val
ok_camera_2_70,images/ok/ok_camera_2_70.png,0,0,0,0,0,test
ok_camera_2_71,images/ok/ok_camera_2_71.png,0,0,0,0,0,val
ok_camera_2_72,images/ok/ok_camera_2_72.png,0,0,0,0,0,train
ok_camera_2_73,images/ok/ok_camera_2_73.png,0,0,0,0,0,train
ok_camera_2_74,images/ok/ok_camera_2_74.png,0,0,0,0,0,train
ok_camera_2_75,images/ok/ok_camera_2_75.png,0,0,0,0,0,train
ok_camera_2_76,images/ok/ok_camera_2_76.png,0,0,0,0,0,train
ok_camera_2_77,images/ok/ok_camera_2_77.png,0,0,0,0,0,train
ok_camera_2_78,images/ok/ok_camera_2_78.png,0,0,0,0,0,train
ok_camera_2_79,images/ok/ok_camera_2_79.png,0,0,0,0,0,train
ok_camera_2_8,images/ok/ok_camera_2_8.png,0,0,0,0,0,train
ok_camera_2_80,images/ok/ok_camera_2_80.png,0,0,0,0,0,test
ok_camera_2_81,images/ok/ok_camera_2_81.png,0,0,0,0,0,test
ok_camera_2_82,images/ok/ok_camera_2_82.png,0,0,0,0,0,val
ok_camera_2_83,images/ok/ok_camera_2_83.png,0,0,0,0,0,train
ok_camera_2_84,images/ok/ok_camera_2_84.png,0,0,0,0,0,train
ok_camera_2_85,images/ok/ok_camera_2_85.png,0,0,0,0,0,train
ok_camera_2_86,images/ok/ok_camera_2_86.png,0,0,0,0,0,train
ok_camera_2_87,images/ok/ok_camera_2_87.png,0,0,0,0,0,val
ok_camera_2_88,images/ok/ok_camera_2_88.png,0,0,0,0,0,train
ok_camera_2_89,images/ok/ok_camera_2_89.png,0,0,0,0,0,train
ok_camera_2_9,images/ok/ok_camera_2_9.png,0,0,0,0,0,val
ok_camera_2_90,images/ok/ok_camera_2_90.png,0,0,0,0,0,train
ok_camera_2_91,images/ok/ok_camera_2_91.png,0,0,0,0,0,train
ok_camera_2_92,images/ok/ok_camera_2_92.png,0,0,0,0,0,train
ok_camera_2_93,images/ok/ok_camera_2_93.png,0,0,0,0,0,train
ok_camera_2_94,images/ok/ok_camera_2_94.png,0,0,0,0,0,train
ok_camera_2_95,images/ok/ok_camera_2_95.png,0,0,0,0,0,train
ok_camera_2_96,images/ok/ok_camera_2_96.png,0,0,0,0,0,val
ok_camera_2_97,images/ok/ok_camera_2_97.png,0,0,0,0,0,train
ok_camera_2_99,images/ok/ok_camera_2_99.png,0,0,0,0,0,val
ok_camera_3_1,images/ok/ok_camera_3_1.png,0,0,0,0,0,train
ok_camera_3_10,images/ok/ok_camera_3_10.png,0,0,0,0,0,train
ok_camera_3_100,images/ok/ok_camera_3_100.png,0,0,0,0,0,train
ok_camera_3_101,images/ok/ok_camera_3_101.png,0,0,0,0,0,test
ok_camera_3_102,images/ok/ok_camera_3_102.png,0,0,0,0,0,train
ok_camera_3_103,images/ok/ok_camera_3_103.png,0,0,0,0,0,train
ok_camera_3_104,images/ok/ok_camera_3_104.png,0,0,0,0,0,val
ok_camera_3_11,images/ok/ok_camera_3_11.png,0,0,0,0,0,train
ok_camera_3_12,images/ok/ok_camera_3_12.png,0,0,0,0,0,train
ok_camera_3_13,images/ok/ok_camera_3_13.png,0,0,0,0,0,train
ok_camera_3_14,images/ok/ok_camera_3_14.png,0,0,0,0,0,val
ok_camera_3_15,images/ok/ok_camera_3_15.png,0,0,0,0,0,train
ok_camera_3_16,images/ok/ok_camera_3_16.png,0,0,0,0,0,val
ok_camera_3_17,images/ok/ok_camera_3_17.png,0,0,0,0,0,train
ok_camera_3_18,images/ok/ok_camera_3_18.png,0,0,0,0,0,train
ok_camera_3_19,images/ok/ok_camera_3_19.png,0,0,0,0,0,val
ok_camera_3_2,images/ok/ok_camera_3_2.png,0,0,0,0,0,train
ok_camera_3_20,images/ok/ok_camera_3_20.png,0,0,0,0,0,train
ok_camera_3_21,images/ok/ok_camera_3_21.png,0,0,0,0,0,val
ok_camera_3_22,images/ok/ok_camera_3_22.png,0,0,0,0,0,train
ok_camera_3_23,images/ok/ok_camera_3_23.png,0,0,0,0,0,train
ok_camera_3_24,images/ok/ok_camera_3_24.png,0,0,0,0,0,train
ok_camera_3_25,images/ok/ok_camera_3_25.png,0,0,0,0,0,train
ok_camera_3_26,images/ok/ok_camera_3_26.png,0,0,0,0,0,val
ok_camera_3_27,images/ok/ok_camera_3_27.png,0,0,0,0,0,train
ok_camera_3_28,images/ok/ok_camera_3_28.png,0,0,0,0,0,train
ok_camera_3_29,images/ok/ok_camera_3_29.png,0,0,0,0,0,train
ok_camera_3_3,images/ok/ok_camera_3_3.png,0,0,0,0,0,train
ok_camera_3_30,images/ok/ok_camera_3_30.png,0,0,0,0,0,train
ok_camera_3_31,images/ok/ok_camera_3_31.png,0,0,0,0,0,val
ok_camera_3_32,images/ok/ok_camera_3_32.png,0,0,0,0,0,val
ok_camera_3_33,images/ok/ok_camera_3_33.png,0,0,0,0,0,test
ok_camera_3_34,images/ok/ok_camera_3_34.png,0,0,0,0,0,train
ok_camera_3_35,images/ok/ok_camera_3_35.png,0,0,0,0,0,train
ok_camera_3_36,images/ok/ok_camera_3_36.png,0,0,0,0,0,train
ok_camera_3_37,images/ok/ok_camera_3_37.png,0,0,0,0,0,train
ok_camera_3_38,images/ok/ok_camera_3_38.png,0,0,0,0,0,train
ok_camera_3_39,images/ok/ok_camera_3_39.png,0,0,0,0,0,train
ok_camera_3_4,images/ok/ok_camera_3_4.png,0,0,0,0,0,train
ok_camera_3_40,images/ok/ok_camera_3_40.png,0,0,0,0,0,train
ok_camera_3_41,images/ok/ok_camera_3_41.png,0,0,0,0,0,train
ok_camera_3_42,images/ok/ok_camera_3_42.png,0,0,0,0,0,train
ok_camera_3_43,images/ok/ok_camera_3_43.png,0,0,0,0,0,train
ok_camera_3_44,images/ok/ok_camera_3_44.png,0,0,0,0,0,test
ok_camera_3_45,images/ok/ok_camera_3_45.png,0,0,0,0,0,train
ok_camera_3_46,images/ok/ok_camera_3_46.png,0,0,0,0,0,val
ok_camera_3_47,images/ok/ok_camera_3_47.png,0,0,0,0,0,test
ok_camera_3_48,images/ok/ok_camera_3_48.png,0,0,0,0,0,train
ok_camera_3_49,images/ok/ok_camera_3_49.png,0,0,0,0,0,val
ok_camera_3_5,images/ok/ok_camera_3_5.png,0,0,0,0,0,val
ok_camera_3_50,images/ok/ok_camera_3_50.png,0,0,0,0,0,train
ok_camera_3_51,images/ok/ok_camera_3_51.png,0,0,0,0,0,train
ok_camera_3_52,images/ok/ok_camera_3_52.png,0,0,0,0,0,train
ok_camera_3_53,images/ok/ok_camera_3_53.png,0,0,0,0,0,val
ok_camera_3_54,images/ok/ok_camera_3_54.png,0,0,0,0,0,train
ok_camera_3_55,images/ok/ok_camera_3_55.png,0,0,0,0,0,test
ok_camera_3_56,images/ok/ok_camera_3_56.png,0,0,0,0,0,train
ok_camera_3_57,images/ok/ok_camera_3_57.png,0,0,0,0,0,train
ok_camera_3_58,images/ok/ok_camera_3_58.png,0,0,0,0,0,val
ok_camera_3_59,images/ok/ok_camera_3_59.png,0,0,0,0,0,train
ok_camera_3_6,images/ok/ok_camera_3_6.png,0,0,0,0,0,val
ok_camera_3_60,images/ok/ok_camera_3_60.png,0,0,0,0,0,train
ok_camera_3_61,images/ok/ok_camera_3_61.png,0,0,0,0,0,test
ok_camera_3_62,images/ok/ok_camera_3_62.png,0,0,0,0,0,train
ok_camera_3_63,images/ok/ok_camera_3_63.png,0,0,0,0,0,train
ok_camera_3_64,images/ok/ok_camera_3_64.png,0,0,0,0,0,train
ok_camera_3_65,images/ok/ok_camera_3_65.png,0,0,0,0,0,train
ok_camera_3_66,images/ok/ok_camera_3_66.png,0,0,0,0,0,val
ok_camera_3_67,images/ok/ok_camera_3_67.png,0,0,0,0,0,train
ok_camera_3_68,images/ok/ok_camera_3_68.png,0,0,0,0,0,train
ok_camera_3_69,images/ok/ok_camera_3_69.png,0,0,0,0,0,train
ok_camera_3_7,images/ok/ok_camera_3_7.png,0,0,0,0,0,val
ok_camera_3_70,images/ok/ok_camera_3_70.png,0,0,0,0,0,val
ok_camera_3_71,images/ok/ok_camera_3_71.png,0,0,0,0,0,train
ok_camera_3_72,images/ok/ok_camera_3_72.png,0,0,0,0,0,train
ok_camera_3_73,images/ok/ok_camera_3_73.png,0,0,0,0,0,train
ok_camera_3_74,images/ok/ok_camera_3_74.png,0,0,0,0,0,train
ok_camera_3_75,images/ok/ok_camera_3_75.png,0,0,0,0,0,train
ok_camera_3_76,images/ok/ok_camera_3_76.png,0,0,0,0,0,train
ok_camera_3_77,images/ok/ok_camera_3_77.png,0,0,0,0,0,train
ok_camera_3_78,images/ok/ok_camera_3_78.png,0,0,0,0,0,val
ok_camera_3_79,images/ok/ok_camera_3_79.png,0,0,0,0,0,train
ok_camera_3_8,images/ok/ok_camera_3_8.png,0,0,0,0,0,train
ok_camera_3_80,images/ok/ok_camera_3_80.png,0,0,0,0,0,val
ok_camera_3_81,images/ok/ok_camera_3_81.png,0,0,0,0,0,train
ok_camera_3_82,images/ok/ok_camera_3_82.png,0,0,0,0,0,val
ok_camera_3_83,images/ok/ok_camera_3_83.png,0,0,0,0,0,val
ok_camera_3_84,images/ok/ok_camera_3_84.png,0,0,0,0,0,train
ok_camera_3_85,images/ok/ok_camera_3_85.png,0,0,0,0,0,train
ok_camera_3_86,images/ok/ok_camera_3_86.png,0,0,0,0,0,train
ok_camera_3_87,images/ok/ok_camera_3_87.png,0,0,0,0,0,train
ok_camera_3_88,images/ok/ok_camera_3_88.png,0,0,0,0,0,test
ok_camera_3_89,images/ok/ok_camera_3_89.png,0,0,0,0,0,val
ok_camera_3_9,images/ok/ok_camera_3_9.png,0,0,0,0,0,test
ok_camera_3_90,images/ok/ok_camera_3_90.png,0,0,0,0,0,train
ok_camera_3_91,images/ok/ok_camera_3_91.png,0,0,0,0,0,test
ok_camera_3_92,images/ok/ok_camera_3_92.png,0,0,0,0,0,train
ok_camera_3_93,images/ok/ok_camera_3_93.png,0,0,0,0,0,train
ok_camera_3_94,images/ok/ok_camera_3_94.png,0,0,0,0,0,train
ok_camera_3_95,images/ok/ok_camera_3_95.png,0,0,0,0,0,train
ok_camera_3_96,images/ok/ok_camera_3_96.png,0,0,0,0,0,train
ok_camera_3_97,images/ok/ok_camera_3_97.png,0,0,0,0,0,train
ok_camera_3_98,images/ok/ok_camera_3_98.png,0,0,0,0,0,train
ok_camera_3_99,images/ok/ok_camera_3_99.png,0,0,0,0,0,val
ok_camera_4_1,images/ok/ok_camera_4_1.png,0,0,0,0,0,test
ok_camera_4_100,images/ok/ok_camera_4_100.png,0,0,0,0,0,test
ok_camera_4_101,images/ok/ok_camera_4_101.png,0,0,0,0,0,val
ok_camera_4_102,images/ok/ok_camera_4_102.png,0,0,0,0,0,train
ok_camera_4_11,images/ok/ok_camera_4_11.png,0,0,0,0,0,train
ok_camera_4_12,images/ok/ok_camera_4_12.png,0,0,0,0,0,train
ok_camera_4_16,images/ok/ok_camera_4_16.png,0,0,0,0,0,train
ok_camera_4_17,images/ok/ok_camera_4_17.png,0,0,0,0,0,train
ok_camera_4_18,images/ok/ok_camera_4_18.png,0,0,0,0,0,test
ok_camera_4_19,images/ok/ok_camera_4_19.png,0,0,0,0,0,train
ok_camera_4_2,images/ok/ok_camera_4_2.png,0,0,0,0,0,train
ok_camera_4_20,images/ok/ok_camera_4_20.png,0,0,0,0,0,train
ok_camera_4_23,images/ok/ok_camera_4_23.png,0,0,0,0,0,val
ok_camera_4_24,images/ok/ok_camera_4_24.png,0,0,0,0,0,test
ok_camera_4_26,images/ok/ok_camera_4_26.png,0,0,0,0,0,train
ok_camera_4_27,images/ok/ok_camera_4_27.png,0,0,0,0,0,val
ok_camera_4_28,images/ok/ok_camera_4_28.png,0,0,0,0,0,train
ok_camera_4_29,images/ok/ok_camera_4_29.png,0,0,0,0,0,train
ok_camera_4_3,images/ok/ok_camera_4_3.png,0,0,0,0,0,train
ok_camera_4_32,images/ok/ok_camera_4_32.png,0,0,0,0,0,train
ok_camera_4_34,images/ok/ok_camera_4_34.png,0,0,0,0,0,train
ok_camera_4_38,images/ok/ok_camera_4_38.png,0,0,0,0,0,val
ok_camera_4_39,images/ok/ok_camera_4_39.png,0,0,0,0,0,val
ok_camera_4_41,images/ok/ok_camera_4_41.png,0,0,0,0,0,train
ok_camera_4_42,images/ok/ok_camera_4_42.png,0,0,0,0,0,train
ok_camera_4_43,images/ok/ok_camera_4_43.png,0,0,0,0,0,train
ok_camera_4_44,images/ok/ok_camera_4_44.png,0,0,0,0,0,train
ok_camera_4_45,images/ok/ok_camera_4_45.png,0,0,0,0,0,train
ok_camera_4_46,images/ok/ok_camera_4_46.png,0,0,0,0,0,train
ok_camera_4_47,images/ok/ok_camera_4_47.png,0,0,0,0,0,train
ok_camera_4_48,images/ok/ok_camera_4_48.png,0,0,0,0,0,train
ok_camera_4_49,images/ok/ok_camera_4_49.png,0,0,0,0,0,val
ok_camera_4_5,images/ok/ok_camera_4_5.png,0,0,0,0,0,train
ok_camera_4_50,images/ok/ok_camera_4_50.png,0,0,0,0,0,train
ok_camera_4_51,images/ok/ok_camera_4_51.png,0,0,0,0,0,val
ok_camera_4_52,images/ok/ok_camera_4_52.png,0,0,0,0,0,val
ok_camera_4_53,images/ok/ok_camera_4_53.png,0,0,0,0,0,val
ok_camera_4_54,images/ok/ok_camera_4_54.png,0,0,0,0,0,val
ok_camera_4_55,images/ok/ok_camera_4_55.png,0,0,0,0,0,train
ok_camera_4_56,images/ok/ok_camera_4_56.png,0,0,0,0,0,train
ok_camera_4_57,images/ok/ok_camera_4_57.png,0,0,0,0,0,train
ok_camera_4_58,images/ok/ok_camera_4_58.png,0,0,0,0,0,train
ok_camera_4_59,images/ok/ok_camera_4_59.png,0,0,0,0,0,train
ok_camera_4_6,images/ok/ok_camera_4_6.png,0,0,0,0,0,test
ok_camera_4_60,images/ok/ok_camera_4_60.png,0,0,0,0,0,val
ok_camera_4_61,images/ok/ok_camera_4_61.png,0,0,0,0,0,train
ok_camera_4_62,images/ok/ok_camera_4_62.png,0,0,0,0,0,train
ok_camera_4_63,images/ok/ok_camera_4_63.png,0,0,0,0,0,train
ok_camera_4_64,images/ok/ok_camera_4_64.png,0,0,0,0,0,train
ok_camera_4_65,images/ok/ok_camera_4_65.png,0,0,0,0,0,test
ok_camera_4_66,images/ok/ok_camera_4_66.png,0,0,0,0,0,train
ok_camera_4_67,images/ok/ok_camera_4_67.png,0,0,0,0,0,val
ok_camera_4_68,images/ok/ok_camera_4_68.png,0,0,0,0,0,val
ok_camera_4_69,images/ok/ok_camera_4_69.png,0,0,0,0,0,train
ok_camera_4_7,images/ok/ok_camera_4_7.png,0,0,0,0,0,train
ok_camera_4_70,images/ok/ok_camera_4_70.png,0,0,0,0,0,train
ok_camera_4_71,images/ok/ok_camera_4_71.png,0,0,0,0,0,train
ok_camera_4_72,images/ok/ok_camera_4_72.png,0,0,0,0,0,train
ok_camera_4_73,images/ok/ok_camera_4_73.png,0,0,0,0,0,train
ok_camera_4_74,images/ok/ok_camera_4_74.png,0,0,0,0,0,train
ok_camera_4_75,images/ok/ok_camera_4_75.png,0,0,0,0,0,train
ok_camera_4_76,images/ok/ok_camera_4_76.png,0,0,0,0,0,train
ok_camera_4_77,images/ok/ok_camera_4_77.png,0,0,0,0,0,val
ok_camera_4_78,images/ok/ok_camera_4_78.png,0,0,0,0,0,test
ok_camera_4_79,images/ok/ok_camera_4_79.png,0,0,0,0,0,train
ok_camera_4_8,images/ok/ok_camera_4_8.png,0,0,0,0,0,train
ok_camera_4_80,images/ok/ok_camera_4_80.png,0,0,0,0,0,val
ok_camera_4_81,images/ok/ok_camera_4_81.png,0,0,0,0,0,train
ok_camera_4_82,images/ok/ok_camera_4_82.png,0,0,0,0,0,train
ok_camera_4_83,images/ok/ok_camera_4_83.png,0,0,0,0,0,test
ok_camera_4_84,images/ok/ok_camera_4_84.png,0,0,0,0,0,train
ok_camera_4_85,images/ok/ok_camera_4_85.png,0,0,0,0,0,train
ok_camera_4_86,images/ok/ok_camera_4_86.png,0,0,0,0,0,train
ok_camera_4_87,images/ok/ok_camera_4_87.png,0,0,0,0,0,train
ok_camera_4_88,images/ok/ok_camera_4_88.png,0,0,0,0,0,train
ok_camera_4_89,images/ok/ok_camera_4_89.png,0,0,0,0,0,train
ok_camera_4_90,images/ok/ok_camera_4_90.png,0,0,0,0,0,train
ok_camera_4_91,images/ok/ok_camera_4_91.png,0,0,0,0,0,train
ok_camera_4_92,images/ok/ok_camera_4_92.png,0,0,0,0,0,train
ok_camera_4_93,images/ok/ok_camera_4_93.png,0,0,0,0,0,train
ok_camera_4_94,images/ok/ok_camera_4_94.png,0,0,0,0,0,train
ok_camera_4_95,images/ok/ok_camera_4_95.png,0,0,0,0,0,train
ok_camera_4_96,images/ok/ok_camera_4_96.png,0,0,0,0,0,train
ok_camera_4_97,images/ok/ok_camera_4_97.png,0,0,0,0,0,test
ok_camera_4_98,images/ok/ok_camera_4_98.png,0,0,0,0,0,val
ok_camera_4_99,images/ok/ok_camera_4_99.png,0,0,0,0,0,train
shrinkage_side_ng_camera_1_1,images/shrinkage_side_ng/shrinkage_side_ng_camera_1_1.png,1,0,0,0,0,val
shrinkage_side_ng_camera_1_10,images/shrinkage_side_ng/shrinkage_side_ng_camera_1_10.png,1,0,0,0,0,train
shrinkage_side_ng_camera_1_101,images/shrinkage_side_ng/shrinkage_side_ng_camera_1_101.png,1,0,0,0,0,val
shrinkage_side_ng_camera_1_102,images/shrinkage_side_ng/shrinkage_side_ng_camera_1_102.png,1,0,0,0,0,train
shrinkage_side_ng_camera_1_103,images/shrinkage_side_ng/shrinkage_side_ng_camera_1_103.png,1,0,0,0,0,train
shrinkage_side_ng_camera_1_104,images/shrinkage_side_ng/shrinkage_side_ng_camera_1_104.png,1,0,0,0,0,test
shrinkage_side_ng_camera_1_105,images/shrinkage_side_ng/shrinkage_side_ng_camera_1_105.png,1,0,0,0,0,train
shrinkage_side_ng_camera_1_106,images/shrinkage_side_ng/shrinkage_side_ng_camera_1_106.png,1,0,0,0,0,test
shrinkage_side_ng_camera_1_107,images/shrinkage_side_ng/shrinkage_side_ng_camera_1_107.png,1,0,0,0,0,train
shrinkage_side_ng_camera_1_108,images/shrinkage_side_ng/shrinkage_side_ng_camera_1_108.png,1,0,0,0,0,train
shrinkage_side_ng_camera_1_109,images/shrinkage_side_ng/shrinkage_side_ng_camera_1_109.png,1,0,0,0,0,test
shrinkage_side_ng_camera_1_11,images/shrinkage_side_ng/shrinkage_side_ng_camera_1_11.png,1,0,0,0,0,train
shrinkage_side_ng_camera_1_110,images/shrinkage_side_ng/shrinkage_side_ng_camera_1_110.png,1,0,0,0,0,train
shrinkage_side_ng_camera_1_111,images/shrinkage_side_ng/shrinkage_side_ng_camera_1_111.png,1,0,0,0,0,train
shrinkage_side_ng_camera_1_112,images/shrinkage_side_ng/shrinkage_side_ng_camera_1_112.png,1,0,0,0,0,train
shrinkage_side_ng_camera_1_113,images/shrinkage_side_ng/shrinkage_side_ng_camera_1_113.png,1,0,0,0,0,val
shrinkage_side_ng_camera_1_114,images/shrinkage_side_ng/shrinkage_side_ng_camera_1_114.png,1,0,0,0,0,train
shrinkage_side_ng_camera_1_115,images/shrinkage_side_ng/shrinkage_side_ng_camera_1_115.png,1,0,0,0,0,train
shrinkage_side_ng_camera_1_116,images/shrinkage_side_ng/shrinkage_side_ng_camera_1_116.png,1,0,0,0,0,train
shrinkage_side_ng_camera_1_117,images/shrinkage_side_ng/shrinkage_side_ng_camera_1_117.png,1,0,0,0,0,train
shrinkage_side_ng_camera_1_118,images/shrinkage_side_ng/shrinkage_side_ng_camera_1_118.png,1,0,0,0,0,train
shrinkage_side_ng_camera_1_12,images/shrinkage_side_ng/shrinkage_side_ng_camera_1_12.png,1,0,0,0,0,train
shrinkage_side_ng_camera_1_120,images/shrinkage_side_ng/shrinkage_side_ng_camera_1_120.png,1,0,0,0,0,train
shrinkage_side_ng_camera_1_122,images/shrinkage_side_ng/shrinkage_side_ng_camera_1_122.png,1,0,0,0,0,test
shrinkage_side_ng_camera_1_123,images/shrinkage_side_ng/shrinkage_side_ng_camera_1_123.png,1,0,0,0,0,train
shrinkage_side_ng_camera_1_124,images/shrinkage_side_ng/shrinkage_side_ng_camera_1_124.png,1,0,0,0,0,val
shrinkage_side_ng_camera_1_125,images/shrinkage_side_ng/shrinkage_side_ng_camera_1_125.png,1,0,0,0,0,train
shrinkage_side_ng_camera_1_126,images/shrinkage_side_ng/shrinkage_side_ng_camera_1_126.png,1,0,0,0,0,train
shrinkage_side_ng_camera_1_127,images/shrinkage_side_ng/shrinkage_side_ng_camera_1_127.png,1,0,0,0,0,val
shrinkage_side_ng_camera_1_128,images/shrinkage_side_ng/shrinkage_side_ng_camera_1_128.png,1,0,0,0,0,train
shrinkage_side_ng_camera_1_129,images/shrinkage_side_ng/shrinkage_side_ng_camera_1_129.png,1,0,0,0,0,train
shrinkage_side_ng_camera_1_13,images/shrinkage_side_ng/shrinkage_side_ng_camera_1_13.png,1,0,0,0,0,train
shrinkage_side_ng_camera_1_130,images/shrinkage_side_ng/shrinkage_side_ng_camera_1_130.png,1,0,0,0,0,train
shrinkage_side_ng_camera_1_131,images/shrinkage_side_ng/shrinkage_side_ng_camera_1_131.png,1,0,0,0,0,val
shrinkage_side_ng_camera_1_132,images/shrinkage_side_ng/shrinkage_side_ng_camera_1_132.png,1,0,0,0,0,train
shrinkage_side_ng_camera_1_133,images/shrinkage_side_ng/shrinkage_side_ng_camera_1_133.png,1,0,0,0,0,train
shrinkage_side_ng_camera_1_134,images/shrinkage_side_ng/shrinkage_side_ng_camera_1_134.png,1,0,0,0,0,test
shrinkage_side_ng_camera_1_135,images/shrinkage_side_ng/shrinkage_side_ng_camera_1_135.png,1,0,0,0,0,train
shrinkage_side_ng_camera_1_136,images/shrinkage_side_ng/shrinkage_side_ng_camera_1_136.png,1,0,0,0,0,train
shrinkage_side_ng_camera_1_137,images/shrinkage_side_ng/shrinkage_side_ng_camera_1_137.png,1,0,0,0,0,test
shrinkage_side_ng_camera_1_138,images/shrinkage_side_ng/shrinkage_side_ng_camera_1_138.png,1,0,0,0,0,val
shrinkage_side_ng_camera_1_139,images/shrinkage_side_ng/shrinkage_side_ng_camera_1_139.png,1,0,0,0,0,train
shrinkage_side_ng_camera_1_14,images/shrinkage_side_ng/shrinkage_side_ng_camera_1_14.png,1,0,0,0,0,train
shrinkage_side_ng_camera_1_140,images/shrinkage_side_ng/shrinkage_side_ng_camera_1_140.png,1,0,0,0,0,train
shrinkage_side_ng_camera_1_141,images/shrinkage_side_ng/shrinkage_side_ng_camera_1_141.png,1,0,0,0,0,train
shrinkage_side_ng_camera_1_142,images/shrinkage_side_ng/shrinkage_side_ng_camera_1_142.png,1,0,0,0,0,train
shrinkage_side_ng_camera_1_143,images/shrinkage_side_ng/shrinkage_side_ng_camera_1_143.png,1,0,0,0,0,train
shrinkage_side_ng_camera_1_144,images/shrinkage_side_ng/shrinkage_side_ng_camera_1_144.png,1,0,0,0,0,train
shrinkage_side_ng_camera_1_145,images/shrinkage_side_ng/shrinkage_side_ng_camera_1_145.png,1,0,0,0,0,val
shrinkage_side_ng_camera_1_146,images/shrinkage_side_ng/shrinkage_side_ng_camera_1_146.png,1,0,0,0,0,train
shrinkage_side_ng_camera_1_147,images/shrinkage_side_ng/shrinkage_side_ng_camera_1_147.png,1,0,0,0,0,train
shrinkage_side_ng_camera_1_148,images/shrinkage_side_ng/shrinkage_side_ng_camera_1_148.png,1,0,0,0,0,train
shrinkage_side_ng_camera_1_15,images/shrinkage_side_ng/shrinkage_side_ng_camera_1_15.png,1,0,0,0,0,train
shrinkage_side_ng_camera_1_150,images/shrinkage_side_ng/shrinkage_side_ng_camera_1_150.png,1,0,0,0,0,train
shrinkage_side_ng_camera_1_151,images/shrinkage_side_ng/shrinkage_side_ng_camera_1_151.png,1,0,0,0,0,val
shrinkage_side_ng_camera_1_152,images/shrinkage_side_ng/shrinkage_side_ng_camera_1_152.png,1,0,0,0,0,train
shrinkage_side_ng_camera_1_153,images/shrinkage_side_ng/shrinkage_side_ng_camera_1_153.png,1,0,0,0,0,val
shrinkage_side_ng_camera_1_154,images/shrinkage_side_ng/shrinkage_side_ng_camera_1_154.png,1,0,0,0,0,train
shrinkage_side_ng_camera_1_155,images/shrinkage_side_ng/shrinkage_side_ng_camera_1_155.png,1,0,0,0,0,train
shrinkage_side_ng_camera_1_156,images/shrinkage_side_ng/shrinkage_side_ng_camera_1_156.png,1,0,0,0,0,train
shrinkage_side_ng_camera_1_157,images/shrinkage_side_ng/shrinkage_side_ng_camera_1_157.png,1,0,0,0,0,val
shrinkage_side_ng_camera_1_158,images/shrinkage_side_ng/shrinkage_side_ng_camera_1_158.png,1,0,0,0,0,train
shrinkage_side_ng_camera_1_159,images/shrinkage_side_ng/shrinkage_side_ng_camera_1_159.png,1,0,0,0,0,val
shrinkage_side_ng_camera_1_16,images/shrinkage_side_ng/shrinkage_side_ng_camera_1_16.png,1,0,0,0,0,test
shrinkage_side_ng_camera_1_160,images/shrinkage_side_ng/shrinkage_side_ng_camera_1_160.png,1,0,0,0,0,val
shrinkage_side_ng_camera_1_161,images/shrinkage_side_ng/shrinkage_side_ng_camera_1_161.png,1,0,0,0,0,train
shrinkage_side_ng_camera_1_162,images/shrinkage_side_ng/shrinkage_side_ng_camera_1_162.png,1,0,0,0,0,train
shrinkage_side_ng_camera_1_163,images/shrinkage_side_ng/shrinkage_side_ng_camera_1_163.png,1,0,0,0,0,train
shrinkage_side_ng_camera_1_164,images/shrinkage_side_ng/shrinkage_side_ng_camera_1_164.png,1,0,0,0,0,train
shrinkage_side_ng_camera_1_165,images/shrinkage_side_ng/shrinkage_side_ng_camera_1_165.png,1,0,0,0,0,val
shrinkage_side_ng_camera_1_167,images/shrinkage_side_ng/shrinkage_side_ng_camera_1_167.png,1,0,0,0,0,train
shrinkage_side_ng_camera_1_168,images/shrinkage_side_ng/shrinkage_side_ng_camera_1_168.png,1,0,0,0,0,train
shrinkage_side_ng_camera_1_169,images/shrinkage_side_ng/shrinkage_side_ng_camera_1_169.png,1,0,0,0,0,train
shrinkage_side_ng_camera_1_17,images/shrinkage_side_ng/shrinkage_side_ng_camera_1_17.png,1,0,0,0,0,train
shrinkage_side_ng_camera_1_170,images/shrinkage_side_ng/shrinkage_side_ng_camera_1_170.png,1,0,0,0,0,train
shrinkage_side_ng_camera_1_172,images/shrinkage_side_ng/shrinkage_side_ng_camera_1_172.png,1,0,0,0,0,train
shrinkage_side_ng_camera_1_173,images/shrinkage_side_ng/shrinkage_side_ng_camera_1_173.png,1,0,0,0,0,test
shrinkage_side_ng_camera_1_174,images/shrinkage_side_ng/shrinkage_side_ng_camera_1_174.png,1,0,0,0,0,train
shrinkage_side_ng_camera_1_175,images/shrinkage_side_ng/shrinkage_side_ng_camera_1_175.png,1,0,0,0,0,train
shrinkage_side_ng_camera_1_176,images/shrinkage_side_ng/shrinkage_side_ng_camera_1_176.png,1,0,0,0,0,val
shrinkage_side_ng_camera_1_177,images/shrinkage_side_ng/shrinkage_side_ng_camera_1_177.png,1,0,0,0,0,val
shrinkage_side_ng_camera_1_178,images/shrinkage_side_ng/shrinkage_side_ng_camera_1_178.png,1,0,0,0,0,val
shrinkage_side_ng_camera_1_179,images/shrinkage_side_ng/shrinkage_side_ng_camera_1_179.png,1,0,0,0,0,train
shrinkage_side_ng_camera_1_18,images/shrinkage_side_ng/shrinkage_side_ng_camera_1_18.png,1,0,0,0,0,train
shrinkage_side_ng_camera_1_180,images/shrinkage_side_ng/shrinkage_side_ng_camera_1_180.png,1,0,0,0,0,val
shrinkage_side_ng_camera_1_181,images/shrinkage_side_ng/shrinkage_side_ng_camera_1_181.png,1,0,0,0,0,test
shrinkage_side_ng_camera_1_182,images/shrinkage_side_ng/shrinkage_side_ng_camera_1_182.png,1,0,0,0,0,train
shrinkage_side_ng_camera_1_183,images/shrinkage_side_ng/shrinkage_side_ng_camera_1_183.png,1,0,0,0,0,train
shrinkage_side_ng_camera_1_184,images/shrinkage_side_ng/shrinkage_side_ng_camera_1_184.png,1,0,0,0,0,train
shrinkage_side_ng_camera_1_185,images/shrinkage_side_ng/shrinkage_side_ng_camera_1_185.png,1,0,0,0,0,train
shrinkage_side_ng_camera_1_186,images/shrinkage_side_ng/shrinkage_side_ng_camera_1_186.png,1,0,0,0,0,train
shrinkage_side_ng_camera_1_187,images/shrinkage_side_ng/shrinkage_side_ng_camera_1_187.png,1,0,0,0,0,val
shrinkage_side_ng_camera_1_188,images/shrinkage_side_ng/shrinkage_side_ng_camera_1_188.png,1,0,0,0,0,val
shrinkage_side_ng_camera_1_189,images/shrinkage_side_ng/shrinkage_side_ng_camera_1_189.png,1,0,0,0,0,train
shrinkage_side_ng_camera_1_19,images/shrinkage_side_ng/shrinkage_side_ng_camera_1_19.png,1,0,0,0,0,train
shrinkage_side_ng_camera_1_190,images/shrinkage_side_ng/shrinkage_side_ng_camera_1_190.png,1,0,0,0,0,train
shrinkage_side_ng_camera_1_192,images/shrinkage_side_ng/shrinkage_side_ng_camera_1_192.png,1,0,0,0,0,train
shrinkage_side_ng_camera_1_193,images/shrinkage_side_ng/shrinkage_side_ng_camera_1_193.png,1,0,0,0,0,val
shrinkage_side_ng_camera_1_194,images/shrinkage_side_ng/shrinkage_side_ng_camera_1_194.png,1,0,0,0,0,train
shrinkage_side_ng_camera_1_195,images/shrinkage_side_ng/shrinkage_side_ng_camera_1_195.png,1,0,0,0,0,train
shrinkage_side_ng_camera_1_196,images/shrinkage_side_ng/shrinkage_side_ng_camera_1_196.png,1,0,0,0,0,test
shrinkage_side_ng_camera_1_197,images/shrinkage_side_ng/shrinkage_side_ng_camera_1_197.png,1,0,0,0,0,test
shrinkage_side_ng_camera_1_199,images/shrinkage_side_ng/shrinkage_side_ng_camera_1_199.png,1,0,0,0,0,train
shrinkage_side_ng_camera_1_20,images/shrinkage_side_ng/shrinkage_side_ng_camera_1_20.png,1,0,0,0,0,val
shrinkage_side_ng_camera_1_200,images/shrinkage_side_ng/shrinkage_side_ng_camera_1_200.png,1,0,0,0,0,train
shrinkage_side_ng_camera_1_201,images/shrinkage_side_ng/shrinkage_side_ng_camera_1_201.png,1,0,0,0,0,train
shrinkage_side_ng_camera_1_202,images/shrinkage_side_ng/shrinkage_side_ng_camera_1_202.png,1,0,0,0,0,train
shrinkage_side_ng_camera_1_203,images/shrinkage_side_ng/shrinkage_side_ng_camera_1_203.png,1,0,0,0,0,train
shrinkage_side_ng_camera_1_204,images/shrinkage_side_ng/shrinkage_side_ng_camera_1_204.png,1,0,0,0,0,train
shrinkage_side_ng_camera_1_21,images/shrinkage_side_ng/shrinkage_side_ng_camera_1_21.png,1,0,0,0,0,train
shrinkage_side_ng_camera_1_22,images/shrinkage_side_ng/shrinkage_side_ng_camera_1_22.png,1,0,0,0,0,train
shrinkage_side_ng_camera_1_23,images/shrinkage_side_ng/shrinkage_side_ng_camera_1_23.png,1,0,0,0,0,train
shrinkage_side_ng_camera_1_25,images/shrinkage_side_ng/shrinkage_side_ng_camera_1_25.png,1,0,0,0,0,val
shrinkage_side_ng_camera_1_26,images/shrinkage_side_ng/shrinkage_side_ng_camera_1_26.png,1,0,0,0,0,train
shrinkage_side_ng_camera_1_27,images/shrinkage_side_ng/shrinkage_side_ng_camera_1_27.png,1,0,0,0,0,test
shrinkage_side_ng_camera_1_28,images/shrinkage_side_ng/shrinkage_side_ng_camera_1_28.png,1,0,0,0,0,train
shrinkage_side_ng_camera_1_29,images/shrinkage_side_ng/shrinkage_side_ng_camera_1_29.png,1,0,0,0,0,train
shrinkage_side_ng_camera_1_3,images/shrinkage_side_ng/shrinkage_side_ng_camera_1_3.png,1,0,0,0,0,test
shrinkage_side_ng_camera_1_30,images/shrinkage_side_ng/shrinkage_side_ng_camera_1_30.png,1,0,0,0,0,train
shrinkage_side_ng_camera_1_31,images/shrinkage_side_ng/shrinkage_side_ng_camera_1_31.png,1,0,0,0,0,train
shrinkage_side_ng_camera_1_32,images/shrinkage_side_ng/shrinkage_side_ng_camera_1_32.png,1,0,0,0,0,val
shrinkage_side_ng_camera_1_33,images/shrinkage_side_ng/shrinkage_side_ng_camera_1_33.png,1,0,0,0,0,train
shrinkage_side_ng_camera_1_35,images/shrinkage_side_ng/shrinkage_side_ng_camera_1_35.png,1,0,0,0,0,train
shrinkage_side_ng_camera_1_36,images/shrinkage_side_ng/shrinkage_side_ng_camera_1_36.png,1,0,0,0,0,train
shrinkage_side_ng_camera_1_37,images/shrinkage_side_ng/shrinkage_side_ng_camera_1_37.png,1,0,0,0,0,train
shrinkage_side_ng_camera_1_39,images/shrinkage_side_ng/shrinkage_side_ng_camera_1_39.png,1,0,0,0,0,train
shrinkage_side_ng_camera_1_40,images/shrinkage_side_ng/shrinkage_side_ng_camera_1_40.png,1,0,0,0,0,test
shrinkage_side_ng_camera_1_41,images/shrinkage_side_ng/shrinkage_side_ng_camera_1_41.png,1,0,0,0,0,val
shrinkage_side_ng_camera_1_42,images/shrinkage_side_ng/shrinkage_side_ng_camera_1_42.png,1,0,0,0,0,train
shrinkage_side_ng_camera_1_43,images/shrinkage_side_ng/shrinkage_side_ng_camera_1_43.png,1,0,0,0,0,test
shrinkage_side_ng_camera_1_44,images/shrinkage_side_ng/shrinkage_side_ng_camera_1_44.png,1,0,0,0,0,train
shrinkage_side_ng_camera_1_45,images/shrinkage_side_ng/shrinkage_side_ng_camera_1_45.png,1,0,0,0,0,train
shrinkage_side_ng_camera_1_46,images/shrinkage_side_ng/shrinkage_side_ng_camera_1_46.png,1,0,0,0,0,train
shrinkage_side_ng_camera_1_47,images/shrinkage_side_ng/shrinkage_side_ng_camera_1_47.png,1,0,0,0,0,train
shrinkage_side_ng_camera_1_48,images/shrinkage_side_ng/shrinkage_side_ng_camera_1_48.png,1,0,0,0,0,train
shrinkage_side_ng_camera_1_49,images/shrinkage_side_ng/shrinkage_side_ng_camera_1_49.png,1,0,0,0,0,train
shrinkage_side_ng_camera_1_5,images/shrinkage_side_ng/shrinkage_side_ng_camera_1_5.png,1,0,0,0,0,train
shrinkage_side_ng_camera_1_50,images/shrinkage_side_ng/shrinkage_side_ng_camera_1_50.png,1,0,0,0,0,train
shrinkage_side_ng_camera_1_51,images/shrinkage_side_ng/shrinkage_side_ng_camera_1_51.png,1,0,0,0,0,val
shrinkage_side_ng_camera_1_53,images/shrinkage_side_ng/shrinkage_side_ng_camera_1_53.png,1,0,0,0,0,val
shrinkage_side_ng_camera_1_54,images/shrinkage_side_ng/shrinkage_side_ng_camera_1_54.png,1,0,0,0,0,train
shrinkage_side_ng_camera_1_55,images/shrinkage_side_ng/shrinkage_side_ng_camera_1_55.png,1,0,0,0,0,val
shrinkage_side_ng_camera_1_56,images/shrinkage_side_ng/shrinkage_side_ng_camera_1_56.png,1,0,0,0,0,test
shrinkage_side_ng_camera_1_57,images/shrinkage_side_ng/shrinkage_side_ng_camera_1_57.png,1,0,0,0,0,val
shrinkage_side_ng_camera_1_58,images/shrinkage_side_ng/shrinkage_side_ng_camera_1_58.png,1,0,0,0,0,train
shrinkage_side_ng_camera_1_59,images/shrinkage_side_ng/shrinkage_side_ng_camera_1_59.png,1,0,0,0,0,train
shrinkage_side_ng_camera_1_6,images/shrinkage_side_ng/shrinkage_side_ng_camera_1_6.png,1,0,0,0,0,val
shrinkage_side_ng_camera_1_60,images/shrinkage_side_ng/shrinkage_side_ng_camera_1_60.png,1,0,0,0,0,train
shrinkage_side_ng_camera_1_61,images/shrinkage_side_ng/shrinkage_side_ng_camera_1_61.png,1,0,0,0,0,train
shrinkage_side_ng_camera_1_62,images/shrinkage_side_ng/shrinkage_side_ng_camera_1_62.png,1,0,0,0,0,test
shrinkage_side_ng_camera_1_63,images/shrinkage_side_ng/shrinkage_side_ng_camera_1_63.png,1,0,0,0,0,train
shrinkage_side_ng_camera_1_64,images/shrinkage_side_ng/shrinkage_side_ng_camera_1_64.png,1,0,0,0,0,train
shrinkage_side_ng_camera_1_65,images/shrinkage_side_ng/shrinkage_side_ng_camera_1_65.png,1,0,0,0,0,train
shrinkage_side_ng_camera_1_66,images/shrinkage_side_ng/shrinkage_side_ng_camera_1_66.png,1,0,0,0,0,train
shrinkage_side_ng_camera_1_67,images/shrinkage_side_ng/shrinkage_side_ng_camera_1_67.png,1,0,0,0,0,train
shrinkage_side_ng_camera_1_68,images/shrinkage_side_ng/shrinkage_side_ng_camera_1_68.png,1,0,0,0,0,val
shrinkage_side_ng_camera_1_69,images/shrinkage_side_ng/shrinkage_side_ng_camera_1_69.png,1,0,0,0,0,train
shrinkage_side_ng_camera_1_7,images/shrinkage_side_ng/shrinkage_side_ng_camera_1_7.png,1,0,0,0,0,train
shrinkage_side_ng_camera_1_70,images/shrinkage_side_ng/shrinkage_side_ng_camera_1_70.png,1,0,0,0,0,test
shrinkage_side_ng_camera_1_71,images/shrinkage_side_ng/shrinkage_side_ng_camera_1_71.png,1,0,0,0,0,train
shrinkage_side_ng_camera_1_73,images/shrinkage_side_ng/shrinkage_side_ng_camera_1_73.png,1,0,0,0,0,val
shrinkage_side_ng_camera_1_74,images/shrinkage_side_ng/shrinkage_side_ng_camera_1_74.png,1,0,0,0,0,train
shrinkage_side_ng_camera_1_75,images/shrinkage_side_ng/shrinkage_side_ng_camera_1_75.png,1,0,0,0,0,val
shrinkage_side_ng_camera_1_77,images/shrinkage_side_ng/shrinkage_side_ng_camera_1_77.png,1,0,0,0,0,train
shrinkage_side_ng_camera_1_78,images/shrinkage_side_ng/shrinkage_side_ng_camera_1_78.png,1,0,0,0,0,train
shrinkage_side_ng_camera_1_79,images/shrinkage_side_ng/shrinkage_side_ng_camera_1_79.png,1,0,0,0,0,train
shrinkage_side_ng_camera_1_8,images/shrinkage_side_ng/shrinkage_side_ng_camera_1_8.png,1,0,0,0,0,train
shrinkage_side_ng_camera_1_80,images/shrinkage_side_ng/shrinkage_side_ng_camera_1_80.png,1,0,0,0,0,train
shrinkage_side_ng_camera_1_81,images/shrinkage_side_ng/shrinkage_side_ng_camera_1_81.png,1,0,0,0,0,train
shrinkage_side_ng_camera_1_82,images/shrinkage_side_ng/shrinkage_side_ng_camera_1_82.png,1,0,0,0,0,val
shrinkage_side_ng_camera_1_83,images/shrinkage_side_ng/shrinkage_side_ng_camera_1_83.png,1,0,0,0,0,val
shrinkage_side_ng_camera_1_84,images/shrinkage_side_ng/shrinkage_side_ng_camera_1_84.png,1,0,0,0,0,train
shrinkage_side_ng_camera_1_85,images/shrinkage_side_ng/shrinkage_side_ng_camera_1_85.png,1,0,0,0,0,train
shrinkage_side_ng_camera_1_86,images/shrinkage_side_ng/shrinkage_side_ng_camera_1_86.png,1,0,0,0,0,train
shrinkage_side_ng_camera_1_87,images/shrinkage_side_ng/shrinkage_side_ng_camera_1_87.png,1,0,0,0,0,train
shrinkage_side_ng_camera_1_88,images/shrinkage_side_ng/shrinkage_side_ng_camera_1_88.png,1,0,0,0,0,train
shrinkage_side_ng_camera_1_89,images/shrinkage_side_ng/shrinkage_side_ng_camera_1_89.png,1,0,0,0,0,train
shrinkage_side_ng_camera_1_9,images/shrinkage_side_ng/shrinkage_side_ng_camera_1_9.png,1,0,0,0,0,train
shrinkage_side_ng_camera_1_90,images/shrinkage_side_ng/shrinkage_side_ng_camera_1_90.png,1,0,0,0,0,train
shrinkage_side_ng_camera_1_91,images/shrinkage_side_ng/shrinkage_side_ng_camera_1_91.png,1,0,0,0,0,test
shrinkage_side_ng_camera_1_92,images/shrinkage_side_ng/shrinkage_side_ng_camera_1_92.png,1,0,0,0,0,train
shrinkage_side_ng_camera_1_93,images/shrinkage_side_ng/shrinkage_side_ng_camera_1_93.png,1,0,0,0,0,train
shrinkage_side_ng_camera_1_94,images/shrinkage_side_ng/shrinkage_side_ng_camera_1_94.png,1,0,0,0,0,train
shrinkage_side_ng_camera_1_96,images/shrinkage_side_ng/shrinkage_side_ng_camera_1_96.png,1,0,0,0,0,train
shrinkage_side_ng_camera_1_97,images/shrinkage_side_ng/shrinkage_side_ng_camera_1_97.png,1,0,0,0,0,train
shrinkage_side_ng_camera_1_98,images/shrinkage_side_ng/shrinkage_side_ng_camera_1_98.png,1,0,0,0,0,train
shrinkage_side_ng_camera_1_99,images/shrinkage_side_ng/shrinkage_side_ng_camera_1_99.png,1,0,0,0,0,val
shrinkage_side_ng_camera_2_10,images/shrinkage_side_ng/shrinkage_side_ng_camera_2_10.png,1,0,0,0,0,val
shrinkage_side_ng_camera_2_101,images/shrinkage_side_ng/shrinkage_side_ng_camera_2_101.png,1,0,0,0,0,test
shrinkage_side_ng_camera_2_104,images/shrinkage_side_ng/shrinkage_side_ng_camera_2_104.png,1,0,0,0,0,train
shrinkage_side_ng_camera_2_109,images/shrinkage_side_ng/shrinkage_side_ng_camera_2_109.png,1,0,0,0,0,train
shrinkage_side_ng_camera_2_113,images/shrinkage_side_ng/shrinkage_side_ng_camera_2_113.png,1,0,0,0,0,train
shrinkage_side_ng_camera_2_114,images/shrinkage_side_ng/shrinkage_side_ng_camera_2_114.png,1,0,0,0,0,val
shrinkage_side_ng_camera_2_120,images/shrinkage_side_ng/shrinkage_side_ng_camera_2_120.png,1,0,0,0,0,val
shrinkage_side_ng_camera_2_13,images/shrinkage_side_ng/shrinkage_side_ng_camera_2_13.png,1,0,0,0,0,train
shrinkage_side_ng_camera_2_132,images/shrinkage_side_ng/shrinkage_side_ng_camera_2_132.png,1,0,0,0,0,train
shrinkage_side_ng_camera_2_134,images/shrinkage_side_ng/shrinkage_side_ng_camera_2_134.png,1,0,0,0,0,train
shrinkage_side_ng_camera_2_138,images/shrinkage_side_ng/shrinkage_side_ng_camera_2_138.png,1,0,0,0,0,train
shrinkage_side_ng_camera_2_14,images/shrinkage_side_ng/shrinkage_side_ng_camera_2_14.png,1,0,0,0,0,val
shrinkage_side_ng_camera_2_142,images/shrinkage_side_ng/shrinkage_side_ng_camera_2_142.png,1,0,0,0,0,train
shrinkage_side_ng_camera_2_16,images/shrinkage_side_ng/shrinkage_side_ng_camera_2_16.png,1,0,0,0,0,train
shrinkage_side_ng_camera_2_161,images/shrinkage_side_ng/shrinkage_side_ng_camera_2_161.png,1,0,0,0,0,train
shrinkage_side_ng_camera_2_163,images/shrinkage_side_ng/shrinkage_side_ng_camera_2_163.png,1,0,0,0,0,test
shrinkage_side_ng_camera_2_174,images/shrinkage_side_ng/shrinkage_side_ng_camera_2_174.png,1,0,0,0,0,val
shrinkage_side_ng_camera_2_178,images/shrinkage_side_ng/shrinkage_side_ng_camera_2_178.png,1,0,0,0,0,val
shrinkage_side_ng_camera_2_181,images/shrinkage_side_ng/shrinkage_side_ng_camera_2_181.png,1,0,0,0,0,train
shrinkage_side_ng_camera_2_19,images/shrinkage_side_ng/shrinkage_side_ng_camera_2_19.png,1,0,0,0,0,val
shrinkage_side_ng_camera_2_190,images/shrinkage_side_ng/shrinkage_side_ng_camera_2_190.png,1,0,0,0,0,train
shrinkage_side_ng_camera_2_203,images/shrinkage_side_ng/shrinkage_side_ng_camera_2_203.png,1,0,0,0,0,train
shrinkage_side_ng_camera_2_204,images/shrinkage_side_ng/shrinkage_side_ng_camera_2_204.png,1,0,0,0,0,train
shrinkage_side_ng_camera_2_21,images/shrinkage_side_ng/shrinkage_side_ng_camera_2_21.png,1,0,0,0,0,train
shrinkage_side_ng_camera_2_26,images/shrinkage_side_ng/shrinkage_side_ng_camera_2_26.png,1,0,0,0,0,train
shrinkage_side_ng_camera_2_28,images/shrinkage_side_ng/shrinkage_side_ng_camera_2_28.png,1,0,0,0,0,train
shrinkage_side_ng_camera_2_3,images/shrinkage_side_ng/shrinkage_side_ng_camera_2_3.png,1,0,0,0,0,train
shrinkage_side_ng_camera_2_30,images/shrinkage_side_ng/shrinkage_side_ng_camera_2_30.png,1,0,0,0,0,val
shrinkage_side_ng_camera_2_33,images/shrinkage_side_ng/shrinkage_side_ng_camera_2_33.png,1,0,0,0,0,val
shrinkage_side_ng_camera_2_35,images/shrinkage_side_ng/shrinkage_side_ng_camera_2_35.png,1,0,0,0,0,train
shrinkage_side_ng_camera_2_36,images/shrinkage_side_ng/shrinkage_side_ng_camera_2_36.png,1,0,0,0,0,test
shrinkage_side_ng_camera_2_39,images/shrinkage_side_ng/shrinkage_side_ng_camera_2_39.png,1,0,0,0,0,train
shrinkage_side_ng_camera_2_41,images/shrinkage_side_ng/shrinkage_side_ng_camera_2_41.png,1,0,0,0,0,train
shrinkage_side_ng_camera_2_42,images/shrinkage_side_ng/shrinkage_side_ng_camera_2_42.png,1,0,0,0,0,train
shrinkage_side_ng_camera_2_47,images/shrinkage_side_ng/shrinkage_side_ng_camera_2_47.png,1,0,0,0,0,train
shrinkage_side_ng_camera_2_51,images/shrinkage_side_ng/shrinkage_side_ng_camera_2_51.png,1,0,0,0,0,train
shrinkage_side_ng_camera_2_57,images/shrinkage_side_ng/shrinkage_side_ng_camera_2_57.png,1,0,0,0,0,val
shrinkage_side_ng_camera_2_6,images/shrinkage_side_ng/shrinkage_side_ng_camera_2_6.png,1,0,0,0,0,train
shrinkage_side_ng_camera_2_62,images/shrinkage_side_ng/shrinkage_side_ng_camera_2_62.png,1,0,0,0,0,train
shrinkage_side_ng_camera_2_63,images/shrinkage_side_ng/shrinkage_side_ng_camera_2_63.png,1,0,0,0,0,train
shrinkage_side_ng_camera_2_71,images/shrinkage_side_ng/shrinkage_side_ng_camera_2_71.png,1,0,0,0,0,val
shrinkage_side_ng_camera_2_75,images/shrinkage_side_ng/shrinkage_side_ng_camera_2_75.png,1,0,0,0,0,train
shrinkage_side_ng_camera_2_78,images/shrinkage_side_ng/shrinkage_side_ng_camera_2_78.png,1,0,0,0,0,train
shrinkage_side_ng_camera_2_81,images/shrinkage_side_ng/shrinkage_side_ng_camera_2_81.png,1,0,0,0,0,val
shrinkage_side_ng_camera_2_84,images/shrinkage_side_ng/shrinkage_side_ng_camera_2_84.png,1,0,0,0,0,train
shrinkage_side_ng_camera_2_89,images/shrinkage_side_ng/shrinkage_side_ng_camera_2_89.png,1,0,0,0,0,train
shrinkage_side_ng_camera_2_92,images/shrinkage_side_ng/shrinkage_side_ng_camera_2_92.png,1,0,0,0,0,train
shrinkage_side_ng_camera_2_96,images/shrinkage_side_ng/shrinkage_side_ng_camera_2_96.png,1,0,0,0,0,train
shrinkage_side_ng_camera_2_97,images/shrinkage_side_ng/shrinkage_side_ng_camera_2_97.png,1,0,0,0,0,val
shrinkage_side_ng_camera_3_1,images/shrinkage_side_ng/shrinkage_side_ng_camera_3_1.png,1,0,0,0,0,train
shrinkage_side_ng_camera_3_105,images/shrinkage_side_ng/shrinkage_side_ng_camera_3_105.png,1,0,0,0,0,val
shrinkage_side_ng_camera_3_127,images/shrinkage_side_ng/shrinkage_side_ng_camera_3_127.png,1,0,0,0,0,val
shrinkage_side_ng_camera_3_129,images/shrinkage_side_ng/shrinkage_side_ng_camera_3_129.png,1,0,0,0,0,train
shrinkage_side_ng_camera_3_140,images/shrinkage_side_ng/shrinkage_side_ng_camera_3_140.png,1,0,0,0,0,val
shrinkage_side_ng_camera_3_141,images/shrinkage_side_ng/shrinkage_side_ng_camera_3_141.png,1,0,0,0,0,test
shrinkage_side_ng_camera_3_15,images/shrinkage_side_ng/shrinkage_side_ng_camera_3_15.png,1,0,0,0,0,train
shrinkage_side_ng_camera_3_151,images/shrinkage_side_ng/shrinkage_side_ng_camera_3_151.png,1,0,0,0,0,train
shrinkage_side_ng_camera_3_156,images/shrinkage_side_ng/shrinkage_side_ng_camera_3_156.png,1,0,0,0,0,train
shrinkage_side_ng_camera_3_157,images/shrinkage_side_ng/shrinkage_side_ng_camera_3_157.png,1,0,0,0,0,train
shrinkage_side_ng_camera_3_172,images/shrinkage_side_ng/shrinkage_side_ng_camera_3_172.png,1,0,0,0,0,train
shrinkage_side_ng_camera_3_173,images/shrinkage_side_ng/shrinkage_side_ng_camera_3_173.png,1,0,0,0,0,train
shrinkage_side_ng_camera_3_177,images/shrinkage_side_ng/shrinkage_side_ng_camera_3_177.png,1,0,0,0,0,train
shrinkage_side_ng_camera_3_187,images/shrinkage_side_ng/shrinkage_side_ng_camera_3_187.png,1,0,0,0,0,train
shrinkage_side_ng_camera_3_22,images/shrinkage_side_ng/shrinkage_side_ng_camera_3_22.png,1,0,0,0,0,train
shrinkage_side_ng_camera_3_27,images/shrinkage_side_ng/shrinkage_side_ng_camera_3_27.png,1,0,0,0,0,train
shrinkage_side_ng_camera_3_31,images/shrinkage_side_ng/shrinkage_side_ng_camera_3_31.png,1,0,0,0,0,train
shrinkage_side_ng_camera_3_37,images/shrinkage_side_ng/shrinkage_side_ng_camera_3_37.png,1,0,0,0,0,train
shrinkage_side_ng_camera_3_38,images/shrinkage_side_ng/shrinkage_side_ng_camera_3_38.png,1,0,0,0,0,train
shrinkage_side_ng_camera_3_40,images/shrinkage_side_ng/shrinkage_side_ng_camera_3_40.png,1,0,0,0,0,val
shrinkage_side_ng_camera_3_53,images/shrinkage_side_ng/shrinkage_side_ng_camera_3_53.png,1,0,0,0,0,train
shrinkage_side_ng_camera_3_59,images/shrinkage_side_ng/shrinkage_side_ng_camera_3_59.png,1,0,0,0,0,train
shrinkage_side_ng_camera_3_63,images/shrinkage_side_ng/shrinkage_side_ng_camera_3_63.png,1,0,0,0,0,train
shrinkage_side_ng_camera_3_67,images/shrinkage_side_ng/shrinkage_side_ng_camera_3_67.png,1,0,0,0,0,train
shrinkage_side_ng_camera_3_68,images/shrinkage_side_ng/shrinkage_side_ng_camera_3_68.png,1,0,0,0,0,train
shrinkage_side_ng_camera_3_69,images/shrinkage_side_ng/shrinkage_side_ng_camera_3_69.png,1,0,0,0,0,val
shrinkage_side_ng_camera_3_73,images/shrinkage_side_ng/shrinkage_side_ng_camera_3_73.png,1,0,0,0,0,train
shrinkage_side_ng_camera_3_74,images/shrinkage_side_ng/shrinkage_side_ng_camera_3_74.png,1,0,0,0,0,train
shrinkage_side_ng_camera_3_79,images/shrinkage_side_ng/shrinkage_side_ng_camera_3_79.png,1,0,0,0,0,train
shrinkage_side_ng_camera_3_82,images/shrinkage_side_ng/shrinkage_side_ng_camera_3_82.png,1,0,0,0,0,val
shrinkage_side_ng_camera_3_85,images/shrinkage_side_ng/shrinkage_side_ng_camera_3_85.png,1,0,0,0,0,train
shrinkage_side_ng_camera_4_1,images/shrinkage_side_ng/shrinkage_side_ng_camera_4_1.png,1,0,0,0,0,train
shrinkage_side_ng_camera_4_102,images/shrinkage_side_ng/shrinkage_side_ng_camera_4_102.png,1,0,0,0,0,test
shrinkage_side_ng_camera_4_106,images/shrinkage_side_ng/shrinkage_side_ng_camera_4_106.png,1,0,0,0,0,train
shrinkage_side_ng_camera_4_11,images/shrinkage_side_ng/shrinkage_side_ng_camera_4_11.png,1,0,0,0,0,train
shrinkage_side_ng_camera_4_116,images/shrinkage_side_ng/shrinkage_side_ng_camera_4_116.png,1,0,0,0,0,train
shrinkage_side_ng_camera_4_120,images/shrinkage_side_ng/shrinkage_side_ng_camera_4_120.png,1,0,0,0,0,train
shrinkage_side_ng_camera_4_130,images/shrinkage_side_ng/shrinkage_side_ng_camera_4_130.png,1,0,0,0,0,train
shrinkage_side_ng_camera_4_131,images/shrinkage_side_ng/shrinkage_side_ng_camera_4_131.png,1,0,0,0,0,train
shrinkage_side_ng_camera_4_132,images/shrinkage_side_ng/shrinkage_side_ng_camera_4_132.png,1,0,0,0,0,train
shrinkage_side_ng_camera_4_133,images/shrinkage_side_ng/shrinkage_side_ng_camera_4_133.png,1,0,0,0,0,train
shrinkage_side_ng_camera_4_135,images/shrinkage_side_ng/shrinkage_side_ng_camera_4_135.png,1,0,0,0,0,train
shrinkage_side_ng_camera_4_143,images/shrinkage_side_ng/shrinkage_side_ng_camera_4_143.png,1,0,0,0,0,val
shrinkage_side_ng_camera_4_145,images/shrinkage_side_ng/shrinkage_side_ng_camera_4_145.png,1,0,0,0,0,train
shrinkage_side_ng_camera_4_146,images/shrinkage_side_ng/shrinkage_side_ng_camera_4_146.png,1,0,0,0,0,train
shrinkage_side_ng_camera_4_147,images/shrinkage_side_ng/shrinkage_side_ng_camera_4_147.png,1,0,0,0,0,train
shrinkage_side_ng_camera_4_158,images/shrinkage_side_ng/shrinkage_side_ng_camera_4_158.png,1,0,0,0,0,train
shrinkage_side_ng_camera_4_16,images/shrinkage_side_ng/shrinkage_side_ng_camera_4_16.png,1,0,0,0,0,train
shrinkage_side_ng_camera_4_160,images/shrinkage_side_ng/shrinkage_side_ng_camera_4_160.png,1,0,0,0,0,train
shrinkage_side_ng_camera_4_161,images/shrinkage_side_ng/shrinkage_side_ng_camera_4_161.png,1,0,0,0,0,val
shrinkage_side_ng_camera_4_165,images/shrinkage_side_ng/shrinkage_side_ng_camera_4_165.png,1,0,0,0,0,val
shrinkage_side_ng_camera_4_167,images/shrinkage_side_ng/shrinkage_side_ng_camera_4_167.png,1,0,0,0,0,val
shrinkage_side_ng_camera_4_190,images/shrinkage_side_ng/shrinkage_side_ng_camera_4_190.png,1,0,0,0,0,val
shrinkage_side_ng_camera_4_192,images/shrinkage_side_ng/shrinkage_side_ng_camera_4_192.png,1,0,0,0,0,train
shrinkage_side_ng_camera_4_194,images/shrinkage_side_ng/shrinkage_side_ng_camera_4_194.png,1,0,0,0,0,train
shrinkage_side_ng_camera_4_195,images/shrinkage_side_ng/shrinkage_side_ng_camera_4_195.png,1,0,0,0,0,train
shrinkage_side_ng_camera_4_199,images/shrinkage_side_ng/shrinkage_side_ng_camera_4_199.png,1,0,0,0,0,train
shrinkage_side_ng_camera_4_202,images/shrinkage_side_ng/shrinkage_side_ng_camera_4_202.png,1,0,0,0,0,train
shrinkage_side_ng_camera_4_29,images/shrinkage_side_ng/shrinkage_side_ng_camera_4_29.png,1,0,0,0,0,val
shrinkage_side_ng_camera_4_47,images/shrinkage_side_ng/shrinkage_side_ng_camera_4_47.png,1,0,0,0,0,train
shrinkage_side_ng_camera_4_49,images/shrinkage_side_ng/shrinkage_side_ng_camera_4_49.png,1,0,0,0,0,train
shrinkage_side_ng_camera_4_58,images/shrinkage_side_ng/shrinkage_side_ng_camera_4_58.png,1,0,0,0,0,test
shrinkage_side_ng_camera_4_6,images/shrinkage_side_ng/shrinkage_side_ng_camera_4_6.png,1,0,0,0,0,train
shrinkage_side_ng_camera_4_65,images/shrinkage_side_ng/shrinkage_side_ng_camera_4_65.png,1,0,0,0,0,train
shrinkage_side_ng_camera_4_7,images/shrinkage_side_ng/shrinkage_side_ng_camera_4_7.png,1,0,0,0,0,train
shrinkage_side_ng_camera_4_71,images/shrinkage_side_ng/shrinkage_side_ng_camera_4_71.png,1,0,0,0,0,test
shrinkage_side_ng_camera_4_8,images/shrinkage_side_ng/shrinkage_side_ng_camera_4_8.png,1,0,0,0,0,train
shrinkage_side_ng_camera_4_87,images/shrinkage_side_ng/shrinkage_side_ng_camera_4_87.png,1,0,0,0,0,train
shrinkage_side_ng_camera_4_9,images/shrinkage_side_ng/shrinkage_side_ng_camera_4_9.png,1,0,0,0,0,train
shrinkage_side_ng_camera_4_91,images/shrinkage_side_ng/shrinkage_side_ng_camera_4_91.png,1,0,0,0,0,val
shrinkage_side_ng_camera_4_93,images/shrinkage_side_ng/shrinkage_side_ng_camera_4_93.png,1,0,0,0,0,val
shrinkage_side_ng_camera_4_94,images/shrinkage_side_ng/shrinkage_side_ng_camera_4_94.png,1,0,0,0,0,train
shrinkage_side_ng_camera_4_98,images/shrinkage_side_ng/shrinkage_side_ng_camera_4_98.png,1,0,0,0,0,train
shrinkage_side_ng_camera_4_99,images/shrinkage_side_ng/shrinkage_side_ng_camera_4_99.png,1,0,0,0,0,train
shrinkage_top_ng_camera_1_1,images/shrinkage_top_ng/shrinkage_top_ng_camera_1_1.png,1,0,0,0,0,train
shrinkage_top_ng_camera_1_10,images/shrinkage_top_ng/shrinkage_top_ng_camera_1_10.png,1,0,0,0,0,train
shrinkage_top_ng_camera_1_100,images/shrinkage_top_ng/shrinkage_top_ng_camera_1_100.png,1,0,0,0,0,train
shrinkage_top_ng_camera_1_101,images/shrinkage_top_ng/shrinkage_top_ng_camera_1_101.png,1,0,0,0,0,val
shrinkage_top_ng_camera_1_103,images/shrinkage_top_ng/shrinkage_top_ng_camera_1_103.png,1,0,0,0,0,train
shrinkage_top_ng_camera_1_104,images/shrinkage_top_ng/shrinkage_top_ng_camera_1_104.png,1,0,0,0,0,train
shrinkage_top_ng_camera_1_105,images/shrinkage_top_ng/shrinkage_top_ng_camera_1_105.png,1,0,0,0,0,train
shrinkage_top_ng_camera_1_106,images/shrinkage_top_ng/shrinkage_top_ng_camera_1_106.png,1,0,0,0,0,train
shrinkage_top_ng_camera_1_107,images/shrinkage_top_ng/shrinkage_top_ng_camera_1_107.png,1,0,0,0,0,val
shrinkage_top_ng_camera_1_108,images/shrinkage_top_ng/shrinkage_top_ng_camera_1_108.png,1,0,0,0,0,test
shrinkage_top_ng_camera_1_109,images/shrinkage_top_ng/shrinkage_top_ng_camera_1_109.png,1,0,0,0,0,train
shrinkage_top_ng_camera_1_11,images/shrinkage_top_ng/shrinkage_top_ng_camera_1_11.png,1,0,0,0,0,train
shrinkage_top_ng_camera_1_111,images/shrinkage_top_ng/shrinkage_top_ng_camera_1_111.png,1,0,0,0,0,val
shrinkage_top_ng_camera_1_112,images/shrinkage_top_ng/shrinkage_top_ng_camera_1_112.png,1,0,0,0,0,val
shrinkage_top_ng_camera_1_113,images/shrinkage_top_ng/shrinkage_top_ng_camera_1_113.png,1,0,0,0,0,val
shrinkage_top_ng_camera_1_114,images/shrinkage_top_ng/shrinkage_top_ng_camera_1_114.png,1,0,0,0,0,train
shrinkage_top_ng_camera_1_115,images/shrinkage_top_ng/shrinkage_top_ng_camera_1_115.png,1,0,0,0,0,val
shrinkage_top_ng_camera_1_116,images/shrinkage_top_ng/shrinkage_top_ng_camera_1_116.png,1,0,0,0,0,train
shrinkage_top_ng_camera_1_118,images/shrinkage_top_ng/shrinkage_top_ng_camera_1_118.png,1,0,0,0,0,train
shrinkage_top_ng_camera_1_119,images/shrinkage_top_ng/shrinkage_top_ng_camera_1_119.png,1,0,0,0,0,val
shrinkage_top_ng_camera_1_12,images/shrinkage_top_ng/shrinkage_top_ng_camera_1_12.png,1,0,0,0,0,train
shrinkage_top_ng_camera_1_120,images/shrinkage_top_ng/shrinkage_top_ng_camera_1_120.png,1,0,0,0,0,train
shrinkage_top_ng_camera_1_122,images/shrinkage_top_ng/shrinkage_top_ng_camera_1_122.png,1,0,0,0,0,train
shrinkage_top_ng_camera_1_123,images/shrinkage_top_ng/shrinkage_top_ng_camera_1_123.png,1,0,0,0,0,val
shrinkage_top_ng_camera_1_125,images/shrinkage_top_ng/shrinkage_top_ng_camera_1_125.png,1,0,0,0,0,train
shrinkage_top_ng_camera_1_126,images/shrinkage_top_ng/shrinkage_top_ng_camera_1_126.png,1,0,0,0,0,train
shrinkage_top_ng_camera_1_127,images/shrinkage_top_ng/shrinkage_top_ng_camera_1_127.png,1,0,0,0,0,train
shrinkage_top_ng_camera_1_128,images/shrinkage_top_ng/shrinkage_top_ng_camera_1_128.png,1,0,0,0,0,train
shrinkage_top_ng_camera_1_129,images/shrinkage_top_ng/shrinkage_top_ng_camera_1_129.png,1,0,0,0,0,test
shrinkage_top_ng_camera_1_13,images/shrinkage_top_ng/shrinkage_top_ng_camera_1_13.png,1,0,0,0,0,train
shrinkage_top_ng_camera_1_130,images/shrinkage_top_ng/shrinkage_top_ng_camera_1_130.png,1,0,0,0,0,train
shrinkage_top_ng_camera_1_131,images/shrinkage_top_ng/shrinkage_top_ng_camera_1_131.png,1,0,0,0,0,val
shrinkage_top_ng_camera_1_132,images/shrinkage_top_ng/shrinkage_top_ng_camera_1_132.png,1,0,0,0,0,train
shrinkage_top_ng_camera_1_133,images/shrinkage_top_ng/shrinkage_top_ng_camera_1_133.png,1,0,0,0,0,train
shrinkage_top_ng_camera_1_134,images/shrinkage_top_ng/shrinkage_top_ng_camera_1_134.png,1,0,0,0,0,train
shrinkage_top_ng_camera_1_135,images/shrinkage_top_ng/shrinkage_top_ng_camera_1_135.png,1,0,0,0,0,val
shrinkage_top_ng_camera_1_136,images/shrinkage_top_ng/shrinkage_top_ng_camera_1_136.png,1,0,0,0,0,val
shrinkage_top_ng_camera_1_137,images/shrinkage_top_ng/shrinkage_top_ng_camera_1_137.png,1,0,0,0,0,val
shrinkage_top_ng_camera_1_138,images/shrinkage_top_ng/shrinkage_top_ng_camera_1_138.png,1,0,0,0,0,train
shrinkage_top_ng_camera_1_139,images/shrinkage_top_ng/shrinkage_top_ng_camera_1_139.png,1,0,0,0,0,test
shrinkage_top_ng_camera_1_141,images/shrinkage_top_ng/shrinkage_top_ng_camera_1_141.png,1,0,0,0,0,train
shrinkage_top_ng_camera_1_142,images/shrinkage_top_ng/shrinkage_top_ng_camera_1_142.png,1,0,0,0,0,train
shrinkage_top_ng_camera_1_143,images/shrinkage_top_ng/shrinkage_top_ng_camera_1_143.png,1,0,0,0,0,train
shrinkage_top_ng_camera_1_145,images/shrinkage_top_ng/shrinkage_top_ng_camera_1_145.png,1,0,0,0,0,val
shrinkage_top_ng_camera_1_146,images/shrinkage_top_ng/shrinkage_top_ng_camera_1_146.png,1,0,0,0,0,train
shrinkage_top_ng_camera_1_147,images/shrinkage_top_ng/shrinkage_top_ng_camera_1_147.png,1,0,0,0,0,train
shrinkage_top_ng_camera_1_148,images/shrinkage_top_ng/shrinkage_top_ng_camera_1_148.png,1,0,0,0,0,val
shrinkage_top_ng_camera_1_149,images/shrinkage_top_ng/shrinkage_top_ng_camera_1_149.png,1,0,0,0,0,train
shrinkage_top_ng_camera_1_15,images/shrinkage_top_ng/shrinkage_top_ng_camera_1_15.png,1,0,0,0,0,test
shrinkage_top_ng_camera_1_150,images/shrinkage_top_ng/shrinkage_top_ng_camera_1_150.png,1,0,0,0,0,train
shrinkage_top_ng_camera_1_151,images/shrinkage_top_ng/shrinkage_top_ng_camera_1_151.png,1,0,0,0,0,train
shrinkage_top_ng_camera_1_152,images/shrinkage_top_ng/shrinkage_top_ng_camera_1_152.png,1,0,0,0,0,train
shrinkage_top_ng_camera_1_153,images/shrinkage_top_ng/shrinkage_top_ng_camera_1_153.png,1,0,0,0,0,val
shrinkage_top_ng_camera_1_154,images/shrinkage_top_ng/shrinkage_top_ng_camera_1_154.png,1,0,0,0,0,train
shrinkage_top_ng_camera_1_156,images/shrinkage_top_ng/shrinkage_top_ng_camera_1_156.png,1,0,0,0,0,train
shrinkage_top_ng_camera_1_157,images/shrinkage_top_ng/shrinkage_top_ng_camera_1_157.png,1,0,0,0,0,train
shrinkage_top_ng_camera_1_158,images/shrinkage_top_ng/shrinkage_top_ng_camera_1_158.png,1,0,0,0,0,train
shrinkage_top_ng_camera_1_159,images/shrinkage_top_ng/shrinkage_top_ng_camera_1_159.png,1,0,0,0,0,val
shrinkage_top_ng_camera_1_16,images/shrinkage_top_ng/shrinkage_top_ng_camera_1_16.png,1,0,0,0,0,train
shrinkage_top_ng_camera_1_160,images/shrinkage_top_ng/shrinkage_top_ng_camera_1_160.png,1,0,0,0,0,val
shrinkage_top_ng_camera_1_161,images/shrinkage_top_ng/shrinkage_top_ng_camera_1_161.png,1,0,0,0,0,train
shrinkage_top_ng_camera_1_162,images/shrinkage_top_ng/shrinkage_top_ng_camera_1_162.png,1,0,0,0,0,train
shrinkage_top_ng_camera_1_163,images/shrinkage_top_ng/shrinkage_top_ng_camera_1_163.png,1,0,0,0,0,train
shrinkage_top_ng_camera_1_164,images/shrinkage_top_ng/shrinkage_top_ng_camera_1_164.png,1,0,0,0,0,val
shrinkage_top_ng_camera_1_165,images/shrinkage_top_ng/shrinkage_top_ng_camera_1_165.png,1,0,0,0,0,train
shrinkage_top_ng_camera_1_166,images/shrinkage_top_ng/shrinkage_top_ng_camera_1_166.png,1,0,0,0,0,val
shrinkage_top_ng_camera_1_167,images/shrinkage_top_ng/shrinkage_top_ng_camera_1_167.png,1,0,0,0,0,train
shrinkage_top_ng_camera_1_168,images/shrinkage_top_ng/shrinkage_top_ng_camera_1_168.png,1,0,0,0,0,train
shrinkage_top_ng_camera_1_169,images/shrinkage_top_ng/shrinkage_top_ng_camera_1_169.png,1,0,0,0,0,train
shrinkage_top_ng_camera_1_17,images/shrinkage_top_ng/shrinkage_top_ng_camera_1_17.png,1,0,0,0,0,val
shrinkage_top_ng_camera_1_170,images/shrinkage_top_ng/shrinkage_top_ng_camera_1_170.png,1,0,0,0,0,train
shrinkage_top_ng_camera_1_172,images/shrinkage_top_ng/shrinkage_top_ng_camera_1_172.png,1,0,0,0,0,test
shrinkage_top_ng_camera_1_173,images/shrinkage_top_ng/shrinkage_top_ng_camera_1_173.png,1,0,0,0,0,train
shrinkage_top_ng_camera_1_174,images/shrinkage_top_ng/shrinkage_top_ng_camera_1_174.png,1,0,0,0,0,train
shrinkage_top_ng_camera_1_175,images/shrinkage_top_ng/shrinkage_top_ng_camera_1_175.png,1,0,0,0,0,train
shrinkage_top_ng_camera_1_176,images/shrinkage_top_ng/shrinkage_top_ng_camera_1_176.png,1,0,0,0,0,train
shrinkage_top_ng_camera_1_177,images/shrinkage_top_ng/shrinkage_top_ng_camera_1_177.png,1,0,0,0,0,train
shrinkage_top_ng_camera_1_178,images/shrinkage_top_ng/shrinkage_top_ng_camera_1_178.png,1,0,0,0,0,val
shrinkage_top_ng_camera_1_179,images/shrinkage_top_ng/shrinkage_top_ng_camera_1_179.png,1,0,0,0,0,test
shrinkage_top_ng_camera_1_18,images/shrinkage_top_ng/shrinkage_top_ng_camera_1_18.png,1,0,0,0,0,train
shrinkage_top_ng_camera_1_180,images/shrinkage_top_ng/shrinkage_top_ng_camera_1_180.png,1,0,0,0,0,val
shrinkage_top_ng_camera_1_181,images/shrinkage_top_ng/shrinkage_top_ng_camera_1_181.png,1,0,0,0,0,train
shrinkage_top_ng_camera_1_182,images/shrinkage_top_ng/shrinkage_top_ng_camera_1_182.png,1,0,0,0,0,train
shrinkage_top_ng_camera_1_184,images/shrinkage_top_ng/shrinkage_top_ng_camera_1_184.png,1,0,0,0,0,train
shrinkage_top_ng_camera_1_185,images/shrinkage_top_ng/shrinkage_top_ng_camera_1_185.png,1,0,0,0,0,train
shrinkage_top_ng_camera_1_186,images/shrinkage_top_ng/shrinkage_top_ng_camera_1_186.png,1,0,0,0,0,train
shrinkage_top_ng_camera_1_187,images/shrinkage_top_ng/shrinkage_top_ng_camera_1_187.png,1,0,0,0,0,train
shrinkage_top_ng_camera_1_188,images/shrinkage_top_ng/shrinkage_top_ng_camera_1_188.png,1,0,0,0,0,train
shrinkage_top_ng_camera_1_189,images/shrinkage_top_ng/shrinkage_top_ng_camera_1_189.png,1,0,0,0,0,val
shrinkage_top_ng_camera_1_19,images/shrinkage_top_ng/shrinkage_top_ng_camera_1_19.png,1,0,0,0,0,val
shrinkage_top_ng_camera_1_190,images/shrinkage_top_ng/shrinkage_top_ng_camera_1_190.png,1,0,0,0,0,test
shrinkage_top_ng_camera_1_191,images/shrinkage_top_ng/shrinkage_top_ng_camera_1_191.png,1,0,0,0,0,val
shrinkage_top_ng_camera_1_192,images/shrinkage_top_ng/shrinkage_top_ng_camera_1_192.png,1,0,0,0,0,val
shrinkage_top_ng_camera_1_193,images/shrinkage_top_ng/shrinkage_top_ng_camera_1_193.png,1,0,0,0,0,train
shrinkage_top_ng_camera_1_194,images/shrinkage_top_ng/shrinkage_top_ng_camera_1_194.png,1,0,0,0,0,val
shrinkage_top_ng_camera_1_195,images/shrinkage_top_ng/shrinkage_top_ng_camera_1_195.png,1,0,0,0,0,train
shrinkage_top_ng_camera_1_196,images/shrinkage_top_ng/shrinkage_top_ng_camera_1_196.png,1,0,0,0,0,train
shrinkage_top_ng_camera_1_197,images/shrinkage_top_ng/shrinkage_top_ng_camera_1_197.png,1,0,0,0,0,val
shrinkage_top_ng_camera_1_2,images/shrinkage_top_ng/shrinkage_top_ng_camera_1_2.png,1,0,0,0,0,test
shrinkage_top_ng_camera_1_20,images/shrinkage_top_ng/shrinkage_top_ng_camera_1_20.png,1,0,0,0,0,train
shrinkage_top_ng_camera_1_21,images/shrinkage_top_ng/shrinkage_top_ng_camera_1_21.png,1,0,0,0,0,train
shrinkage_top_ng_camera_1_22,images/shrinkage_top_ng/shrinkage_top_ng_camera_1_22.png,1,0,0,0,0,train
shrinkage_top_ng_camera_1_23,images/shrinkage_top_ng/shrinkage_top_ng_camera_1_23.png,1,0,0,0,0,test
shrinkage_top_ng_camera_1_24,images/shrinkage_top_ng/shrinkage_top_ng_camera_1_24.png,1,0,0,0,0,train
shrinkage_top_ng_camera_1_25,images/shrinkage_top_ng/shrinkage_top_ng_camera_1_25.png,1,0,0,0,0,val
shrinkage_top_ng_camera_1_26,images/shrinkage_top_ng/shrinkage_top_ng_camera_1_26.png,1,0,0,0,0,val
shrinkage_top_ng_camera_1_27,images/shrinkage_top_ng/shrinkage_top_ng_camera_1_27.png,1,0,0,0,0,train
shrinkage_top_ng_camera_1_28,images/shrinkage_top_ng/shrinkage_top_ng_camera_1_28.png,1,0,0,0,0,val
shrinkage_top_ng_camera_1_29,images/shrinkage_top_ng/shrinkage_top_ng_camera_1_29.png,1,0,0,0,0,train
shrinkage_top_ng_camera_1_3,images/shrinkage_top_ng/shrinkage_top_ng_camera_1_3.png,1,0,0,0,0,train
shrinkage_top_ng_camera_1_30,images/shrinkage_top_ng/shrinkage_top_ng_camera_1_30.png,1,0,0,0,0,test
shrinkage_top_ng_camera_1_31,images/shrinkage_top_ng/shrinkage_top_ng_camera_1_31.png,1,0,0,0,0,train
shrinkage_top_ng_camera_1_32,images/shrinkage_top_ng/shrinkage_top_ng_camera_1_32.png,1,0,0,0,0,train
shrinkage_top_ng_camera_1_34,images/shrinkage_top_ng/shrinkage_top_ng_camera_1_34.png,1,0,0,0,0,train
shrinkage_top_ng_camera_1_35,images/shrinkage_top_ng/shrinkage_top_ng_camera_1_35.png,1,0,0,0,0,train
shrinkage_top_ng_camera_1_36,images/shrinkage_top_ng/shrinkage_top_ng_camera_1_36.png,1,0,0,0,0,train
shrinkage_top_ng_camera_1_37,images/shrinkage_top_ng/shrinkage_top_ng_camera_1_37.png,1,0,0,0,0,train
shrinkage_top_ng_camera_1_38,images/shrinkage_top_ng/shrinkage_top_ng_camera_1_38.png,1,0,0,0,0,test
shrinkage_top_ng_camera_1_39,images/shrinkage_top_ng/shrinkage_top_ng_camera_1_39.png,1,0,0,0,0,train
shrinkage_top_ng_camera_1_4,images/shrinkage_top_ng/shrinkage_top_ng_camera_1_4.png,1,0,0,0,0,train
shrinkage_top_ng_camera_1_40,images/shrinkage_top_ng/shrinkage_top_ng_camera_1_40.png,1,0,0,0,0,train
shrinkage_top_ng_camera_1_41,images/shrinkage_top_ng/shrinkage_top_ng_camera_1_41.png,1,0,0,0,0,train
shrinkage_top_ng_camera_1_43,images/shrinkage_top_ng/shrinkage_top_ng_camera_1_43.png,1,0,0,0,0,train
shrinkage_top_ng_camera_1_44,images/shrinkage_top_ng/shrinkage_top_ng_camera_1_44.png,1,0,0,0,0,train
shrinkage_top_ng_camera_1_45,images/shrinkage_top_ng/shrinkage_top_ng_camera_1_45.png,1,0,0,0,0,train
shrinkage_top_ng_camera_1_46,images/shrinkage_top_ng/shrinkage_top_ng_camera_1_46.png,1,0,0,0,0,val
shrinkage_top_ng_camera_1_47,images/shrinkage_top_ng/shrinkage_top_ng_camera_1_47.png,1,0,0,0,0,train
shrinkage_top_ng_camera_1_48,images/shrinkage_top_ng/shrinkage_top_ng_camera_1_48.png,1,0,0,0,0,test
shrinkage_top_ng_camera_1_49,images/shrinkage_top_ng/shrinkage_top_ng_camera_1_49.png,1,0,0,0,0,train
shrinkage_top_ng_camera_1_5,images/shrinkage_top_ng/shrinkage_top_ng_camera_1_5.png,1,0,0,0,0,train
shrinkage_top_ng_camera_1_50,images/shrinkage_top_ng/shrinkage_top_ng_camera_1_50.png,1,0,0,0,0,train
shrinkage_top_ng_camera_1_53,images/shrinkage_top_ng/shrinkage_top_ng_camera_1_53.png,1,0,0,0,0,train
shrinkage_top_ng_camera_1_54,images/shrinkage_top_ng/shrinkage_top_ng_camera_1_54.png,1,0,0,0,0,train
shrinkage_top_ng_camera_1_55,images/shrinkage_top_ng/shrinkage_top_ng_camera_1_55.png,1,0,0,0,0,train
shrinkage_top_ng_camera_1_56,images/shrinkage_top_ng/shrinkage_top_ng_camera_1_56.png,1,0,0,0,0,train
shrinkage_top_ng_camera_1_57,images/shrinkage_top_ng/shrinkage_top_ng_camera_1_57.png,1,0,0,0,0,train
shrinkage_top_ng_camera_1_58,images/shrinkage_top_ng/shrinkage_top_ng_camera_1_58.png,1,0,0,0,0,train
shrinkage_top_ng_camera_1_60,images/shrinkage_top_ng/shrinkage_top_ng_camera_1_60.png,1,0,0,0,0,train
shrinkage_top_ng_camera_1_61,images/shrinkage_top_ng/shrinkage_top_ng_camera_1_61.png,1,0,0,0,0,train
shrinkage_top_ng_camera_1_62,images/shrinkage_top_ng/shrinkage_top_ng_camera_1_62.png,1,0,0,0,0,train
shrinkage_top_ng_camera_1_63,images/shrinkage_top_ng/shrinkage_top_ng_camera_1_63.png,1,0,0,0,0,test
shrinkage_top_ng_camera_1_64,images/shrinkage_top_ng/shrinkage_top_ng_camera_1_64.png,1,0,0,0,0,train
shrinkage_top_ng_camera_1_65,images/shrinkage_top_ng/shrinkage_top_ng_camera_1_65.png,1,0,0,0,0,test
shrinkage_top_ng_camera_1_66,images/shrinkage_top_ng/shrinkage_top_ng_camera_1_66.png,1,0,0,0,0,train
shrinkage_top_ng_camera_1_67,images/shrinkage_top_ng/shrinkage_top_ng_camera_1_67.png,1,0,0,0,0,test
shrinkage_top_ng_camera_1_68,images/shrinkage_top_ng/shrinkage_top_ng_camera_1_68.png,1,0,0,0,0,train
shrinkage_top_ng_camera_1_7,images/shrinkage_top_ng/shrinkage_top_ng_camera_1_7.png,1,0,0,0,0,train
shrinkage_top_ng_camera_1_70,images/shrinkage_top_ng/shrinkage_top_ng_camera_1_70.png,1,0,0,0,0,val
shrinkage_top_ng_camera_1_71,images/shrinkage_top_ng/shrinkage_top_ng_camera_1_71.png,1,0,0,0,0,train
shrinkage_top_ng_camera_1_72,images/shrinkage_top_ng/shrinkage_top_ng_camera_1_72.png,1,0,0,0,0,val
shrinkage_top_ng_camera_1_73,images/shrinkage_top_ng/shrinkage_top_ng_camera_1_73.png,1,0,0,0,0,train
shrinkage_top_ng_camera_1_74,images/shrinkage_top_ng/shrinkage_top_ng_camera_1_74.png,1,0,0,0,0,train
shrinkage_top_ng_camera_1_75,images/shrinkage_top_ng/shrinkage_top_ng_camera_1_75.png,1,0,0,0,0,train
shrinkage_top_ng_camera_1_76,images/shrinkage_top_ng/shrinkage_top_ng_camera_1_76.png,1,0,0,0,0,train
shrinkage_top_ng_camera_1_77,images/shrinkage_top_ng/shrinkage_top_ng_camera_1_77.png,1,0,0,0,0,val
shrinkage_top_ng_camera_1_78,images/shrinkage_top_ng/shrinkage_top_ng_camera_1_78.png,1,0,0,0,0,val
shrinkage_top_ng_camera_1_79,images/shrinkage_top_ng/shrinkage_top_ng_camera_1_79.png,1,0,0,0,0,val
shrinkage_top_ng_camera_1_8,images/shrinkage_top_ng/shrinkage_top_ng_camera_1_8.png,1,0,0,0,0,train
shrinkage_top_ng_camera_1_80,images/shrinkage_top_ng/shrinkage_top_ng_camera_1_80.png,1,0,0,0,0,val
shrinkage_top_ng_camera_1_81,images/shrinkage_top_ng/shrinkage_top_ng_camera_1_81.png,1,0,0,0,0,val
shrinkage_top_ng_camera_1_82,images/shrinkage_top_ng/shrinkage_top_ng_camera_1_82.png,1,0,0,0,0,train
shrinkage_top_ng_camera_1_83,images/shrinkage_top_ng/shrinkage_top_ng_camera_1_83.png,1,0,0,0,0,train
shrinkage_top_ng_camera_1_85,images/shrinkage_top_ng/shrinkage_top_ng_camera_1_85.png,1,0,0,0,0,train
shrinkage_top_ng_camera_1_86,images/shrinkage_top_ng/shrinkage_top_ng_camera_1_86.png,1,0,0,0,0,train
shrinkage_top_ng_camera_1_87,images/shrinkage_top_ng/shrinkage_top_ng_camera_1_87.png,1,0,0,0,0,test
shrinkage_top_ng_camera_1_88,images/shrinkage_top_ng/shrinkage_top_ng_camera_1_88.png,1,0,0,0,0,train
shrinkage_top_ng_camera_1_89,images/shrinkage_top_ng/shrinkage_top_ng_camera_1_89.png,1,0,0,0,0,val
shrinkage_top_ng_camera_1_9,images/shrinkage_top_ng/shrinkage_top_ng_camera_1_9.png,1,0,0,0,0,train
shrinkage_top_ng_camera_1_90,images/shrinkage_top_ng/shrinkage_top_ng_camera_1_90.png,1,0,0,0,0,test
shrinkage_top_ng_camera_1_92,images/shrinkage_top_ng/shrinkage_top_ng_camera_1_92.png,1,0,0,0,0,train
shrinkage_top_ng_camera_1_93,images/shrinkage_top_ng/shrinkage_top_ng_camera_1_93.png,1,0,0,0,0,val
shrinkage_top_ng_camera_1_94,images/shrinkage_top_ng/shrinkage_top_ng_camera_1_94.png,1,0,0,0,0,train
shrinkage_top_ng_camera_1_95,images/shrinkage_top_ng/shrinkage_top_ng_camera_1_95.png,1,0,0,0,0,val
shrinkage_top_ng_camera_1_96,images/shrinkage_top_ng/shrinkage_top_ng_camera_1_96.png,1,0,0,0,0,test
shrinkage_top_ng_camera_1_97,images/shrinkage_top_ng/shrinkage_top_ng_camera_1_97.png,1,0,0,0,0,val
shrinkage_top_ng_camera_1_98,images/shrinkage_top_ng/shrinkage_top_ng_camera_1_98.png,1,0,0,0,0,val
shrinkage_top_ng_camera_1_99,images/shrinkage_top_ng/shrinkage_top_ng_camera_1_99.png,1,0,0,0,0,train
shrinkage_top_ng_camera_2_1,images/shrinkage_top_ng/shrinkage_top_ng_camera_2_1.png,1,0,0,0,0,train
shrinkage_top_ng_camera_2_10,images/shrinkage_top_ng/shrinkage_top_ng_camera_2_10.png,1,0,0,0,0,train
shrinkage_top_ng_camera_2_109,images/shrinkage_top_ng/shrinkage_top_ng_camera_2_109.png,1,0,0,0,0,train
shrinkage_top_ng_camera_2_111,images/shrinkage_top_ng/shrinkage_top_ng_camera_2_111.png,1,0,0,0,0,val
shrinkage_top_ng_camera_2_116,images/shrinkage_top_ng/shrinkage_top_ng_camera_2_116.png,1,0,0,0,0,val
shrinkage_top_ng_camera_2_117,images/shrinkage_top_ng/shrinkage_top_ng_camera_2_117.png,1,0,0,0,0,val
shrinkage_top_ng_camera_2_118,images/shrinkage_top_ng/shrinkage_top_ng_camera_2_118.png,1,0,0,0,0,train
shrinkage_top_ng_camera_2_120,images/shrinkage_top_ng/shrinkage_top_ng_camera_2_120.png,1,0,0,0,0,train
shrinkage_top_ng_camera_2_13,images/shrinkage_top_ng/shrinkage_top_ng_camera_2_13.png,1,0,0,0,0,test
shrinkage_top_ng_camera_2_134,images/shrinkage_top_ng/shrinkage_top_ng_camera_2_134.png,1,0,0,0,0,train
shrinkage_top_ng_camera_2_136,images/shrinkage_top_ng/shrinkage_top_ng_camera_2_136.png,1,0,0,0,0,train
shrinkage_top_ng_camera_2_14,images/shrinkage_top_ng/shrinkage_top_ng_camera_2_14.png,1,0,0,0,0,train
shrinkage_top_ng_camera_2_142,images/shrinkage_top_ng/shrinkage_top_ng_camera_2_142.png,1,0,0,0,0,train
shrinkage_top_ng_camera_2_144,images/shrinkage_top_ng/shrinkage_top_ng_camera_2_144.png,1,0,0,0,0,train
shrinkage_top_ng_camera_2_146,images/shrinkage_top_ng/shrinkage_top_ng_camera_2_146.png,1,0,0,0,0,val
shrinkage_top_ng_camera_2_160,images/shrinkage_top_ng/shrinkage_top_ng_camera_2_160.png,1,0,0,0,0,train
shrinkage_top_ng_camera_2_164,images/shrinkage_top_ng/shrinkage_top_ng_camera_2_164.png,1,0,0,0,0,test
shrinkage_top_ng_camera_2_165,images/shrinkage_top_ng/shrinkage_top_ng_camera_2_165.png,1,0,0,0,0,train
shrinkage_top_ng_camera_2_169,images/shrinkage_top_ng/shrinkage_top_ng_camera_2_169.png,1,0,0,0,0,test
shrinkage_top_ng_camera_2_17,images/shrinkage_top_ng/shrinkage_top_ng_camera_2_17.png,1,0,0,0,0,train
shrinkage_top_ng_camera_2_171,images/shrinkage_top_ng/shrinkage_top_ng_camera_2_171.png,1,0,0,0,0,val
shrinkage_top_ng_camera_2_172,images/shrinkage_top_ng/shrinkage_top_ng_camera_2_172.png,1,0,0,0,0,train
shrinkage_top_ng_camera_2_178,images/shrinkage_top_ng/shrinkage_top_ng_camera_2_178.png,1,0,0,0,0,val
shrinkage_top_ng_camera_2_179,images/shrinkage_top_ng/shrinkage_top_ng_camera_2_179.png,1,0,0,0,0,train
shrinkage_top_ng_camera_2_182,images/shrinkage_top_ng/shrinkage_top_ng_camera_2_182.png,1,0,0,0,0,train
shrinkage_top_ng_camera_2_186,images/shrinkage_top_ng/shrinkage_top_ng_camera_2_186.png,1,0,0,0,0,train
shrinkage_top_ng_camera_2_190,images/shrinkage_top_ng/shrinkage_top_ng_camera_2_190.png,1,0,0,0,0,train
shrinkage_top_ng_camera_2_37,images/shrinkage_top_ng/shrinkage_top_ng_camera_2_37.png,1,0,0,0,0,train
shrinkage_top_ng_camera_2_38,images/shrinkage_top_ng/shrinkage_top_ng_camera_2_38.png,1,0,0,0,0,train
shrinkage_top_ng_camera_2_43,images/shrinkage_top_ng/shrinkage_top_ng_camera_2_43.png,1,0,0,0,0,test
shrinkage_top_ng_camera_2_49,images/shrinkage_top_ng/shrinkage_top_ng_camera_2_49.png,1,0,0,0,0,train
shrinkage_top_ng_camera_2_52,images/shrinkage_top_ng/shrinkage_top_ng_camera_2_52.png,1,0,0,0,0,train
shrinkage_top_ng_camera_2_54,images/shrinkage_top_ng/shrinkage_top_ng_camera_2_54.png,1,0,0,0,0,train
shrinkage_top_ng_camera_2_65,images/shrinkage_top_ng/shrinkage_top_ng_camera_2_65.png,1,0,0,0,0,val
shrinkage_top_ng_camera_2_76,images/shrinkage_top_ng/shrinkage_top_ng_camera_2_76.png,1,0,0,0,0,train
shrinkage_top_ng_camera_2_86,images/shrinkage_top_ng/shrinkage_top_ng_camera_2_86.png,1,0,0,0,0,val
shrinkage_top_ng_camera_2_87,images/shrinkage_top_ng/shrinkage_top_ng_camera_2_87.png,1,0,0,0,0,train
shrinkage_top_ng_camera_2_9,images/shrinkage_top_ng/shrinkage_top_ng_camera_2_9.png,1,0,0,0,0,train
shrinkage_top_ng_camera_2_92,images/shrinkage_top_ng/shrinkage_top_ng_camera_2_92.png,1,0,0,0,0,train
shrinkage_top_ng_camera_2_99,images/shrinkage_top_ng/shrinkage_top_ng_camera_2_99.png,1,0,0,0,0,train
shrinkage_top_ng_camera_3_105,images/shrinkage_top_ng/shrinkage_top_ng_camera_3_105.png,1,0,0,0,0,train
shrinkage_top_ng_camera_3_107,images/shrinkage_top_ng/shrinkage_top_ng_camera_3_107.png,1,0,0,0,0,train
shrinkage_top_ng_camera_3_108,images/shrinkage_top_ng/shrinkage_top_ng_camera_3_108.png,1,0,0,0,0,train
shrinkage_top_ng_camera_3_11,images/shrinkage_top_ng/shrinkage_top_ng_camera_3_11.png,1,0,0,0,0,train
shrinkage_top_ng_camera_3_112,images/shrinkage_top_ng/shrinkage_top_ng_camera_3_112.png,1,0,0,0,0,train
shrinkage_top_ng_camera_3_114,images/shrinkage_top_ng/shrinkage_top_ng_camera_3_114.png,1,0,0,0,0,train
shrinkage_top_ng_camera_3_123,images/shrinkage_top_ng/shrinkage_top_ng_camera_3_123.png,1,0,0,0,0,train
shrinkage_top_ng_camera_3_124,images/shrinkage_top_ng/shrinkage_top_ng_camera_3_124.png,1,0,0,0,0,train
shrinkage_top_ng_camera_3_125,images/shrinkage_top_ng/shrinkage_top_ng_camera_3_125.png,1,0,0,0,0,train
shrinkage_top_ng_camera_3_127,images/shrinkage_top_ng/shrinkage_top_ng_camera_3_127.png,1,0,0,0,0,val
shrinkage_top_ng_camera_3_135,images/shrinkage_top_ng/shrinkage_top_ng_camera_3_135.png,1,0,0,0,0,train
shrinkage_top_ng_camera_3_139,images/shrinkage_top_ng/shrinkage_top_ng_camera_3_139.png,1,0,0,0,0,train
shrinkage_top_ng_camera_3_143,images/shrinkage_top_ng/shrinkage_top_ng_camera_3_143.png,1,0,0,0,0,test
shrinkage_top_ng_camera_3_15,images/shrinkage_top_ng/shrinkage_top_ng_camera_3_15.png,1,0,0,0,0,val
shrinkage_top_ng_camera_3_154,images/shrinkage_top_ng/shrinkage_top_ng_camera_3_154.png,1,0,0,0,0,val
shrinkage_top_ng_camera_3_155,images/shrinkage_top_ng/shrinkage_top_ng_camera_3_155.png,1,0,0,0,0,train
shrinkage_top_ng_camera_3_161,images/shrinkage_top_ng/shrinkage_top_ng_camera_3_161.png,1,0,0,0,0,test
shrinkage_top_ng_camera_3_167,images/shrinkage_top_ng/shrinkage_top_ng_camera_3_167.png,1,0,0,0,0,train
shrinkage_top_ng_camera_3_175,images/shrinkage_top_ng/shrinkage_top_ng_camera_3_175.png,1,0,0,0,0,train
shrinkage_top_ng_camera_3_24,images/shrinkage_top_ng/shrinkage_top_ng_camera_3_24.png,1,0,0,0,0,train
shrinkage_top_ng_camera_3_25,images/shrinkage_top_ng/shrinkage_top_ng_camera_3_25.png,1,0,0,0,0,train
shrinkage_top_ng_camera_3_27,images/shrinkage_top_ng/shrinkage_top_ng_camera_3_27.png,1,0,0,0,0,test
shrinkage_top_ng_camera_3_36,images/shrinkage_top_ng/shrinkage_top_ng_camera_3_36.png,1,0,0,0,0,train
shrinkage_top_ng_camera_3_39,images/shrinkage_top_ng/shrinkage_top_ng_camera_3_39.png,1,0,0,0,0,train
shrinkage_top_ng_camera_3_40,images/shrinkage_top_ng/shrinkage_top_ng_camera_3_40.png,1,0,0,0,0,train
shrinkage_top_ng_camera_3_50,images/shrinkage_top_ng/shrinkage_top_ng_camera_3_50.png,1,0,0,0,0,val
shrinkage_top_ng_camera_3_51,images/shrinkage_top_ng/shrinkage_top_ng_camera_3_51.png,1,0,0,0,0,train
shrinkage_top_ng_camera_3_67,images/shrinkage_top_ng/shrinkage_top_ng_camera_3_67.png,1,0,0,0,0,train
shrinkage_top_ng_camera_3_68,images/shrinkage_top_ng/shrinkage_top_ng_camera_3_68.png,1,0,0,0,0,train
shrinkage_top_ng_camera_3_70,images/shrinkage_top_ng/shrinkage_top_ng_camera_3_70.png,1,0,0,0,0,val
shrinkage_top_ng_camera_3_85,images/shrinkage_top_ng/shrinkage_top_ng_camera_3_85.png,1,0,0,0,0,train
shrinkage_top_ng_camera_3_90,images/shrinkage_top_ng/shrinkage_top_ng_camera_3_90.png,1,0,0,0,0,train
shrinkage_top_ng_camera_3_91,images/shrinkage_top_ng/shrinkage_top_ng_camera_3_91.png,1,0,0,0,0,train
shrinkage_top_ng_camera_3_94,images/shrinkage_top_ng/shrinkage_top_ng_camera_3_94.png,1,0,0,0,0,train
shrinkage_top_ng_camera_3_95,images/shrinkage_top_ng/shrinkage_top_ng_camera_3_95.png,1,0,0,0,0,train
shrinkage_top_ng_camera_4_10,images/shrinkage_top_ng/shrinkage_top_ng_camera_4_10.png,1,0,0,0,0,train
shrinkage_top_ng_camera_4_104,images/shrinkage_top_ng/shrinkage_top_ng_camera_4_104.png,1,0,0,0,0,train
shrinkage_top_ng_camera_4_113,images/shrinkage_top_ng/shrinkage_top_ng_camera_4_113.png,1,0,0,0,0,val
shrinkage_top_ng_camera_4_115,images/shrinkage_top_ng/shrinkage_top_ng_camera_4_115.png,1,0,0,0,0,train
shrinkage_top_ng_camera_4_119,images/shrinkage_top_ng/shrinkage_top_ng_camera_4_119.png,1,0,0,0,0,train
shrinkage_top_ng_camera_4_12,images/shrinkage_top_ng/shrinkage_top_ng_camera_4_12.png,1,0,0,0,0,train
shrinkage_top_ng_camera_4_126,images/shrinkage_top_ng/shrinkage_top_ng_camera_4_126.png,1,0,0,0,0,train
shrinkage_top_ng_camera_4_130,images/shrinkage_top_ng/shrinkage_top_ng_camera_4_130.png,1,0,0,0,0,test
shrinkage_top_ng_camera_4_138,images/shrinkage_top_ng/shrinkage_top_ng_camera_4_138.png,1,0,0,0,0,train
shrinkage_top_ng_camera_4_142,images/shrinkage_top_ng/shrinkage_top_ng_camera_4_142.png,1,0,0,0,0,train
shrinkage_top_ng_camera_4_157,images/shrinkage_top_ng/shrinkage_top_ng_camera_4_157.png,1,0,0,0,0,train
shrinkage_top_ng_camera_4_16,images/shrinkage_top_ng/shrinkage_top_ng_camera_4_16.png,1,0,0,0,0,train
shrinkage_top_ng_camera_4_163,images/shrinkage_top_ng/shrinkage_top_ng_camera_4_163.png,1,0,0,0,0,val
shrinkage_top_ng_camera_4_168,images/shrinkage_top_ng/shrinkage_top_ng_camera_4_168.png,1,0,0,0,0,train
shrinkage_top_ng_camera_4_184,images/shrinkage_top_ng/shrinkage_top_ng_camera_4_184.png,1,0,0,0,0,val
shrinkage_top_ng_camera_4_187,images/shrinkage_top_ng/shrinkage_top_ng_camera_4_187.png,1,0,0,0,0,train
shrinkage_top_ng_camera_4_189,images/shrinkage_top_ng/shrinkage_top_ng_camera_4_189.png,1,0,0,0,0,train
shrinkage_top_ng_camera_4_19,images/shrinkage_top_ng/shrinkage_top_ng_camera_4_19.png,1,0,0,0,0,test
shrinkage_top_ng_camera_4_193,images/shrinkage_top_ng/shrinkage_top_ng_camera_4_193.png,1,0,0,0,0,val
shrinkage_top_ng_camera_4_195,images/shrinkage_top_ng/shrinkage_top_ng_camera_4_195.png,1,0,0,0,0,train
shrinkage_top_ng_camera_4_23,images/shrinkage_top_ng/shrinkage_top_ng_camera_4_23.png,1,0,0,0,0,train
shrinkage_top_ng_camera_4_28,images/shrinkage_top_ng/shrinkage_top_ng_camera_4_28.png,1,0,0,0,0,val
shrinkage_top_ng_camera_4_29,images/shrinkage_top_ng/shrinkage_top_ng_camera_4_29.png,1,0,0,0,0,train
shrinkage_top_ng_camera_4_32,images/shrinkage_top_ng/shrinkage_top_ng_camera_4_32.png,1,0,0,0,0,val
shrinkage_top_ng_camera_4_36,images/shrinkage_top_ng/shrinkage_top_ng_camera_4_36.png,1,0,0,0,0,train
shrinkage_top_ng_camera_4_38,images/shrinkage_top_ng/shrinkage_top_ng_camera_4_38.png,1,0,0,0,0,test
shrinkage_top_ng_camera_4_42,images/shrinkage_top_ng/shrinkage_top_ng_camera_4_42.png,1,0,0,0,0,val
shrinkage_top_ng_camera_4_48,images/shrinkage_top_ng/shrinkage_top_ng_camera_4_48.png,1,0,0,0,0,val
shrinkage_top_ng_camera_4_5,images/shrinkage_top_ng/shrinkage_top_ng_camera_4_5.png,1,0,0,0,0,train
shrinkage_top_ng_camera_4_57,images/shrinkage_top_ng/shrinkage_top_ng_camera_4_57.png,1,0,0,0,0,train
shrinkage_top_ng_camera_4_63,images/shrinkage_top_ng/shrinkage_top_ng_camera_4_63.png,1,0,0,0,0,val
shrinkage_top_ng_camera_4_64,images/shrinkage_top_ng/shrinkage_top_ng_camera_4_64.png,1,0,0,0,0,val
shrinkage_top_ng_camera_4_67,images/shrinkage_top_ng/shrinkage_top_ng_camera_4_67.png,1,0,0,0,0,train
shrinkage_top_ng_camera_4_73,images/shrinkage_top_ng/shrinkage_top_ng_camera_4_73.png,1,0,0,0,0,train
shrinkage_top_ng_camera_4_74,images/shrinkage_top_ng/shrinkage_top_ng_camera_4_74.png,1,0,0,0,0,train
shrinkage_top_ng_camera_4_77,images/shrinkage_top_ng/shrinkage_top_ng_camera_4_77.png,1,0,0,0,0,train
shrinkage_top_ng_camera_4_78,images/shrinkage_top_ng/shrinkage_top_ng_camera_4_78.png,1,0,0,0,0,train
shrinkage_top_ng_camera_4_83,images/shrinkage_top_ng/shrinkage_top_ng_camera_4_83.png,1,0,0,0,0,train
shrinkage_top_ng_camera_4_92,images/shrinkage_top_ng/shrinkage_top_ng_camera_4_92.png,1,0,0,0,0,train
shrinkage_top_side_ng_camera_1_1,images/shrinkage_top_side_ng/shrinkage_top_side_ng_camera_1_1.png,1,0,0,0,0,train
shrinkage_top_side_ng_camera_1_10,images/shrinkage_top_side_ng/shrinkage_top_side_ng_camera_1_10.png,1,0,0,0,0,train
shrinkage_top_side_ng_camera_1_100,images/shrinkage_top_side_ng/shrinkage_top_side_ng_camera_1_100.png,1,0,0,0,0,train
shrinkage_top_side_ng_camera_1_101,images/shrinkage_top_side_ng/shrinkage_top_side_ng_camera_1_101.png,1,0,0,0,0,train
shrinkage_top_side_ng_camera_1_102,images/shrinkage_top_side_ng/shrinkage_top_side_ng_camera_1_102.png,1,0,0,0,0,train
shrinkage_top_side_ng_camera_1_103,images/shrinkage_top_side_ng/shrinkage_top_side_ng_camera_1_103.png,1,0,0,0,0,train
shrinkage_top_side_ng_camera_1_104,images/shrinkage_top_side_ng/shrinkage_top_side_ng_camera_1_104.png,1,0,0,0,0,test
shrinkage_top_side_ng_camera_1_105,images/shrinkage_top_side_ng/shrinkage_top_side_ng_camera_1_105.png,1,0,0,0,0,train
shrinkage_top_side_ng_camera_1_106,images/shrinkage_top_side_ng/shrinkage_top_side_ng_camera_1_106.png,1,0,0,0,0,train
shrinkage_top_side_ng_camera_1_107,images/shrinkage_top_side_ng/shrinkage_top_side_ng_camera_1_107.png,1,0,0,0,0,train
shrinkage_top_side_ng_camera_1_108,images/shrinkage_top_side_ng/shrinkage_top_side_ng_camera_1_108.png,1,0,0,0,0,train
shrinkage_top_side_ng_camera_1_109,images/shrinkage_top_side_ng/shrinkage_top_side_ng_camera_1_109.png,1,0,0,0,0,train
shrinkage_top_side_ng_camera_1_11,images/shrinkage_top_side_ng/shrinkage_top_side_ng_camera_1_11.png,1,0,0,0,0,train
shrinkage_top_side_ng_camera_1_110,images/shrinkage_top_side_ng/shrinkage_top_side_ng_camera_1_110.png,1,0,0,0,0,train
shrinkage_top_side_ng_camera_1_111,images/shrinkage_top_side_ng/shrinkage_top_side_ng_camera_1_111.png,1,0,0,0,0,train
shrinkage_top_side_ng_camera_1_112,images/shrinkage_top_side_ng/shrinkage_top_side_ng_camera_1_112.png,1,0,0,0,0,val
shrinkage_top_side_ng_camera_1_113,images/shrinkage_top_side_ng/shrinkage_top_side_ng_camera_1_113.png,1,0,0,0,0,train
shrinkage_top_side_ng_camera_1_114,images/shrinkage_top_side_ng/shrinkage_top_side_ng_camera_1_114.png,1,0,0,0,0,test
shrinkage_top_side_ng_camera_1_115,images/shrinkage_top_side_ng/shrinkage_top_side_ng_camera_1_115.png,1,0,0,0,0,train
shrinkage_top_side_ng_camera_1_116,images/shrinkage_top_side_ng/shrinkage_top_side_ng_camera_1_116.png,1,0,0,0,0,val
shrinkage_top_side_ng_camera_1_117,images/shrinkage_top_side_ng/shrinkage_top_side_ng_camera_1_117.png,1,0,0,0,0,train
shrinkage_top_side_ng_camera_1_118,images/shrinkage_top_side_ng/shrinkage_top_side_ng_camera_1_118.png,1,0,0,0,0,train
shrinkage_top_side_ng_camera_1_119,images/shrinkage_top_side_ng/shrinkage_top_side_ng_camera_1_119.png,1,0,0,0,0,test
shrinkage_top_side_ng_camera_1_12,images/shrinkage_top_side_ng/shrinkage_top_side_ng_camera_1_12.png,1,0,0,0,0,train
shrinkage_top_side_ng_camera_1_120,images/shrinkage_top_side_ng/shrinkage_top_side_ng_camera_1_120.png,1,0,0,0,0,train
shrinkage_top_side_ng_camera_1_121,images/shrinkage_top_side_ng/shrinkage_top_side_ng_camera_1_121.png,1,0,0,0,0,train
shrinkage_top_side_ng_camera_1_122,images/shrinkage_top_side_ng/shrinkage_top_side_ng_camera_1_122.png,1,0,0,0,0,train
shrinkage_top_side_ng_camera_1_123,images/shrinkage_top_side_ng/shrinkage_top_side_ng_camera_1_123.png,1,0,0,0,0,train
shrinkage_top_side_ng_camera_1_124,images/shrinkage_top_side_ng/shrinkage_top_side_ng_camera_1_124.png,1,0,0,0,0,train
shrinkage_top_side_ng_camera_1_125,images/shrinkage_top_side_ng/shrinkage_top_side_ng_camera_1_125.png,1,0,0,0,0,train
shrinkage_top_side_ng_camera_1_126,images/shrinkage_top_side_ng/shrinkage_top_side_ng_camera_1_126.png,1,0,0,0,0,val
shrinkage_top_side_ng_camera_1_127,images/shrinkage_top_side_ng/shrinkage_top_side_ng_camera_1_127.png,1,0,0,0,0,train
shrinkage_top_side_ng_camera_1_128,images/shrinkage_top_side_ng/shrinkage_top_side_ng_camera_1_128.png,1,0,0,0,0,train
shrinkage_top_side_ng_camera_1_129,images/shrinkage_top_side_ng/shrinkage_top_side_ng_camera_1_129.png,1,0,0,0,0,train
shrinkage_top_side_ng_camera_1_13,images/shrinkage_top_side_ng/shrinkage_top_side_ng_camera_1_13.png,1,0,0,0,0,train
shrinkage_top_side_ng_camera_1_130,images/shrinkage_top_side_ng/shrinkage_top_side_ng_camera_1_130.png,1,0,0,0,0,test
shrinkage_top_side_ng_camera_1_131,images/shrinkage_top_side_ng/shrinkage_top_side_ng_camera_1_131.png,1,0,0,0,0,train
shrinkage_top_side_ng_camera_1_132,images/shrinkage_top_side_ng/shrinkage_top_side_ng_camera_1_132.png,1,0,0,0,0,train
shrinkage_top_side_ng_camera_1_133,images/shrinkage_top_side_ng/shrinkage_top_side_ng_camera_1_133.png,1,0,0,0,0,train
shrinkage_top_side_ng_camera_1_134,images/shrinkage_top_side_ng/shrinkage_top_side_ng_camera_1_134.png,1,0,0,0,0,train
shrinkage_top_side_ng_camera_1_135,images/shrinkage_top_side_ng/shrinkage_top_side_ng_camera_1_135.png,1,0,0,0,0,train
shrinkage_top_side_ng_camera_1_136,images/shrinkage_top_side_ng/shrinkage_top_side_ng_camera_1_136.png,1,0,0,0,0,train
shrinkage_top_side_ng_camera_1_137,images/shrinkage_top_side_ng/shrinkage_top_side_ng_camera_1_137.png,1,0,0,0,0,train
shrinkage_top_side_ng_camera_1_138,images/shrinkage_top_side_ng/shrinkage_top_side_ng_camera_1_138.png,1,0,0,0,0,train
shrinkage_top_side_ng_camera_1_139,images/shrinkage_top_side_ng/shrinkage_top_side_ng_camera_1_139.png,1,0,0,0,0,val
shrinkage_top_side_ng_camera_1_14,images/shrinkage_top_side_ng/shrinkage_top_side_ng_camera_1_14.png,1,0,0,0,0,train
shrinkage_top_side_ng_camera_1_140,images/shrinkage_top_side_ng/shrinkage_top_side_ng_camera_1_140.png,1,0,0,0,0,train
shrinkage_top_side_ng_camera_1_141,images/shrinkage_top_side_ng/shrinkage_top_side_ng_camera_1_141.png,1,0,0,0,0,train
shrinkage_top_side_ng_camera_1_142,images/shrinkage_top_side_ng/shrinkage_top_side_ng_camera_1_142.png,1,0,0,0,0,test
shrinkage_top_side_ng_camera_1_143,images/shrinkage_top_side_ng/shrinkage_top_side_ng_camera_1_143.png,1,0,0,0,0,train
shrinkage_top_side_ng_camera_1_144,images/shrinkage_top_side_ng/shrinkage_top_side_ng_camera_1_144.png,1,0,0,0,0,train
shrinkage_top_side_ng_camera_1_145,images/shrinkage_top_side_ng/shrinkage_top_side_ng_camera_1_145.png,1,0,0,0,0,train
shrinkage_top_side_ng_camera_1_146,images/shrinkage_top_side_ng/shrinkage_top_side_ng_camera_1_146.png,1,0,0,0,0,train
shrinkage_top_side_ng_camera_1_147,images/shrinkage_top_side_ng/shrinkage_top_side_ng_camera_1_147.png,1,0,0,0,0,train
shrinkage_top_side_ng_camera_1_148,images/shrinkage_top_side_ng/shrinkage_top_side_ng_camera_1_148.png,1,0,0,0,0,val
shrinkage_top_side_ng_camera_1_149,images/shrinkage_top_side_ng/shrinkage_top_side_ng_camera_1_149.png,1,0,0,0,0,val
shrinkage_top_side_ng_camera_1_15,images/shrinkage_top_side_ng/shrinkage_top_side_ng_camera_1_15.png,1,0,0,0,0,train
shrinkage_top_side_ng_camera_1_150,images/shrinkage_top_side_ng/shrinkage_top_side_ng_camera_1_150.png,1,0,0,0,0,train
shrinkage_top_side_ng_camera_1_151,images/shrinkage_top_side_ng/shrinkage_top_side_ng_camera_1_151.png,1,0,0,0,0,test
shrinkage_top_side_ng_camera_1_152,images/shrinkage_top_side_ng/shrinkage_top_side_ng_camera_1_152.png,1,0,0,0,0,train
shrinkage_top_side_ng_camera_1_153,images/shrinkage_top_side_ng/shrinkage_top_side_ng_camera_1_153.png,1,0,0,0,0,train
shrinkage_top_side_ng_camera_1_154,images/shrinkage_top_side_ng/shrinkage_top_side_ng_camera_1_154.png,1,0,0,0,0,val
shrinkage_top_side_ng_camera_1_155,images/shrinkage_top_side_ng/shrinkage_top_side_ng_camera_1_155.png,1,0,0,0,0,train
shrinkage_top_side_ng_camera_1_156,images/shrinkage_top_side_ng/shrinkage_top_side_ng_camera_1_156.png,1,0,0,0,0,train
shrinkage_top_side_ng_camera_1_157,images/shrinkage_top_side_ng/shrinkage_top_side_ng_camera_1_157.png,1,0,0,0,0,test
shrinkage_top_side_ng_camera_1_158,images/shrinkage_top_side_ng/shrinkage_top_side_ng_camera_1_158.png,1,0,0,0,0,train
shrinkage_top_side_ng_camera_1_159,images/shrinkage_top_side_ng/shrinkage_top_side_ng_camera_1_159.png,1,0,0,0,0,train
shrinkage_top_side_ng_camera_1_16,images/shrinkage_top_side_ng/shrinkage_top_side_ng_camera_1_16.png,1,0,0,0,0,val
shrinkage_top_side_ng_camera_1_160,images/shrinkage_top_side_ng/shrinkage_top_side_ng_camera_1_160.png,1,0,0,0,0,train
shrinkage_top_side_ng_camera_1_161,images/shrinkage_top_side_ng/shrinkage_top_side_ng_camera_1_161.png,1,0,0,0,0,train
shrinkage_top_side_ng_camera_1_162,images/shrinkage_top_side_ng/shrinkage_top_side_ng_camera_1_162.png,1,0,0,0,0,train
shrinkage_top_side_ng_camera_1_163,images/shrinkage_top_side_ng/shrinkage_top_side_ng_camera_1_163.png,1,0,0,0,0,val
shrinkage_top_side_ng_camera_1_164,images/shrinkage_top_side_ng/shrinkage_top_side_ng_camera_1_164.png,1,0,0,0,0,test
shrinkage_top_side_ng_camera_1_165,images/shrinkage_top_side_ng/shrinkage_top_side_ng_camera_1_165.png,1,0,0,0,0,val
shrinkage_top_side_ng_camera_1_166,images/shrinkage_top_side_ng/shrinkage_top_side_ng_camera_1_166.png,1,0,0,0,0,train
shrinkage_top_side_ng_camera_1_167,images/shrinkage_top_side_ng/shrinkage_top_side_ng_camera_1_167.png,1,0,0,0,0,train
shrinkage_top_side_ng_camera_1_168,images/shrinkage_top_side_ng/shrinkage_top_side_ng_camera_1_168.png,1,0,0,0,0,train
shrinkage_top_side_ng_camera_1_169,images/shrinkage_top_side_ng/shrinkage_top_side_ng_camera_1_169.png,1,0,0,0,0,train
shrinkage_top_side_ng_camera_1_17,images/shrinkage_top_side_ng/shrinkage_top_side_ng_camera_1_17.png,1,0,0,0,0,train
shrinkage_top_side_ng_camera_1_170,images/shrinkage_top_side_ng/shrinkage_top_side_ng_camera_1_170.png,1,0,0,0,0,test
shrinkage_top_side_ng_camera_1_171,images/shrinkage_top_side_ng/shrinkage_top_side_ng_camera_1_171.png,1,0,0,0,0,train
shrinkage_top_side_ng_camera_1_172,images/shrinkage_top_side_ng/shrinkage_top_side_ng_camera_1_172.png,1,0,0,0,0,train
shrinkage_top_side_ng_camera_1_174,images/shrinkage_top_side_ng/shrinkage_top_side_ng_camera_1_174.png,1,0,0,0,0,train
shrinkage_top_side_ng_camera_1_175,images/shrinkage_top_side_ng/shrinkage_top_side_ng_camera_1_175.png,1,0,0,0,0,train
shrinkage_top_side_ng_camera_1_176,images/shrinkage_top_side_ng/shrinkage_top_side_ng_camera_1_176.png,1,0,0,0,0,train
shrinkage_top_side_ng_camera_1_177,images/shrinkage_top_side_ng/shrinkage_top_side_ng_camera_1_177.png,1,0,0,0,0,train
shrinkage_top_side_ng_camera_1_178,images/shrinkage_top_side_ng/shrinkage_top_side_ng_camera_1_178.png,1,0,0,0,0,train
shrinkage_top_side_ng_camera_1_179,images/shrinkage_top_side_ng/shrinkage_top_side_ng_camera_1_179.png,1,0,0,0,0,test
shrinkage_top_side_ng_camera_1_18,images/shrinkage_top_side_ng/shrinkage_top_side_ng_camera_1_18.png,1,0,0,0,0,train
shrinkage_top_side_ng_camera_1_180,images/shrinkage_top_side_ng/shrinkage_top_side_ng_camera_1_180.png,1,0,0,0,0,train
shrinkage_top_side_ng_camera_1_181,images/shrinkage_top_side_ng/shrinkage_top_side_ng_camera_1_181.png,1,0,0,0,0,train
shrinkage_top_side_ng_camera_1_182,images/shrinkage_top_side_ng/shrinkage_top_side_ng_camera_1_182.png,1,0,0,0,0,train
shrinkage_top_side_ng_camera_1_183,images/shrinkage_top_side_ng/shrinkage_top_side_ng_camera_1_183.png,1,0,0,0,0,train
shrinkage_top_side_ng_camera_1_184,images/shrinkage_top_side_ng/shrinkage_top_side_ng_camera_1_184.png,1,0,0,0,0,train
shrinkage_top_side_ng_camera_1_185,images/shrinkage_top_side_ng/shrinkage_top_side_ng_camera_1_185.png,1,0,0,0,0,test
shrinkage_top_side_ng_camera_1_186,images/shrinkage_top_side_ng/shrinkage_top_side_ng_camera_1_186.png,1,0,0,0,0,val
shrinkage_top_side_ng_camera_1_187,images/shrinkage_top_side_ng/shrinkage_top_side_ng_camera_1_187.png,1,0,0,0,0,train
shrinkage_top_side_ng_camera_1_188,images/shrinkage_top_side_ng/shrinkage_top_side_ng_camera_1_188.png,1,0,0,0,0,train
shrinkage_top_side_ng_camera_1_189,images/shrinkage_top_side_ng/shrinkage_top_side_ng_camera_1_189.png,1,0,0,0,0,train
shrinkage_top_side_ng_camera_1_19,images/shrinkage_top_side_ng/shrinkage_top_side_ng_camera_1_19.png,1,0,0,0,0,train
shrinkage_top_side_ng_camera_1_190,images/shrinkage_top_side_ng/shrinkage_top_side_ng_camera_1_190.png,1,0,0,0,0,val
shrinkage_top_side_ng_camera_1_191,images/shrinkage_top_side_ng/shrinkage_top_side_ng_camera_1_191.png,1,0,0,0,0,train
shrinkage_top_side_ng_camera_1_192,images/shrinkage_top_side_ng/shrinkage_top_side_ng_camera_1_192.png,1,0,0,0,0,test
shrinkage_top_side_ng_camera_1_193,images/shrinkage_top_side_ng/shrinkage_top_side_ng_camera_1_193.png,1,0,0,0,0,train
shrinkage_top_side_ng_camera_1_194,images/shrinkage_top_side_ng/shrinkage_top_side_ng_camera_1_194.png,1,0,0,0,0,val
shrinkage_top_side_ng_camera_1_195,images/shrinkage_top_side_ng/shrinkage_top_side_ng_camera_1_195.png,1,0,0,0,0,train
shrinkage_top_side_ng_camera_1_196,images/shrinkage_top_side_ng/shrinkage_top_side_ng_camera_1_196.png,1,0,0,0,0,train
shrinkage_top_side_ng_camera_1_197,images/shrinkage_top_side_ng/shrinkage_top_side_ng_camera_1_197.png,1,0,0,0,0,train
shrinkage_top_side_ng_camera_1_198,images/shrinkage_top_side_ng/shrinkage_top_side_ng_camera_1_198.png,1,0,0,0,0,train
shrinkage_top_side_ng_camera_1_199,images/shrinkage_top_side_ng/shrinkage_top_side_ng_camera_1_199.png,1,0,0,0,0,test
shrinkage_top_side_ng_camera_1_2,images/shrinkage_top_side_ng/shrinkage_top_side_ng_camera_1_2.png,1,0,0,0,0,test
shrinkage_top_side_ng_camera_1_20,images/shrinkage_top_side_ng/shrinkage_top_side_ng_camera_1_20.png,1,0,0,0,0,val
shrinkage_top_side_ng_camera_1_200,images/shrinkage_top_side_ng/shrinkage_top_side_ng_camera_1_200.png,1,0,0,0,0,train
shrinkage_top_side_ng_camera_1_201,images/shrinkage_top_side_ng/shrinkage_top_side_ng_camera_1_201.png,1,0,0,0,0,val
shrinkage_top_side_ng_camera_1_202,images/shrinkage_top_side_ng/shrinkage_top_side_ng_camera_1_202.png,1,0,0,0,0,train
shrinkage_top_side_ng_camera_1_203,images/shrinkage_top_side_ng/shrinkage_top_side_ng_camera_1_203.png,1,0,0,0,0,train
shrinkage_top_side_ng_camera_1_204,images/shrinkage_top_side_ng/shrinkage_top_side_ng_camera_1_204.png,1,0,0,0,0,train
shrinkage_top_side_ng_camera_1_21,images/shrinkage_top_side_ng/shrinkage_top_side_ng_camera_1_21.png,1,0,0,0,0,test
shrinkage_top_side_ng_camera_1_22,images/shrinkage_top_side_ng/shrinkage_top_side_ng_camera_1_22.png,1,0,0,0,0,train
shrinkage_top_side_ng_camera_1_23,images/shrinkage_top_side_ng/shrinkage_top_side_ng_camera_1_23.png,1,0,0,0,0,test
shrinkage_top_side_ng_camera_1_24,images/shrinkage_top_side_ng/shrinkage_top_side_ng_camera_1_24.png,1,0,0,0,0,val
shrinkage_top_side_ng_camera_1_25,images/shrinkage_top_side_ng/shrinkage_top_side_ng_camera_1_25.png,1,0,0,0,0,train
shrinkage_top_side_ng_camera_1_26,images/shrinkage_top_side_ng/shrinkage_top_side_ng_camera_1_26.png,1,0,0,0,0,val
shrinkage_top_side_ng_camera_1_27,images/shrinkage_top_side_ng/shrinkage_top_side_ng_camera_1_27.png,1,0,0,0,0,train
shrinkage_top_side_ng_camera_1_28,images/shrinkage_top_side_ng/shrinkage_top_side_ng_camera_1_28.png,1,0,0,0,0,train
shrinkage_top_side_ng_camera_1_29,images/shrinkage_top_side_ng/shrinkage_top_side_ng_camera_1_29.png,1,0,0,0,0,train
shrinkage_top_side_ng_camera_1_3,images/shrinkage_top_side_ng/shrinkage_top_side_ng_camera_1_3.png,1,0,0,0,0,train
shrinkage_top_side_ng_camera_1_30,images/shrinkage_top_side_ng/shrinkage_top_side_ng_camera_1_30.png,1,0,0,0,0,train
shrinkage_top_side_ng_camera_1_31,images/shrinkage_top_side_ng/shrinkage_top_side_ng_camera_1_31.png,1,0,0,0,0,train
shrinkage_top_side_ng_camera_1_32,images/shrinkage_top_side_ng/shrinkage_top_side_ng_camera_1_32.png,1,0,0,0,0,train
shrinkage_top_side_ng_camera_1_33,images/shrinkage_top_side_ng/shrinkage_top_side_ng_camera_1_33.png,1,0,0,0,0,train
shrinkage_top_side_ng_camera_1_34,images/shrinkage_top_side_ng/shrinkage_top_side_ng_camera_1_34.png,1,0,0,0,0,train
shrinkage_top_side_ng_camera_1_35,images/shrinkage_top_side_ng/shrinkage_top_side_ng_camera_1_35.png,1,0,0,0,0,train
shrinkage_top_side_ng_camera_1_36,images/shrinkage_top_side_ng/shrinkage_top_side_ng_camera_1_36.png,1,0,0,0,0,train
shrinkage_top_side_ng_camera_1_37,images/shrinkage_top_side_ng/shrinkage_top_side_ng_camera_1_37.png,1,0,0,0,0,train
shrinkage_top_side_ng_camera_1_38,images/shrinkage_top_side_ng/shrinkage_top_side_ng_camera_1_38.png,1,0,0,0,0,train
shrinkage_top_side_ng_camera_1_39,images/shrinkage_top_side_ng/shrinkage_top_side_ng_camera_1_39.png,1,0,0,0,0,train
shrinkage_top_side_ng_camera_1_4,images/shrinkage_top_side_ng/shrinkage_top_side_ng_camera_1_4.png,1,0,0,0,0,test
shrinkage_top_side_ng_camera_1_40,images/shrinkage_top_side_ng/shrinkage_top_side_ng_camera_1_40.png,1,0,0,0,0,train
shrinkage_top_side_ng_camera_1_41,images/shrinkage_top_side_ng/shrinkage_top_side_ng_camera_1_41.png,1,0,0,0,0,val
shrinkage_top_side_ng_camera_1_42,images/shrinkage_top_side_ng/shrinkage_top_side_ng_camera_1_42.png,1,0,0,0,0,val
shrinkage_top_side_ng_camera_1_43,images/shrinkage_top_side_ng/shrinkage_top_side_ng_camera_1_43.png,1,0,0,0,0,val
shrinkage_top_side_ng_camera_1_44,images/shrinkage_top_side_ng/shrinkage_top_side_ng_camera_1_44.png,1,0,0,0,0,train
shrinkage_top_side_ng_camera_1_45,images/shrinkage_top_side_ng/shrinkage_top_side_ng_camera_1_45.png,1,0,0,0,0,train
shrinkage_top_side_ng_camera_1_46,images/shrinkage_top_side_ng/shrinkage_top_side_ng_camera_1_46.png,1,0,0,0,0,train
shrinkage_top_side_ng_camera_1_47,images/shrinkage_top_side_ng/shrinkage_top_side_ng_camera_1_47.png,1,0,0,0,0,train
shrinkage_top_side_ng_camera_1_48,images/shrinkage_top_side_ng/shrinkage_top_side_ng_camera_1_48.png,1,0,0,0,0,train
shrinkage_top_side_ng_camera_1_49,images/shrinkage_top_side_ng/shrinkage_top_side_ng_camera_1_49.png,1,0,0,0,0,val
shrinkage_top_side_ng_camera_1_5,images/shrinkage_top_side_ng/shrinkage_top_side_ng_camera_1_5.png,1,0,0,0,0,train
shrinkage_top_side_ng_camera_1_50,images/shrinkage_top_side_ng/shrinkage_top_side_ng_camera_1_50.png,1,0,0,0,0,test
shrinkage_top_side_ng_camera_1_51,images/shrinkage_top_side_ng/shrinkage_top_side_ng_camera_1_51.png,1,0,0,0,0,train
shrinkage_top_side_ng_camera_1_52,images/shrinkage_top_side_ng/shrinkage_top_side_ng_camera_1_52.png,1,0,0,0,0,val
shrinkage_top_side_ng_camera_1_53,images/shrinkage_top_side_ng/shrinkage_top_side_ng_camera_1_53.png,1,0,0,0,0,train
shrinkage_top_side_ng_camera_1_54,images/shrinkage_top_side_ng/shrinkage_top_side_ng_camera_1_54.png,1,0,0,0,0,train
shrinkage_top_side_ng_camera_1_55,images/shrinkage_top_side_ng/shrinkage_top_side_ng_camera_1_55.png,1,0,0,0,0,train
shrinkage_top_side_ng_camera_1_56,images/shrinkage_top_side_ng/shrinkage_top_side_ng_camera_1_56.png,1,0,0,0,0,train
shrinkage_top_side_ng_camera_1_57,images/shrinkage_top_side_ng/shrinkage_top_side_ng_camera_1_57.png,1,0,0,0,0,val
shrinkage_top_side_ng_camera_1_58,images/shrinkage_top_side_ng/shrinkage_top_side_ng_camera_1_58.png,1,0,0,0,0,train
shrinkage_top_side_ng_camera_1_59,images/shrinkage_top_side_ng/shrinkage_top_side_ng_camera_1_59.png,1,0,0,0,0,val
shrinkage_top_side_ng_camera_1_6,images/shrinkage_top_side_ng/shrinkage_top_side_ng_camera_1_6.png,1,0,0,0,0,train
shrinkage_top_side_ng_camera_1_60,images/shrinkage_top_side_ng/shrinkage_top_side_ng_camera_1_60.png,1,0,0,0,0,train
shrinkage_top_side_ng_camera_1_61,images/shrinkage_top_side_ng/shrinkage_top_side_ng_camera_1_61.png,1,0,0,0,0,train
shrinkage_top_side_ng_camera_1_62,images/shrinkage_top_side_ng/shrinkage_top_side_ng_camera_1_62.png,1,0,0,0,0,train
shrinkage_top_side_ng_camera_1_63,images/shrinkage_top_side_ng/shrinkage_top_side_ng_camera_1_63.png,1,0,0,0,0,train
shrinkage_top_side_ng_camera_1_64,images/shrinkage_top_side_ng/shrinkage_top_side_ng_camera_1_64.png,1,0,0,0,0,val
shrinkage_top_side_ng_camera_1_65,images/shrinkage_top_side_ng/shrinkage_top_side_ng_camera_1_65.png,1,0,0,0,0,val
shrinkage_top_side_ng_camera_1_66,images/shrinkage_top_side_ng/shrinkage_top_side_ng_camera_1_66.png,1,0,0,0,0,train
shrinkage_top_side_ng_camera_1_67,images/shrinkage_top_side_ng/shrinkage_top_side_ng_camera_1_67.png,1,0,0,0,0,val
shrinkage_top_side_ng_camera_1_68,images/shrinkage_top_side_ng/shrinkage_top_side_ng_camera_1_68.png,1,0,0,0,0,val
shrinkage_top_side_ng_camera_1_69,images/shrinkage_top_side_ng/shrinkage_top_side_ng_camera_1_69.png,1,0,0,0,0,val
shrinkage_top_side_ng_camera_1_7,images/shrinkage_top_side_ng/shrinkage_top_side_ng_camera_1_7.png,1,0,0,0,0,val
shrinkage_top_side_ng_camera_1_70,images/shrinkage_top_side_ng/shrinkage_top_side_ng_camera_1_70.png,1,0,0,0,0,train
shrinkage_top_side_ng_camera_1_71,images/shrinkage_top_side_ng/shrinkage_top_side_ng_camera_1_71.png,1,0,0,0,0,train
shrinkage_top_side_ng_camera_1_72,images/shrinkage_top_side_ng/shrinkage_top_side_ng_camera_1_72.png,1,0,0,0,0,val
shrinkage_top_side_ng_camera_1_73,images/shrinkage_top_side_ng/shrinkage_top_side_ng_camera_1_73.png,1,0,0,0,0,test
shrinkage_top_side_ng_camera_1_74,images/shrinkage_top_side_ng/shrinkage_top_side_ng_camera_1_74.png,1,0,0,0,0,train
shrinkage_top_side_ng_camera_1_75,images/shrinkage_top_side_ng/shrinkage_top_side_ng_camera_1_75.png,1,0,0,0,0,test
shrinkage_top_side_ng_camera_1_76,images/shrinkage_top_side_ng/shrinkage_top_side_ng_camera_1_76.png,1,0,0,0,0,train
shrinkage_top_side_ng_camera_1_77,images/shrinkage_top_side_ng/shrinkage_top_side_ng_camera_1_77.png,1,0,0,0,0,train
shrinkage_top_side_ng_camera_1_78,images/shrinkage_top_side_ng/shrinkage_top_side_ng_camera_1_78.png,1,0,0,0,0,train
shrinkage_top_side_ng_camera_1_79,images/shrinkage_top_side_ng/shrinkage_top_side_ng_camera_1_79.png,1,0,0,0,0,train
shrinkage_top_side_ng_camera_1_8,images/shrinkage_top_side_ng/shrinkage_top_side_ng_camera_1_8.png,1,0,0,0,0,train
shrinkage_top_side_ng_camera_1_80,images/shrinkage_top_side_ng/shrinkage_top_side_ng_camera_1_80.png,1,0,0,0,0,train
shrinkage_top_side_ng_camera_1_81,images/shrinkage_top_side_ng/shrinkage_top_side_ng_camera_1_81.png,1,0,0,0,0,train
shrinkage_top_side_ng_camera_1_82,images/shrinkage_top_side_ng/shrinkage_top_side_ng_camera_1_82.png,1,0,0,0,0,train
shrinkage_top_side_ng_camera_1_83,images/shrinkage_top_side_ng/shrinkage_top_side_ng_camera_1_83.png,1,0,0,0,0,train
shrinkage_top_side_ng_camera_1_84,images/shrinkage_top_side_ng/shrinkage_top_side_ng_camera_1_84.png,1,0,0,0,0,train
shrinkage_top_side_ng_camera_1_85,images/shrinkage_top_side_ng/shrinkage_top_side_ng_camera_1_85.png,1,0,0,0,0,train
shrinkage_top_side_ng_camera_1_86,images/shrinkage_top_side_ng/shrinkage_top_side_ng_camera_1_86.png,1,0,0,0,0,train
shrinkage_top_side_ng_camera_1_87,images/shrinkage_top_side_ng/shrinkage_top_side_ng_camera_1_87.png,1,0,0,0,0,val
shrinkage_top_side_ng_camera_1_88,images/shrinkage_top_side_ng/shrinkage_top_side_ng_camera_1_88.png,1,0,0,0,0,train
shrinkage_top_side_ng_camera_1_89,images/shrinkage_top_side_ng/shrinkage_top_side_ng_camera_1_89.png,1,0,0,0,0,train
shrinkage_top_side_ng_camera_1_90,images/shrinkage_top_side_ng/shrinkage_top_side_ng_camera_1_90.png,1,0,0,0,0,train
shrinkage_top_side_ng_camera_1_91,images/shrinkage_top_side_ng/shrinkage_top_side_ng_camera_1_91.png,1,0,0,0,0,train
shrinkage_top_side_ng_camera_1_92,images/shrinkage_top_side_ng/shrinkage_top_side_ng_camera_1_92.png,1,0,0,0,0,train
shrinkage_top_side_ng_camera_1_93,images/shrinkage_top_side_ng/shrinkage_top_side_ng_camera_1_93.png,1,0,0,0,0,train
shrinkage_top_side_ng_camera_1_94,images/shrinkage_top_side_ng/shrinkage_top_side_ng_camera_1_94.png,1,0,0,0,0,train
shrinkage_top_side_ng_camera_1_95,images/shrinkage_top_side_ng/shrinkage_top_side_ng_camera_1_95.png,1,0,0,0,0,train
shrinkage_top_side_ng_camera_1_96,images/shrinkage_top_side_ng/shrinkage_top_side_ng_camera_1_96.png,1,0,0,0,0,train
shrinkage_top_side_ng_camera_1_97,images/shrinkage_top_side_ng/shrinkage_top_side_ng_camera_1_97.png,1,0,0,0,0,val
shrinkage_top_side_ng_camera_1_98,images/shrinkage_top_side_ng/shrinkage_top_side_ng_camera_1_98.png,1,0,0,0,0,train
shrinkage_top_side_ng_camera_1_99,images/shrinkage_top_side_ng/shrinkage_top_side_ng_camera_1_99.png,1,0,0,0,0,train
shrinkage_top_side_ng_camera_2_101,images/shrinkage_top_side_ng/shrinkage_top_side_ng_camera_2_101.png,1,0,0,0,0,train
shrinkage_top_side_ng_camera_2_102,images/shrinkage_top_side_ng/shrinkage_top_side_ng_camera_2_102.png,1,0,0,0,0,train
shrinkage_top_side_ng_camera_2_11,images/shrinkage_top_side_ng/shrinkage_top_side_ng_camera_2_11.png,1,0,0,0,0,val
shrinkage_top_side_ng_camera_2_114,images/shrinkage_top_side_ng/shrinkage_top_side_ng_camera_2_114.png,1,0,0,0,0,test
shrinkage_top_side_ng_camera_2_116,images/shrinkage_top_side_ng/shrinkage_top_side_ng_camera_2_116.png,1,0,0,0,0,train
shrinkage_top_side_ng_camera_2_12,images/shrinkage_top_side_ng/shrinkage_top_side_ng_camera_2_12.png,1,0,0,0,0,train
shrinkage_top_side_ng_camera_2_120,images/shrinkage_top_side_ng/shrinkage_top_side_ng_camera_2_120.png,1,0,0,0,0,train
shrinkage_top_side_ng_camera_2_121,images/shrinkage_top_side_ng/shrinkage_top_side_ng_camera_2_121.png,1,0,0,0,0,val
shrinkage_top_side_ng_camera_2_123,images/shrinkage_top_side_ng/shrinkage_top_side_ng_camera_2_123.png,1,0,0,0,0,train
shrinkage_top_side_ng_camera_2_128,images/shrinkage_top_side_ng/shrinkage_top_side_ng_camera_2_128.png,1,0,0,0,0,train
shrinkage_top_side_ng_camera_2_134,images/shrinkage_top_side_ng/shrinkage_top_side_ng_camera_2_134.png,1,0,0,0,0,train
shrinkage_top_side_ng_camera_2_139,images/shrinkage_top_side_ng/shrinkage_top_side_ng_camera_2_139.png,1,0,0,0,0,test
shrinkage_top_side_ng_camera_2_142,images/shrinkage_top_side_ng/shrinkage_top_side_ng_camera_2_142.png,1,0,0,0,0,train
shrinkage_top_side_ng_camera_2_144,images/shrinkage_top_side_ng/shrinkage_top_side_ng_camera_2_144.png,1,0,0,0,0,train
shrinkage_top_side_ng_camera_2_150,images/shrinkage_top_side_ng/shrinkage_top_side_ng_camera_2_150.png,1,0,0,0,0,val
shrinkage_top_side_ng_camera_2_152,images/shrinkage_top_side_ng/shrinkage_top_side_ng_camera_2_152.png,1,0,0,0,0,train
shrinkage_top_side_ng_camera_2_155,images/shrinkage_top_side_ng/shrinkage_top_side_ng_camera_2_155.png,1,0,0,0,0,train
shrinkage_top_side_ng_camera_2_157,images/shrinkage_top_side_ng/shrinkage_top_side_ng_camera_2_157.png,1,0,0,0,0,train
shrinkage_top_side_ng_camera_2_163,images/shrinkage_top_side_ng/shrinkage_top_side_ng_camera_2_163.png,1,0,0,0,0,train
shrinkage_top_side_ng_camera_2_164,images/shrinkage_top_side_ng/shrinkage_top_side_ng_camera_2_164.png,1,0,0,0,0,train
shrinkage_top_side_ng_camera_2_171,images/shrinkage_top_side_ng/shrinkage_top_side_ng_camera_2_171.png,1,0,0,0,0,train
shrinkage_top_side_ng_camera_2_172,images/shrinkage_top_side_ng/shrinkage_top_side_ng_camera_2_172.png,1,0,0,0,0,test
shrinkage_top_side_ng_camera_2_173,images/shrinkage_top_side_ng/shrinkage_top_side_ng_camera_2_173.png,1,0,0,0,0,val
shrinkage_top_side_ng_camera_2_18,images/shrinkage_top_side_ng/shrinkage_top_side_ng_camera_2_18.png,1,0,0,0,0,train
shrinkage_top_side_ng_camera_2_180,images/shrinkage_top_side_ng/shrinkage_top_side_ng_camera_2_180.png,1,0,0,0,0,train
shrinkage_top_side_ng_camera_2_187,images/shrinkage_top_side_ng/shrinkage_top_side_ng_camera_2_187.png,1,0,0,0,0,train
shrinkage_top_side_ng_camera_2_188,images/shrinkage_top_side_ng/shrinkage_top_side_ng_camera_2_188.png,1,0,0,0,0,test
shrinkage_top_side_ng_camera_2_190,images/shrinkage_top_side_ng/shrinkage_top_side_ng_camera_2_190.png,1,0,0,0,0,train
shrinkage_top_side_ng_camera_2_197,images/shrinkage_top_side_ng/shrinkage_top_side_ng_camera_2_197.png,1,0,0,0,0,train
shrinkage_top_side_ng_camera_2_199,images/shrinkage_top_side_ng/shrinkage_top_side_ng_camera_2_199.png,1,0,0,0,0,train
shrinkage_top_side_ng_camera_2_200,images/shrinkage_top_side_ng/shrinkage_top_side_ng_camera_2_200.png,1,0,0,0,0,train
shrinkage_top_side_ng_camera_2_201,images/shrinkage_top_side_ng/shrinkage_top_side_ng_camera_2_201.png,1,0,0,0,0,train
shrinkage_top_side_ng_camera_2_204,images/shrinkage_top_side_ng/shrinkage_top_side_ng_camera_2_204.png,1,0,0,0,0,val
shrinkage_top_side_ng_camera_2_27,images/shrinkage_top_side_ng/shrinkage_top_side_ng_camera_2_27.png,1,0,0,0,0,test
shrinkage_top_side_ng_camera_2_31,images/shrinkage_top_side_ng/shrinkage_top_side_ng_camera_2_31.png,1,0,0,0,0,test
shrinkage_top_side_ng_camera_2_42,images/shrinkage_top_side_ng/shrinkage_top_side_ng_camera_2_42.png,1,0,0,0,0,train
shrinkage_top_side_ng_camera_2_44,images/shrinkage_top_side_ng/shrinkage_top_side_ng_camera_2_44.png,1,0,0,0,0,train
shrinkage_top_side_ng_camera_2_46,images/shrinkage_top_side_ng/shrinkage_top_side_ng_camera_2_46.png,1,0,0,0,0,train
shrinkage_top_side_ng_camera_2_47,images/shrinkage_top_side_ng/shrinkage_top_side_ng_camera_2_47.png,1,0,0,0,0,train
shrinkage_top_side_ng_camera_2_5,images/shrinkage_top_side_ng/shrinkage_top_side_ng_camera_2_5.png,1,0,0,0,0,train
shrinkage_top_side_ng_camera_2_55,images/shrinkage_top_side_ng/shrinkage_top_side_ng_camera_2_55.png,1,0,0,0,0,test
shrinkage_top_side_ng_camera_2_58,images/shrinkage_top_side_ng/shrinkage_top_side_ng_camera_2_58.png,1,0,0,0,0,train
shrinkage_top_side_ng_camera_2_64,images/shrinkage_top_side_ng/shrinkage_top_side_ng_camera_2_64.png,1,0,0,0,0,train
shrinkage_top_side_ng_camera_2_68,images/shrinkage_top_side_ng/shrinkage_top_side_ng_camera_2_68.png,1,0,0,0,0,val
shrinkage_top_side_ng_camera_2_69,images/shrinkage_top_side_ng/shrinkage_top_side_ng_camera_2_69.png,1,0,0,0,0,train
shrinkage_top_side_ng_camera_2_70,images/shrinkage_top_side_ng/shrinkage_top_side_ng_camera_2_70.png,1,0,0,0,0,train
shrinkage_top_side_ng_camera_2_76,images/shrinkage_top_side_ng/shrinkage_top_side_ng_camera_2_76.png,1,0,0,0,0,val
shrinkage_top_side_ng_camera_2_79,images/shrinkage_top_side_ng/shrinkage_top_side_ng_camera_2_79.png,1,0,0,0,0,val
shrinkage_top_side_ng_camera_2_8,images/shrinkage_top_side_ng/shrinkage_top_side_ng_camera_2_8.png,1,0,0,0,0,train
shrinkage_top_side_ng_camera_2_80,images/shrinkage_top_side_ng/shrinkage_top_side_ng_camera_2_80.png,1,0,0,0,0,train
shrinkage_top_side_ng_camera_2_85,images/shrinkage_top_side_ng/shrinkage_top_side_ng_camera_2_85.png,1,0,0,0,0,train
shrinkage_top_side_ng_camera_2_88,images/shrinkage_top_side_ng/shrinkage_top_side_ng_camera_2_88.png,1,0,0,0,0,train
shrinkage_top_side_ng_camera_2_98,images/shrinkage_top_side_ng/shrinkage_top_side_ng_camera_2_98.png,1,0,0,0,0,train
shrinkage_top_side_ng_camera_2_99,images/shrinkage_top_side_ng/shrinkage_top_side_ng_camera_2_99.png,1,0,0,0,0,train
shrinkage_top_side_ng_camera_3_1,images/shrinkage_top_side_ng/shrinkage_top_side_ng_camera_3_1.png,1,0,0,0,0,train
shrinkage_top_side_ng_camera_3_103,images/shrinkage_top_side_ng/shrinkage_top_side_ng_camera_3_103.png,1,0,0,0,0,test
shrinkage_top_side_ng_camera_3_110,images/shrinkage_top_side_ng/shrinkage_top_side_ng_camera_3_110.png,1,0,0,0,0,val
shrinkage_top_side_ng_camera_3_113,images/shrinkage_top_side_ng/shrinkage_top_side_ng_camera_3_113.png,1,0,0,0,0,val
shrinkage_top_side_ng_camera_3_118,images/shrinkage_top_side_ng/shrinkage_top_side_ng_camera_3_118.png,1,0,0,0,0,train
shrinkage_top_side_ng_camera_3_119,images/shrinkage_top_side_ng/shrinkage_top_side_ng_camera_3_119.png,1,0,0,0,0,train
shrinkage_top_side_ng_camera_3_124,images/shrinkage_top_side_ng/shrinkage_top_side_ng_camera_3_124.png,1,0,0,0,0,train
shrinkage_top_side_ng_camera_3_126,images/shrinkage_top_side_ng/shrinkage_top_side_ng_camera_3_126.png,1,0,0,0,0,train
shrinkage_top_side_ng_camera_3_136,images/shrinkage_top_side_ng/shrinkage_top_side_ng_camera_3_136.png,1,0,0,0,0,test
shrinkage_top_side_ng_camera_3_137,images/shrinkage_top_side_ng/shrinkage_top_side_ng_camera_3_137.png,1,0,0,0,0,test
shrinkage_top_side_ng_camera_3_138,images/shrinkage_top_side_ng/shrinkage_top_side_ng_camera_3_138.png,1,0,0,0,0,val
shrinkage_top_side_ng_camera_3_14,images/shrinkage_top_side_ng/shrinkage_top_side_ng_camera_3_14.png,1,0,0,0,0,val
shrinkage_top_side_ng_camera_3_143,images/shrinkage_top_side_ng/shrinkage_top_side_ng_camera_3_143.png,1,0,0,0,0,train
shrinkage_top_side_ng_camera_3_146,images/shrinkage_top_side_ng/shrinkage_top_side_ng_camera_3_146.png,1,0,0,0,0,train
shrinkage_top_side_ng_camera_3_147,images/shrinkage_top_side_ng/shrinkage_top_side_ng_camera_3_147.png,1,0,0,0,0,train
shrinkage_top_side_ng_camera_3_15,images/shrinkage_top_side_ng/shrinkage_top_side_ng_camera_3_15.png,1,0,0,0,0,train
shrinkage_top_side_ng_camera_3_151,images/shrinkage_top_side_ng/shrinkage_top_side_ng_camera_3_151.png,1,0,0,0,0,train
shrinkage_top_side_ng_camera_3_153,images/shrinkage_top_side_ng/shrinkage_top_side_ng_camera_3_153.png,1,0,0,0,0,train
shrinkage_top_side_ng_camera_3_161,images/shrinkage_top_side_ng/shrinkage_top_side_ng_camera_3_161.png,1,0,0,0,0,test
shrinkage_top_side_ng_camera_3_166,images/shrinkage_top_side_ng/shrinkage_top_side_ng_camera_3_166.png,1,0,0,0,0,train
shrinkage_top_side_ng_camera_3_168,images/shrinkage_top_side_ng/shrinkage_top_side_ng_camera_3_168.png,1,0,0,0,0,val
shrinkage_top_side_ng_camera_3_175,images/shrinkage_top_side_ng/shrinkage_top_side_ng_camera_3_175.png,1,0,0,0,0,train
shrinkage_top_side_ng_camera_3_177,images/shrinkage_top_side_ng/shrinkage_top_side_ng_camera_3_177.png,1,0,0,0,0,train
shrinkage_top_side_ng_camera_3_182,images/shrinkage_top_side_ng/shrinkage_top_side_ng_camera_3_182.png,1,0,0,0,0,train
shrinkage_top_side_ng_camera_3_193,images/shrinkage_top_side_ng/shrinkage_top_side_ng_camera_3_193.png,1,0,0,0,0,train
shrinkage_top_side_ng_camera_3_198,images/shrinkage_top_side_ng/shrinkage_top_side_ng_camera_3_198.png,1,0,0,0,0,train
shrinkage_top_side_ng_camera_3_2,images/shrinkage_top_side_ng/shrinkage_top_side_ng_camera_3_2.png,1,0,0,0,0,val
shrinkage_top_side_ng_camera_3_21,images/shrinkage_top_side_ng/shrinkage_top_side_ng_camera_3_21.png,1,0,0,0,0,train
shrinkage_top_side_ng_camera_3_23,images/shrinkage_top_side_ng/shrinkage_top_side_ng_camera_3_23.png,1,0,0,0,0,val
shrinkage_top_side_ng_camera_3_24,images/shrinkage_top_side_ng/shrinkage_top_side_ng_camera_3_24.png,1,0,0,0,0,train
shrinkage_top_side_ng_camera_3_25,images/shrinkage_top_side_ng/shrinkage_top_side_ng_camera_3_25.png,1,0,0,0,0,train
shrinkage_top_side_ng_camera_3_26,images/shrinkage_top_side_ng/shrinkage_top_side_ng_camera_3_26.png,1,0,0,0,0,val
shrinkage_top_side_ng_camera_3_29,images/shrinkage_top_side_ng/shrinkage_top_side_ng_camera_3_29.png,1,0,0,0,0,val
shrinkage_top_side_ng_camera_3_30,images/shrinkage_top_side_ng/shrinkage_top_side_ng_camera_3_30.png,1,0,0,0,0,val
shrinkage_top_side_ng_camera_3_35,images/shrinkage_top_side_ng/shrinkage_top_side_ng_camera_3_35.png,1,0,0,0,0,train
shrinkage_top_side_ng_camera_3_37,images/shrinkage_top_side_ng/shrinkage_top_side_ng_camera_3_37.png,1,0,0,0,0,test
shrinkage_top_side_ng_camera_3_40,images/shrinkage_top_side_ng/shrinkage_top_side_ng_camera_3_40.png,1,0,0,0,0,train
shrinkage_top_side_ng_camera_3_59,images/shrinkage_top_side_ng/shrinkage_top_side_ng_camera_3_59.png,1,0,0,0,0,test
shrinkage_top_side_ng_camera_3_6,images/shrinkage_top_side_ng/shrinkage_top_side_ng_camera_3_6.png,1,0,0,0,0,train
shrinkage_top_side_ng_camera_3_71,images/shrinkage_top_side_ng/shrinkage_top_side_ng_camera_3_71.png,1,0,0,0,0,test
shrinkage_top_side_ng_camera_3_73,images/shrinkage_top_side_ng/shrinkage_top_side_ng_camera_3_73.png,1,0,0,0,0,train
shrinkage_top_side_ng_camera_3_77,images/shrinkage_top_side_ng/shrinkage_top_side_ng_camera_3_77.png,1,0,0,0,0,train
shrinkage_top_side_ng_camera_3_84,images/shrinkage_top_side_ng/shrinkage_top_side_ng_camera_3_84.png,1,0,0,0,0,train
shrinkage_top_side_ng_camera_3_87,images/shrinkage_top_side_ng/shrinkage_top_side_ng_camera_3_87.png,1,0,0,0,0,val
shrinkage_top_side_ng_camera_3_89,images/shrinkage_top_side_ng/shrinkage_top_side_ng_camera_3_89.png,1,0,0,0,0,train
shrinkage_top_side_ng_camera_3_9,images/shrinkage_top_side_ng/shrinkage_top_side_ng_camera_3_9.png,1,0,0,0,0,val
shrinkage_top_side_ng_camera_3_90,images/shrinkage_top_side_ng/shrinkage_top_side_ng_camera_3_90.png,1,0,0,0,0,train
shrinkage_top_side_ng_camera_4_10,images/shrinkage_top_side_ng/shrinkage_top_side_ng_camera_4_10.png,1,0,0,0,0,train
shrinkage_top_side_ng_camera_4_104,images/shrinkage_top_side_ng/shrinkage_top_side_ng_camera_4_104.png,1,0,0,0,0,train
shrinkage_top_side_ng_camera_4_109,images/shrinkage_top_side_ng/shrinkage_top_side_ng_camera_4_109.png,1,0,0,0,0,train
shrinkage_top_side_ng_camera_4_111,images/shrinkage_top_side_ng/shrinkage_top_side_ng_camera_4_111.png,1,0,0,0,0,val
shrinkage_top_side_ng_camera_4_112,images/shrinkage_top_side_ng/shrinkage_top_side_ng_camera_4_112.png,1,0,0,0,0,val
shrinkage_top_side_ng_camera_4_122,images/shrinkage_top_side_ng/shrinkage_top_side_ng_camera_4_122.png,1,0,0,0,0,train
shrinkage_top_side_ng_camera_4_129,images/shrinkage_top_side_ng/shrinkage_top_side_ng_camera_4_129.png,1,0,0,0,0,train
shrinkage_top_side_ng_camera_4_13,images/shrinkage_top_side_ng/shrinkage_top_side_ng_camera_4_13.png,1,0,0,0,0,train
shrinkage_top_side_ng_camera_4_131,images/shrinkage_top_side_ng/shrinkage_top_side_ng_camera_4_131.png,1,0,0,0,0,val
shrinkage_top_side_ng_camera_4_132,images/shrinkage_top_side_ng/shrinkage_top_side_ng_camera_4_132.png,1,0,0,0,0,train
shrinkage_top_side_ng_camera_4_133,images/shrinkage_top_side_ng/shrinkage_top_side_ng_camera_4_133.png,1,0,0,0,0,test
shrinkage_top_side_ng_camera_4_135,images/shrinkage_top_side_ng/shrinkage_top_side_ng_camera_4_135.png,1,0,0,0,0,train
shrinkage_top_side_ng_camera_4_148,images/shrinkage_top_side_ng/shrinkage_top_side_ng_camera_4_148.png,1,0,0,0,0,train
shrinkage_top_side_ng_camera_4_149,images/shrinkage_top_side_ng/shrinkage_top_side_ng_camera_4_149.png,1,0,0,0,0,val
shrinkage_top_side_ng_camera_4_156,images/shrinkage_top_side_ng/shrinkage_top_side_ng_camera_4_156.png,1,0,0,0,0,val
shrinkage_top_side_ng_camera_4_158,images/shrinkage_top_side_ng/shrinkage_top_side_ng_camera_4_158.png,1,0,0,0,0,val
shrinkage_top_side_ng_camera_4_16,images/shrinkage_top_side_ng/shrinkage_top_side_ng_camera_4_16.png,1,0,0,0,0,train
shrinkage_top_side_ng_camera_4_160,images/shrinkage_top_side_ng/shrinkage_top_side_ng_camera_4_160.png,1,0,0,0,0,train
shrinkage_top_side_ng_camera_4_162,images/shrinkage_top_side_ng/shrinkage_top_side_ng_camera_4_162.png,1,0,0,0,0,train
shrinkage_top_side_ng_camera_4_163,images/shrinkage_top_side_ng/shrinkage_top_side_ng_camera_4_163.png,1,0,0,0,0,train
shrinkage_top_side_ng_camera_4_165,images/shrinkage_top_side_ng/shrinkage_top_side_ng_camera_4_165.png,1,0,0,0,0,train
shrinkage_top_side_ng_camera_4_178,images/shrinkage_top_side_ng/shrinkage_top_side_ng_camera_4_178.png,1,0,0,0,0,test
shrinkage_top_side_ng_camera_4_179,images/shrinkage_top_side_ng/shrinkage_top_side_ng_camera_4_179.png,1,0,0,0,0,val
shrinkage_top_side_ng_camera_4_183,images/shrinkage_top_side_ng/shrinkage_top_side_ng_camera_4_183.png,1,0,0,0,0,train
shrinkage_top_side_ng_camera_4_184,images/shrinkage_top_side_ng/shrinkage_top_side_ng_camera_4_184.png,1,0,0,0,0,train
shrinkage_top_side_ng_camera_4_186,images/shrinkage_top_side_ng/shrinkage_top_side_ng_camera_4_186.png,1,0,0,0,0,train
shrinkage_top_side_ng_camera_4_19,images/shrinkage_top_side_ng/shrinkage_top_side_ng_camera_4_19.png,1,0,0,0,0,train
shrinkage_top_side_ng_camera_4_191,images/shrinkage_top_side_ng/shrinkage_top_side_ng_camera_4_191.png,1,0,0,0,0,train
shrinkage_top_side_ng_camera_4_192,images/shrinkage_top_side_ng/shrinkage_top_side_ng_camera_4_192.png,1,0,0,0,0,test
shrinkage_top_side_ng_camera_4_194,images/shrinkage_top_side_ng/shrinkage_top_side_ng_camera_4_194.png,1,0,0,0,0,train
shrinkage_top_side_ng_camera_4_20,images/shrinkage_top_side_ng/shrinkage_top_side_ng_camera_4_20.png,1,0,0,0,0,train
shrinkage_top_side_ng_camera_4_202,images/shrinkage_top_side_ng/shrinkage_top_side_ng_camera_4_202.png,1,0,0,0,0,train
shrinkage_top_side_ng_camera_4_203,images/shrinkage_top_side_ng/shrinkage_top_side_ng_camera_4_203.png,1,0,0,0,0,train
shrinkage_top_side_ng_camera_4_22,images/shrinkage_top_side_ng/shrinkage_top_side_ng_camera_4_22.png,1,0,0,0,0,train
shrinkage_top_side_ng_camera_4_38,images/shrinkage_top_side_ng/shrinkage_top_side_ng_camera_4_38.png,1,0,0,0,0,train
shrinkage_top_side_ng_camera_4_39,images/shrinkage_top_side_ng/shrinkage_top_side_ng_camera_4_39.png,1,0,0,0,0,train
shrinkage_top_side_ng_camera_4_4,images/shrinkage_top_side_ng/shrinkage_top_side_ng_camera_4_4.png,1,0,0,0,0,test
shrinkage_top_side_ng_camera_4_41,images/shrinkage_top_side_ng/shrinkage_top_side_ng_camera_4_41.png,1,0,0,0,0,train
shrinkage_top_side_ng_camera_4_48,images/shrinkage_top_side_ng/shrinkage_top_side_ng_camera_4_48.png,1,0,0,0,0,test
shrinkage_top_side_ng_camera_4_49,images/shrinkage_top_side_ng/shrinkage_top_side_ng_camera_4_49.png,1,0,0,0,0,train
shrinkage_top_side_ng_camera_4_50,images/shrinkage_top_side_ng/shrinkage_top_side_ng_camera_4_50.png,1,0,0,0,0,train
shrinkage_top_side_ng_camera_4_52,images/shrinkage_top_side_ng/shrinkage_top_side_ng_camera_4_52.png,1,0,0,0,0,train
shrinkage_top_side_ng_camera_4_54,images/shrinkage_top_side_ng/shrinkage_top_side_ng_camera_4_54.png,1,0,0,0,0,val
shrinkage_top_side_ng_camera_4_57,images/shrinkage_top_side_ng/shrinkage_top_side_ng_camera_4_57.png,1,0,0,0,0,train
shrinkage_top_side_ng_camera_4_60,images/shrinkage_top_side_ng/shrinkage_top_side_ng_camera_4_60.png,1,0,0,0,0,test
shrinkage_top_side_ng_camera_4_63,images/shrinkage_top_side_ng/shrinkage_top_side_ng_camera_4_63.png,1,0,0,0,0,train
shrinkage_top_side_ng_camera_4_65,images/shrinkage_top_side_ng/shrinkage_top_side_ng_camera_4_65.png,1,0,0,0,0,test
shrinkage_top_side_ng_camera_4_67,images/shrinkage_top_side_ng/shrinkage_top_side_ng_camera_4_67.png,1,0,0,0,0,val
shrinkage_top_side_ng_camera_4_72,images/shrinkage_top_side_ng/shrinkage_top_side_ng_camera_4_72.png,1,0,0,0,0,train
shrinkage_top_side_ng_camera_4_73,images/shrinkage_top_side_ng/shrinkage_top_side_ng_camera_4_73.png,1,0,0,0,0,train
shrinkage_top_side_ng_camera_4_81,images/shrinkage_top_side_ng/shrinkage_top_side_ng_camera_4_81.png,1,0,0,0,0,test
shrinkage_top_side_ng_camera_4_82,images/shrinkage_top_side_ng/shrinkage_top_side_ng_camera_4_82.png,1,0,0,0,0,val
shrinkage_top_side_ng_camera_4_86,images/shrinkage_top_side_ng/shrinkage_top_side_ng_camera_4_86.png,1,0,0,0,0,train
shrinkage_top_side_ng_camera_4_92,images/shrinkage_top_side_ng/shrinkage_top_side_ng_camera_4_92.png,1,0,0,0,0,train
shrinkage_top_side_ng_camera_4_93,images/shrinkage_top_side_ng/shrinkage_top_side_ng_camera_4_93.png,1,0,0,0,0,train
shrinkage_top_side_ng_camera_4_94,images/shrinkage_top_side_ng/shrinkage_top_side_ng_camera_4_94.png,1,0,0,0,0,train
shrinkage_top_side_ng_camera_4_97,images/shrinkage_top_side_ng/shrinkage_top_side_ng_camera_4_97.png,1,0,0,0,0,train
thread_defect_ng_camera_2_1,images/thread_defect_ng/thread_defect_ng_camera_2_1.png,0,1,0,0,0,train
thread_defect_ng_camera_2_10,images/thread_defect_ng/thread_defect_ng_camera_2_10.png,0,1,0,0,0,train
thread_defect_ng_camera_2_100,images/thread_defect_ng/thread_defect_ng_camera_2_100.png,0,1,0,0,0,test
thread_defect_ng_camera_2_101,images/thread_defect_ng/thread_defect_ng_camera_2_101.png,0,1,0,0,0,train
thread_defect_ng_camera_2_102,images/thread_defect_ng/thread_defect_ng_camera_2_102.png,0,1,0,0,0,train
thread_defect_ng_camera_2_103,images/thread_defect_ng/thread_defect_ng_camera_2_103.png,0,1,0,0,0,train
thread_defect_ng_camera_2_104,images/thread_defect_ng/thread_defect_ng_camera_2_104.png,0,1,0,0,0,train
thread_defect_ng_camera_2_105,images/thread_defect_ng/thread_defect_ng_camera_2_105.png,0,1,0,0,0,train
thread_defect_ng_camera_2_106,images/thread_defect_ng/thread_defect_ng_camera_2_106.png,0,1,0,0,0,train
thread_defect_ng_camera_2_107,images/thread_defect_ng/thread_defect_ng_camera_2_107.png,0,1,0,0,0,train
thread_defect_ng_camera_2_108,images/thread_defect_ng/thread_defect_ng_camera_2_108.png,0,1,0,0,0,train
thread_defect_ng_camera_2_109,images/thread_defect_ng/thread_defect_ng_camera_2_109.png,0,1,0,0,0,train
thread_defect_ng_camera_2_11,images/thread_defect_ng/thread_defect_ng_camera_2_11.png,0,1,0,0,0,test
thread_defect_ng_camera_2_110,images/thread_defect_ng/thread_defect_ng_camera_2_110.png,0,1,0,0,0,train
thread_defect_ng_camera_2_111,images/thread_defect_ng/thread_defect_ng_camera_2_111.png,0,1,0,0,0,val
thread_defect_ng_camera_2_112,images/thread_defect_ng/thread_defect_ng_camera_2_112.png,0,1,0,0,0,val
thread_defect_ng_camera_2_113,images/thread_defect_ng/thread_defect_ng_camera_2_113.png,0,1,0,0,0,train
thread_defect_ng_camera_2_114,images/thread_defect_ng/thread_defect_ng_camera_2_114.png,0,1,0,0,0,train
thread_defect_ng_camera_2_115,images/thread_defect_ng/thread_defect_ng_camera_2_115.png,0,1,0,0,0,train
thread_defect_ng_camera_2_116,images/thread_defect_ng/thread_defect_ng_camera_2_116.png,0,1,0,0,0,val
thread_defect_ng_camera_2_117,images/thread_defect_ng/thread_defect_ng_camera_2_117.png,0,1,0,0,0,train
thread_defect_ng_camera_2_118,images/thread_defect_ng/thread_defect_ng_camera_2_118.png,0,1,0,0,0,val
thread_defect_ng_camera_2_119,images/thread_defect_ng/thread_defect_ng_camera_2_119.png,0,1,0,0,0,train
thread_defect_ng_camera_2_12,images/thread_defect_ng/thread_defect_ng_camera_2_12.png,0,1,0,0,0,train
thread_defect_ng_camera_2_120,images/thread_defect_ng/thread_defect_ng_camera_2_120.png,0,1,0,0,0,train
thread_defect_ng_camera_2_121,images/thread_defect_ng/thread_defect_ng_camera_2_121.png,0,1,0,0,0,train
thread_defect_ng_camera_2_122,images/thread_defect_ng/thread_defect_ng_camera_2_122.png,0,1,0,0,0,train
thread_defect_ng_camera_2_123,images/thread_defect_ng/thread_defect_ng_camera_2_123.png,0,1,0,0,0,train
thread_defect_ng_camera_2_124,images/thread_defect_ng/thread_defect_ng_camera_2_124.png,0,1,0,0,0,val
thread_defect_ng_camera_2_125,images/thread_defect_ng/thread_defect_ng_camera_2_125.png,0,1,0,0,0,train
thread_defect_ng_camera_2_126,images/thread_defect_ng/thread_defect_ng_camera_2_126.png,0,1,0,0,0,train
thread_defect_ng_camera_2_127,images/thread_defect_ng/thread_defect_ng_camera_2_127.png,0,1,0,0,0,train
thread_defect_ng_camera_2_128,images/thread_defect_ng/thread_defect_ng_camera_2_128.png,0,1,0,0,0,train
thread_defect_ng_camera_2_129,images/thread_defect_ng/thread_defect_ng_camera_2_129.png,0,1,0,0,0,test
thread_defect_ng_camera_2_13,images/thread_defect_ng/thread_defect_ng_camera_2_13.png,0,1,0,0,0,train
thread_defect_ng_camera_2_130,images/thread_defect_ng/thread_defect_ng_camera_2_130.png,0,1,0,0,0,train
thread_defect_ng_camera_2_131,images/thread_defect_ng/thread_defect_ng_camera_2_131.png,0,1,0,0,0,train
thread_defect_ng_camera_2_132,images/thread_defect_ng/thread_defect_ng_camera_2_132.png,0,1,0,0,0,test
thread_defect_ng_camera_2_133,images/thread_defect_ng/thread_defect_ng_camera_2_133.png,0,1,0,0,0,test
thread_defect_ng_camera_2_134,images/thread_defect_ng/thread_defect_ng_camera_2_134.png,0,1,0,0,0,train
thread_defect_ng_camera_2_135,images/thread_defect_ng/thread_defect_ng_camera_2_135.png,0,1,0,0,0,test
thread_defect_ng_camera_2_136,images/thread_defect_ng/thread_defect_ng_camera_2_136.png,0,1,0,0,0,val
thread_defect_ng_camera_2_137,images/thread_defect_ng/thread_defect_ng_camera_2_137.png,0,1,0,0,0,train
thread_defect_ng_camera_2_138,images/thread_defect_ng/thread_defect_ng_camera_2_138.png,0,1,0,0,0,train
thread_defect_ng_camera_2_139,images/thread_defect_ng/thread_defect_ng_camera_2_139.png,0,1,0,0,0,train
thread_defect_ng_camera_2_14,images/thread_defect_ng/thread_defect_ng_camera_2_14.png,0,1,0,0,0,test
thread_defect_ng_camera_2_140,images/thread_defect_ng/thread_defect_ng_camera_2_140.png,0,1,0,0,0,train
thread_defect_ng_camera_2_141,images/thread_defect_ng/thread_defect_ng_camera_2_141.png,0,1,0,0,0,train
thread_defect_ng_camera_2_142,images/thread_defect_ng/thread_defect_ng_camera_2_142.png,0,1,0,0,0,val
thread_defect_ng_camera_2_143,images/thread_defect_ng/thread_defect_ng_camera_2_143.png,0,1,0,0,0,train
thread_defect_ng_camera_2_144,images/thread_defect_ng/thread_defect_ng_camera_2_144.png,0,1,0,0,0,train
thread_defect_ng_camera_2_145,images/thread_defect_ng/thread_defect_ng_camera_2_145.png,0,1,0,0,0,val
thread_defect_ng_camera_2_146,images/thread_defect_ng/thread_defect_ng_camera_2_146.png,0,1,0,0,0,train
thread_defect_ng_camera_2_147,images/thread_defect_ng/thread_defect_ng_camera_2_147.png,0,1,0,0,0,train
thread_defect_ng_camera_2_148,images/thread_defect_ng/thread_defect_ng_camera_2_148.png,0,1,0,0,0,train
thread_defect_ng_camera_2_149,images/thread_defect_ng/thread_defect_ng_camera_2_149.png,0,1,0,0,0,test
thread_defect_ng_camera_2_15,images/thread_defect_ng/thread_defect_ng_camera_2_15.png,0,1,0,0,0,train
thread_defect_ng_camera_2_150,images/thread_defect_ng/thread_defect_ng_camera_2_150.png,0,1,0,0,0,train
thread_defect_ng_camera_2_151,images/thread_defect_ng/thread_defect_ng_camera_2_151.png,0,1,0,0,0,train
thread_defect_ng_camera_2_152,images/thread_defect_ng/thread_defect_ng_camera_2_152.png,0,1,0,0,0,train
thread_defect_ng_camera_2_153,images/thread_defect_ng/thread_defect_ng_camera_2_153.png,0,1,0,0,0,train
thread_defect_ng_camera_2_154,images/thread_defect_ng/thread_defect_ng_camera_2_154.png,0,1,0,0,0,train
thread_defect_ng_camera_2_155,images/thread_defect_ng/thread_defect_ng_camera_2_155.png,0,1,0,0,0,train
thread_defect_ng_camera_2_156,images/thread_defect_ng/thread_defect_ng_camera_2_156.png,0,1,0,0,0,train
thread_defect_ng_camera_2_157,images/thread_defect_ng/thread_defect_ng_camera_2_157.png,0,1,0,0,0,test
thread_defect_ng_camera_2_158,images/thread_defect_ng/thread_defect_ng_camera_2_158.png,0,1,0,0,0,train
thread_defect_ng_camera_2_159,images/thread_defect_ng/thread_defect_ng_camera_2_159.png,0,1,0,0,0,train
thread_defect_ng_camera_2_16,images/thread_defect_ng/thread_defect_ng_camera_2_16.png,0,1,0,0,0,train
thread_defect_ng_camera_2_160,images/thread_defect_ng/thread_defect_ng_camera_2_160.png,0,1,0,0,0,val
thread_defect_ng_camera_2_161,images/thread_defect_ng/thread_defect_ng_camera_2_161.png,0,1,0,0,0,val
thread_defect_ng_camera_2_162,images/thread_defect_ng/thread_defect_ng_camera_2_162.png,0,1,0,0,0,train
thread_defect_ng_camera_2_163,images/thread_defect_ng/thread_defect_ng_camera_2_163.png,0,1,0,0,0,train
thread_defect_ng_camera_2_164,images/thread_defect_ng/thread_defect_ng_camera_2_164.png,0,1,0,0,0,train
thread_defect_ng_camera_2_165,images/thread_defect_ng/thread_defect_ng_camera_2_165.png,0,1,0,0,0,train
thread_defect_ng_camera_2_166,images/thread_defect_ng/thread_defect_ng_camera_2_166.png,0,1,0,0,0,train
thread_defect_ng_camera_2_167,images/thread_defect_ng/thread_defect_ng_camera_2_167.png,0,1,0,0,0,train
thread_defect_ng_camera_2_168,images/thread_defect_ng/thread_defect_ng_camera_2_168.png,0,1,0,0,0,train
thread_defect_ng_camera_2_169,images/thread_defect_ng/thread_defect_ng_camera_2_169.png,0,1,0,0,0,train
thread_defect_ng_camera_2_17,images/thread_defect_ng/thread_defect_ng_camera_2_17.png,0,1,0,0,0,train
thread_defect_ng_camera_2_170,images/thread_defect_ng/thread_defect_ng_camera_2_170.png,0,1,0,0,0,train
thread_defect_ng_camera_2_171,images/thread_defect_ng/thread_defect_ng_camera_2_171.png,0,1,0,0,0,val
thread_defect_ng_camera_2_172,images/thread_defect_ng/thread_defect_ng_camera_2_172.png,0,1,0,0,0,train
thread_defect_ng_camera_2_173,images/thread_defect_ng/thread_defect_ng_camera_2_173.png,0,1,0,0,0,train
thread_defect_ng_camera_2_174,images/thread_defect_ng/thread_defect_ng_camera_2_174.png,0,1,0,0,0,train
thread_defect_ng_camera_2_175,images/thread_defect_ng/thread_defect_ng_camera_2_175.png,0,1,0,0,0,train
thread_defect_ng_camera_2_176,images/thread_defect_ng/thread_defect_ng_camera_2_176.png,0,1,0,0,0,val
thread_defect_ng_camera_2_177,images/thread_defect_ng/thread_defect_ng_camera_2_177.png,0,1,0,0,0,train
thread_defect_ng_camera_2_178,images/thread_defect_ng/thread_defect_ng_camera_2_178.png,0,1,0,0,0,val
thread_defect_ng_camera_2_179,images/thread_defect_ng/thread_defect_ng_camera_2_179.png,0,1,0,0,0,train
thread_defect_ng_camera_2_18,images/thread_defect_ng/thread_defect_ng_camera_2_18.png,0,1,0,0,0,train
thread_defect_ng_camera_2_180,images/thread_defect_ng/thread_defect_ng_camera_2_180.png,0,1,0,0,0,train
thread_defect_ng_camera_2_181,images/thread_defect_ng/thread_defect_ng_camera_2_181.png,0,1,0,0,0,train
thread_defect_ng_camera_2_182,images/thread_defect_ng/thread_defect_ng_camera_2_182.png,0,1,0,0,0,train
thread_defect_ng_camera_2_183,images/thread_defect_ng/thread_defect_ng_camera_2_183.png,0,1,0,0,0,val
thread_defect_ng_camera_2_184,images/thread_defect_ng/thread_defect_ng_camera_2_184.png,0,1,0,0,0,train
thread_defect_ng_camera_2_185,images/thread_defect_ng/thread_defect_ng_camera_2_185.png,0,1,0,0,0,train
thread_defect_ng_camera_2_186,images/thread_defect_ng/thread_defect_ng_camera_2_186.png,0,1,0,0,0,val
thread_defect_ng_camera_2_187,images/thread_defect_ng/thread_defect_ng_camera_2_187.png,0,1,0,0,0,val
thread_defect_ng_camera_2_188,images/thread_defect_ng/thread_defect_ng_camera_2_188.png,0,1,0,0,0,test
thread_defect_ng_camera_2_189,images/thread_defect_ng/thread_defect_ng_camera_2_189.png,0,1,0,0,0,val
thread_defect_ng_camera_2_19,images/thread_defect_ng/thread_defect_ng_camera_2_19.png,0,1,0,0,0,train
thread_defect_ng_camera_2_190,images/thread_defect_ng/thread_defect_ng_camera_2_190.png,0,1,0,0,0,train
thread_defect_ng_camera_2_191,images/thread_defect_ng/thread_defect_ng_camera_2_191.png,0,1,0,0,0,train
thread_defect_ng_camera_2_192,images/thread_defect_ng/thread_defect_ng_camera_2_192.png,0,1,0,0,0,val
thread_defect_ng_camera_2_193,images/thread_defect_ng/thread_defect_ng_camera_2_193.png,0,1,0,0,0,val
thread_defect_ng_camera_2_194,images/thread_defect_ng/thread_defect_ng_camera_2_194.png,0,1,0,0,0,train
thread_defect_ng_camera_2_195,images/thread_defect_ng/thread_defect_ng_camera_2_195.png,0,1,0,0,0,train
thread_defect_ng_camera_2_196,images/thread_defect_ng/thread_defect_ng_camera_2_196.png,0,1,0,0,0,train
thread_defect_ng_camera_2_197,images/thread_defect_ng/thread_defect_ng_camera_2_197.png,0,1,0,0,0,train
thread_defect_ng_camera_2_198,images/thread_defect_ng/thread_defect_ng_camera_2_198.png,0,1,0,0,0,test
thread_defect_ng_camera_2_199,images/thread_defect_ng/thread_defect_ng_camera_2_199.png,0,1,0,0,0,train
thread_defect_ng_camera_2_2,images/thread_defect_ng/thread_defect_ng_camera_2_2.png,0,1,0,0,0,train
thread_defect_ng_camera_2_20,images/thread_defect_ng/thread_defect_ng_camera_2_20.png,0,1,0,0,0,train
thread_defect_ng_camera_2_200,images/thread_defect_ng/thread_defect_ng_camera_2_200.png,0,1,0,0,0,test
thread_defect_ng_camera_2_201,images/thread_defect_ng/thread_defect_ng_camera_2_201.png,0,1,0,0,0,test
thread_defect_ng_camera_2_202,images/thread_defect_ng/thread_defect_ng_camera_2_202.png,0,1,0,0,0,val
thread_defect_ng_camera_2_203,images/thread_defect_ng/thread_defect_ng_camera_2_203.png,0,1,0,0,0,val
thread_defect_ng_camera_2_204,images/thread_defect_ng/thread_defect_ng_camera_2_204.png,0,1,0,0,0,val
thread_defect_ng_camera_2_205,images/thread_defect_ng/thread_defect_ng_camera_2_205.png,0,1,0,0,0,train
thread_defect_ng_camera_2_206,images/thread_defect_ng/thread_defect_ng_camera_2_206.png,0,1,0,0,0,val
thread_defect_ng_camera_2_207,images/thread_defect_ng/thread_defect_ng_camera_2_207.png,0,1,0,0,0,train
thread_defect_ng_camera_2_208,images/thread_defect_ng/thread_defect_ng_camera_2_208.png,0,1,0,0,0,train
thread_defect_ng_camera_2_209,images/thread_defect_ng/thread_defect_ng_camera_2_209.png,0,1,0,0,0,val
thread_defect_ng_camera_2_21,images/thread_defect_ng/thread_defect_ng_camera_2_21.png,0,1,0,0,0,train
thread_defect_ng_camera_2_210,images/thread_defect_ng/thread_defect_ng_camera_2_210.png,0,1,0,0,0,test
thread_defect_ng_camera_2_211,images/thread_defect_ng/thread_defect_ng_camera_2_211.png,0,1,0,0,0,train
thread_defect_ng_camera_2_212,images/thread_defect_ng/thread_defect_ng_camera_2_212.png,0,1,0,0,0,train
thread_defect_ng_camera_2_213,images/thread_defect_ng/thread_defect_ng_camera_2_213.png,0,1,0,0,0,train
thread_defect_ng_camera_2_214,images/thread_defect_ng/thread_defect_ng_camera_2_214.png,0,1,0,0,0,train
thread_defect_ng_camera_2_215,images/thread_defect_ng/thread_defect_ng_camera_2_215.png,0,1,0,0,0,val
thread_defect_ng_camera_2_216,images/thread_defect_ng/thread_defect_ng_camera_2_216.png,0,1,0,0,0,test
thread_defect_ng_camera_2_217,images/thread_defect_ng/thread_defect_ng_camera_2_217.png,0,1,0,0,0,val
thread_defect_ng_camera_2_218,images/thread_defect_ng/thread_defect_ng_camera_2_218.png,0,1,0,0,0,train
thread_defect_ng_camera_2_219,images/thread_defect_ng/thread_defect_ng_camera_2_219.png,0,1,0,0,0,test
thread_defect_ng_camera_2_22,images/thread_defect_ng/thread_defect_ng_camera_2_22.png,0,1,0,0,0,train
thread_defect_ng_camera_2_220,images/thread_defect_ng/thread_defect_ng_camera_2_220.png,0,1,0,0,0,train
thread_defect_ng_camera_2_221,images/thread_defect_ng/thread_defect_ng_camera_2_221.png,0,1,0,0,0,train
thread_defect_ng_camera_2_222,images/thread_defect_ng/thread_defect_ng_camera_2_222.png,0,1,0,0,0,train
thread_defect_ng_camera_2_223,images/thread_defect_ng/thread_defect_ng_camera_2_223.png,0,1,0,0,0,train
thread_defect_ng_camera_2_224,images/thread_defect_ng/thread_defect_ng_camera_2_224.png,0,1,0,0,0,test
thread_defect_ng_camera_2_225,images/thread_defect_ng/thread_defect_ng_camera_2_225.png,0,1,0,0,0,train
thread_defect_ng_camera_2_226,images/thread_defect_ng/thread_defect_ng_camera_2_226.png,0,1,0,0,0,train
thread_defect_ng_camera_2_227,images/thread_defect_ng/thread_defect_ng_camera_2_227.png,0,1,0,0,0,train
thread_defect_ng_camera_2_228,images/thread_defect_ng/thread_defect_ng_camera_2_228.png,0,1,0,0,0,train
thread_defect_ng_camera_2_229,images/thread_defect_ng/thread_defect_ng_camera_2_229.png,0,1,0,0,0,val
thread_defect_ng_camera_2_23,images/thread_defect_ng/thread_defect_ng_camera_2_23.png,0,1,0,0,0,train
thread_defect_ng_camera_2_230,images/thread_defect_ng/thread_defect_ng_camera_2_230.png,0,1,0,0,0,test
thread_defect_ng_camera_2_231,images/thread_defect_ng/thread_defect_ng_camera_2_231.png,0,1,0,0,0,train
thread_defect_ng_camera_2_232,images/thread_defect_ng/thread_defect_ng_camera_2_232.png,0,1,0,0,0,val
thread_defect_ng_camera_2_233,images/thread_defect_ng/thread_defect_ng_camera_2_233.png,0,1,0,0,0,test
thread_defect_ng_camera_2_234,images/thread_defect_ng/thread_defect_ng_camera_2_234.png,0,1,0,0,0,train
thread_defect_ng_camera_2_235,images/thread_defect_ng/thread_defect_ng_camera_2_235.png,0,1,0,0,0,val
thread_defect_ng_camera_2_236,images/thread_defect_ng/thread_defect_ng_camera_2_236.png,0,1,0,0,0,train
thread_defect_ng_camera_2_237,images/thread_defect_ng/thread_defect_ng_camera_2_237.png,0,1,0,0,0,test
thread_defect_ng_camera_2_238,images/thread_defect_ng/thread_defect_ng_camera_2_238.png,0,1,0,0,0,test
thread_defect_ng_camera_2_239,images/thread_defect_ng/thread_defect_ng_camera_2_239.png,0,1,0,0,0,train
thread_defect_ng_camera_2_24,images/thread_defect_ng/thread_defect_ng_camera_2_24.png,0,1,0,0,0,train
thread_defect_ng_camera_2_240,images/thread_defect_ng/thread_defect_ng_camera_2_240.png,0,1,0,0,0,train
thread_defect_ng_camera_2_241,images/thread_defect_ng/thread_defect_ng_camera_2_241.png,0,1,0,0,0,train
thread_defect_ng_camera_2_242,images/thread_defect_ng/thread_defect_ng_camera_2_242.png,0,1,0,0,0,train
thread_defect_ng_camera_2_243,images/thread_defect_ng/thread_defect_ng_camera_2_243.png,0,1,0,0,0,train
thread_defect_ng_camera_2_244,images/thread_defect_ng/thread_defect_ng_camera_2_244.png,0,1,0,0,0,train
thread_defect_ng_camera_2_245,images/thread_defect_ng/thread_defect_ng_camera_2_245.png,0,1,0,0,0,test
thread_defect_ng_camera_2_246,images/thread_defect_ng/thread_defect_ng_camera_2_246.png,0,1,0,0,0,test
thread_defect_ng_camera_2_247,images/thread_defect_ng/thread_defect_ng_camera_2_247.png,0,1,0,0,0,train
thread_defect_ng_camera_2_248,images/thread_defect_ng/thread_defect_ng_camera_2_248.png,0,1,0,0,0,val
thread_defect_ng_camera_2_249,images/thread_defect_ng/thread_defect_ng_camera_2_249.png,0,1,0,0,0,test
thread_defect_ng_camera_2_25,images/thread_defect_ng/thread_defect_ng_camera_2_25.png,0,1,0,0,0,test
thread_defect_ng_camera_2_250,images/thread_defect_ng/thread_defect_ng_camera_2_250.png,0,1,0,0,0,train
thread_defect_ng_camera_2_251,images/thread_defect_ng/thread_defect_ng_camera_2_251.png,0,1,0,0,0,train
thread_defect_ng_camera_2_252,images/thread_defect_ng/thread_defect_ng_camera_2_252.png,0,1,0,0,0,train
thread_defect_ng_camera_2_253,images/thread_defect_ng/thread_defect_ng_camera_2_253.png,0,1,0,0,0,train
thread_defect_ng_camera_2_254,images/thread_defect_ng/thread_defect_ng_camera_2_254.png,0,1,0,0,0,train
thread_defect_ng_camera_2_255,images/thread_defect_ng/thread_defect_ng_camera_2_255.png,0,1,0,0,0,train
thread_defect_ng_camera_2_256,images/thread_defect_ng/thread_defect_ng_camera_2_256.png,0,1,0,0,0,train
thread_defect_ng_camera_2_257,images/thread_defect_ng/thread_defect_ng_camera_2_257.png,0,1,0,0,0,train
thread_defect_ng_camera_2_258,images/thread_defect_ng/thread_defect_ng_camera_2_258.png,0,1,0,0,0,train
thread_defect_ng_camera_2_259,images/thread_defect_ng/thread_defect_ng_camera_2_259.png,0,1,0,0,0,train
thread_defect_ng_camera_2_26,images/thread_defect_ng/thread_defect_ng_camera_2_26.png,0,1,0,0,0,train
thread_defect_ng_camera_2_260,images/thread_defect_ng/thread_defect_ng_camera_2_260.png,0,1,0,0,0,train
thread_defect_ng_camera_2_261,images/thread_defect_ng/thread_defect_ng_camera_2_261.png,0,1,0,0,0,train
thread_defect_ng_camera_2_262,images/thread_defect_ng/thread_defect_ng_camera_2_262.png,0,1,0,0,0,train
thread_defect_ng_camera_2_263,images/thread_defect_ng/thread_defect_ng_camera_2_263.png,0,1,0,0,0,train
thread_defect_ng_camera_2_264,images/thread_defect_ng/thread_defect_ng_camera_2_264.png,0,1,0,0,0,val
thread_defect_ng_camera_2_265,images/thread_defect_ng/thread_defect_ng_camera_2_265.png,0,1,0,0,0,val
thread_defect_ng_camera_2_266,images/thread_defect_ng/thread_defect_ng_camera_2_266.png,0,1,0,0,0,val
thread_defect_ng_camera_2_267,images/thread_defect_ng/thread_defect_ng_camera_2_267.png,0,1,0,0,0,train
thread_defect_ng_camera_2_268,images/thread_defect_ng/thread_defect_ng_camera_2_268.png,0,1,0,0,0,train
thread_defect_ng_camera_2_269,images/thread_defect_ng/thread_defect_ng_camera_2_269.png,0,1,0,0,0,train
thread_defect_ng_camera_2_27,images/thread_defect_ng/thread_defect_ng_camera_2_27.png,0,1,0,0,0,train
thread_defect_ng_camera_2_270,images/thread_defect_ng/thread_defect_ng_camera_2_270.png,0,1,0,0,0,val
thread_defect_ng_camera_2_271,images/thread_defect_ng/thread_defect_ng_camera_2_271.png,0,1,0,0,0,train
thread_defect_ng_camera_2_272,images/thread_defect_ng/thread_defect_ng_camera_2_272.png,0,1,0,0,0,val
thread_defect_ng_camera_2_273,images/thread_defect_ng/thread_defect_ng_camera_2_273.png,0,1,0,0,0,train
thread_defect_ng_camera_2_274,images/thread_defect_ng/thread_defect_ng_camera_2_274.png,0,1,0,0,0,val
thread_defect_ng_camera_2_275,images/thread_defect_ng/thread_defect_ng_camera_2_275.png,0,1,0,0,0,train
thread_defect_ng_camera_2_276,images/thread_defect_ng/thread_defect_ng_camera_2_276.png,0,1,0,0,0,train
thread_defect_ng_camera_2_277,images/thread_defect_ng/thread_defect_ng_camera_2_277.png,0,1,0,0,0,train
thread_defect_ng_camera_2_278,images/thread_defect_ng/thread_defect_ng_camera_2_278.png,0,1,0,0,0,val
thread_defect_ng_camera_2_279,images/thread_defect_ng/thread_defect_ng_camera_2_279.png,0,1,0,0,0,train
thread_defect_ng_camera_2_28,images/thread_defect_ng/thread_defect_ng_camera_2_28.png,0,1,0,0,0,val
thread_defect_ng_camera_2_280,images/thread_defect_ng/thread_defect_ng_camera_2_280.png,0,1,0,0,0,train
thread_defect_ng_camera_2_281,images/thread_defect_ng/thread_defect_ng_camera_2_281.png,0,1,0,0,0,train
thread_defect_ng_camera_2_282,images/thread_defect_ng/thread_defect_ng_camera_2_282.png,0,1,0,0,0,train
thread_defect_ng_camera_2_283,images/thread_defect_ng/thread_defect_ng_camera_2_283.png,0,1,0,0,0,val
thread_defect_ng_camera_2_284,images/thread_defect_ng/thread_defect_ng_camera_2_284.png,0,1,0,0,0,test
thread_defect_ng_camera_2_285,images/thread_defect_ng/thread_defect_ng_camera_2_285.png,0,1,0,0,0,val
thread_defect_ng_camera_2_286,images/thread_defect_ng/thread_defect_ng_camera_2_286.png,0,1,0,0,0,train
thread_defect_ng_camera_2_287,images/thread_defect_ng/thread_defect_ng_camera_2_287.png,0,1,0,0,0,train
thread_defect_ng_camera_2_288,images/thread_defect_ng/thread_defect_ng_camera_2_288.png,0,1,0,0,0,train
thread_defect_ng_camera_2_289,images/thread_defect_ng/thread_defect_ng_camera_2_289.png,0,1,0,0,0,train
thread_defect_ng_camera_2_29,images/thread_defect_ng/thread_defect_ng_camera_2_29.png,0,1,0,0,0,train
thread_defect_ng_camera_2_290,images/thread_defect_ng/thread_defect_ng_camera_2_290.png,0,1,0,0,0,train
thread_defect_ng_camera_2_291,images/thread_defect_ng/thread_defect_ng_camera_2_291.png,0,1,0,0,0,train
thread_defect_ng_camera_2_292,images/thread_defect_ng/thread_defect_ng_camera_2_292.png,0,1,0,0,0,train
thread_defect_ng_camera_2_293,images/thread_defect_ng/thread_defect_ng_camera_2_293.png,0,1,0,0,0,train
thread_defect_ng_camera_2_294,images/thread_defect_ng/thread_defect_ng_camera_2_294.png,0,1,0,0,0,train
thread_defect_ng_camera_2_295,images/thread_defect_ng/thread_defect_ng_camera_2_295.png,0,1,0,0,0,train
thread_defect_ng_camera_2_296,images/thread_defect_ng/thread_defect_ng_camera_2_296.png,0,1,0,0,0,train
thread_defect_ng_camera_2_297,images/thread_defect_ng/thread_defect_ng_camera_2_297.png,0,1,0,0,0,train
thread_defect_ng_camera_2_298,images/thread_defect_ng/thread_defect_ng_camera_2_298.png,0,1,0,0,0,train
thread_defect_ng_camera_2_299,images/thread_defect_ng/thread_defect_ng_camera_2_299.png,0,1,0,0,0,train
thread_defect_ng_camera_2_3,images/thread_defect_ng/thread_defect_ng_camera_2_3.png,0,1,0,0,0,train
thread_defect_ng_camera_2_30,images/thread_defect_ng/thread_defect_ng_camera_2_30.png,0,1,0,0,0,val
thread_defect_ng_camera_2_300,images/thread_defect_ng/thread_defect_ng_camera_2_300.png,0,1,0,0,0,train
thread_defect_ng_camera_2_301,images/thread_defect_ng/thread_defect_ng_camera_2_301.png,0,1,0,0,0,train
thread_defect_ng_camera_2_302,images/thread_defect_ng/thread_defect_ng_camera_2_302.png,0,1,0,0,0,test
thread_defect_ng_camera_2_303,images/thread_defect_ng/thread_defect_ng_camera_2_303.png,0,1,0,0,0,train
thread_defect_ng_camera_2_304,images/thread_defect_ng/thread_defect_ng_camera_2_304.png,0,1,0,0,0,val
thread_defect_ng_camera_2_305,images/thread_defect_ng/thread_defect_ng_camera_2_305.png,0,1,0,0,0,train
thread_defect_ng_camera_2_306,images/thread_defect_ng/thread_defect_ng_camera_2_306.png,0,1,0,0,0,train
thread_defect_ng_camera_2_307,images/thread_defect_ng/thread_defect_ng_camera_2_307.png,0,1,0,0,0,val
thread_defect_ng_camera_2_308,images/thread_defect_ng/thread_defect_ng_camera_2_308.png,0,1,0,0,0,train
thread_defect_ng_camera_2_309,images/thread_defect_ng/thread_defect_ng_camera_2_309.png,0,1,0,0,0,train
thread_defect_ng_camera_2_31,images/thread_defect_ng/thread_defect_ng_camera_2_31.png,0,1,0,0,0,train
thread_defect_ng_camera_2_310,images/thread_defect_ng/thread_defect_ng_camera_2_310.png,0,1,0,0,0,train
thread_defect_ng_camera_2_311,images/thread_defect_ng/thread_defect_ng_camera_2_311.png,0,1,0,0,0,train
thread_defect_ng_camera_2_312,images/thread_defect_ng/thread_defect_ng_camera_2_312.png,0,1,0,0,0,train
thread_defect_ng_camera_2_313,images/thread_defect_ng/thread_defect_ng_camera_2_313.png,0,1,0,0,0,train
thread_defect_ng_camera_2_314,images/thread_defect_ng/thread_defect_ng_camera_2_314.png,0,1,0,0,0,train
thread_defect_ng_camera_2_315,images/thread_defect_ng/thread_defect_ng_camera_2_315.png,0,1,0,0,0,test
thread_defect_ng_camera_2_316,images/thread_defect_ng/thread_defect_ng_camera_2_316.png,0,1,0,0,0,train
thread_defect_ng_camera_2_317,images/thread_defect_ng/thread_defect_ng_camera_2_317.png,0,1,0,0,0,train
thread_defect_ng_camera_2_318,images/thread_defect_ng/thread_defect_ng_camera_2_318.png,0,1,0,0,0,train
thread_defect_ng_camera_2_319,images/thread_defect_ng/thread_defect_ng_camera_2_319.png,0,1,0,0,0,train
thread_defect_ng_camera_2_32,images/thread_defect_ng/thread_defect_ng_camera_2_32.png,0,1,0,0,0,train
thread_defect_ng_camera_2_320,images/thread_defect_ng/thread_defect_ng_camera_2_320.png,0,1,0,0,0,train
thread_defect_ng_camera_2_321,images/thread_defect_ng/thread_defect_ng_camera_2_321.png,0,1,0,0,0,train
thread_defect_ng_camera_2_322,images/thread_defect_ng/thread_defect_ng_camera_2_322.png,0,1,0,0,0,train
thread_defect_ng_camera_2_323,images/thread_defect_ng/thread_defect_ng_camera_2_323.png,0,1,0,0,0,val
thread_defect_ng_camera_2_324,images/thread_defect_ng/thread_defect_ng_camera_2_324.png,0,1,0,0,0,train
thread_defect_ng_camera_2_325,images/thread_defect_ng/thread_defect_ng_camera_2_325.png,0,1,0,0,0,train
thread_defect_ng_camera_2_326,images/thread_defect_ng/thread_defect_ng_camera_2_326.png,0,1,0,0,0,train
thread_defect_ng_camera_2_327,images/thread_defect_ng/thread_defect_ng_camera_2_327.png,0,1,0,0,0,val
thread_defect_ng_camera_2_328,images/thread_defect_ng/thread_defect_ng_camera_2_328.png,0,1,0,0,0,train
thread_defect_ng_camera_2_329,images/thread_defect_ng/thread_defect_ng_camera_2_329.png,0,1,0,0,0,train
thread_defect_ng_camera_2_33,images/thread_defect_ng/thread_defect_ng_camera_2_33.png,0,1,0,0,0,train
thread_defect_ng_camera_2_330,images/thread_defect_ng/thread_defect_ng_camera_2_330.png,0,1,0,0,0,train
thread_defect_ng_camera_2_331,images/thread_defect_ng/thread_defect_ng_camera_2_331.png,0,1,0,0,0,val
thread_defect_ng_camera_2_332,images/thread_defect_ng/thread_defect_ng_camera_2_332.png,0,1,0,0,0,val
thread_defect_ng_camera_2_333,images/thread_defect_ng/thread_defect_ng_camera_2_333.png,0,1,0,0,0,train
thread_defect_ng_camera_2_334,images/thread_defect_ng/thread_defect_ng_camera_2_334.png,0,1,0,0,0,train
thread_defect_ng_camera_2_335,images/thread_defect_ng/thread_defect_ng_camera_2_335.png,0,1,0,0,0,train
thread_defect_ng_camera_2_336,images/thread_defect_ng/thread_defect_ng_camera_2_336.png,0,1,0,0,0,val
thread_defect_ng_camera_2_337,images/thread_defect_ng/thread_defect_ng_camera_2_337.png,0,1,0,0,0,train
thread_defect_ng_camera_2_338,images/thread_defect_ng/thread_defect_ng_camera_2_338.png,0,1,0,0,0,test
thread_defect_ng_camera_2_339,images/thread_defect_ng/thread_defect_ng_camera_2_339.png,0,1,0,0,0,train
thread_defect_ng_camera_2_34,images/thread_defect_ng/thread_defect_ng_camera_2_34.png,0,1,0,0,0,train
thread_defect_ng_camera_2_340,images/thread_defect_ng/thread_defect_ng_camera_2_340.png,0,1,0,0,0,train
thread_defect_ng_camera_2_341,images/thread_defect_ng/thread_defect_ng_camera_2_341.png,0,1,0,0,0,train
thread_defect_ng_camera_2_342,images/thread_defect_ng/thread_defect_ng_camera_2_342.png,0,1,0,0,0,val
thread_defect_ng_camera_2_343,images/thread_defect_ng/thread_defect_ng_camera_2_343.png,0,1,0,0,0,train
thread_defect_ng_camera_2_344,images/thread_defect_ng/thread_defect_ng_camera_2_344.png,0,1,0,0,0,train
thread_defect_ng_camera_2_345,images/thread_defect_ng/thread_defect_ng_camera_2_345.png,0,1,0,0,0,val
thread_defect_ng_camera_2_346,images/thread_defect_ng/thread_defect_ng_camera_2_346.png,0,1,0,0,0,train
thread_defect_ng_camera_2_347,images/thread_defect_ng/thread_defect_ng_camera_2_347.png,0,1,0,0,0,train
thread_defect_ng_camera_2_348,images/thread_defect_ng/thread_defect_ng_camera_2_348.png,0,1,0,0,0,train
thread_defect_ng_camera_2_349,images/thread_defect_ng/thread_defect_ng_camera_2_349.png,0,1,0,0,0,train
thread_defect_ng_camera_2_35,images/thread_defect_ng/thread_defect_ng_camera_2_35.png,0,1,0,0,0,val
thread_defect_ng_camera_2_350,images/thread_defect_ng/thread_defect_ng_camera_2_350.png,0,1,0,0,0,train
thread_defect_ng_camera_2_351,images/thread_defect_ng/thread_defect_ng_camera_2_351.png,0,1,0,0,0,train
thread_defect_ng_camera_2_352,images/thread_defect_ng/thread_defect_ng_camera_2_352.png,0,1,0,0,0,train
thread_defect_ng_camera_2_353,images/thread_defect_ng/thread_defect_ng_camera_2_353.png,0,1,0,0,0,train
thread_defect_ng_camera_2_354,images/thread_defect_ng/thread_defect_ng_camera_2_354.png,0,1,0,0,0,train
thread_defect_ng_camera_2_355,images/thread_defect_ng/thread_defect_ng_camera_2_355.png,0,1,0,0,0,train
thread_defect_ng_camera_2_356,images/thread_defect_ng/thread_defect_ng_camera_2_356.png,0,1,0,0,0,val
thread_defect_ng_camera_2_357,images/thread_defect_ng/thread_defect_ng_camera_2_357.png,0,1,0,0,0,test
thread_defect_ng_camera_2_358,images/thread_defect_ng/thread_defect_ng_camera_2_358.png,0,1,0,0,0,val
thread_defect_ng_camera_2_359,images/thread_defect_ng/thread_defect_ng_camera_2_359.png,0,1,0,0,0,train
thread_defect_ng_camera_2_36,images/thread_defect_ng/thread_defect_ng_camera_2_36.png,0,1,0,0,0,train
thread_defect_ng_camera_2_37,images/thread_defect_ng/thread_defect_ng_camera_2_37.png,0,1,0,0,0,val
thread_defect_ng_camera_2_38,images/thread_defect_ng/thread_defect_ng_camera_2_38.png,0,1,0,0,0,train
thread_defect_ng_camera_2_39,images/thread_defect_ng/thread_defect_ng_camera_2_39.png,0,1,0,0,0,val
thread_defect_ng_camera_2_4,images/thread_defect_ng/thread_defect_ng_camera_2_4.png,0,1,0,0,0,train
thread_defect_ng_camera_2_40,images/thread_defect_ng/thread_defect_ng_camera_2_40.png,0,1,0,0,0,val
thread_defect_ng_camera_2_41,images/thread_defect_ng/thread_defect_ng_camera_2_41.png,0,1,0,0,0,train
thread_defect_ng_camera_2_42,images/thread_defect_ng/thread_defect_ng_camera_2_42.png,0,1,0,0,0,train
thread_defect_ng_camera_2_43,images/thread_defect_ng/thread_defect_ng_camera_2_43.png,0,1,0,0,0,train
thread_defect_ng_camera_2_44,images/thread_defect_ng/thread_defect_ng_camera_2_44.png,0,1,0,0,0,train
thread_defect_ng_camera_2_45,images/thread_defect_ng/thread_defect_ng_camera_2_45.png,0,1,0,0,0,test
thread_defect_ng_camera_2_46,images/thread_defect_ng/thread_defect_ng_camera_2_46.png,0,1,0,0,0,train
thread_defect_ng_camera_2_47,images/thread_defect_ng/thread_defect_ng_camera_2_47.png,0,1,0,0,0,train
thread_defect_ng_camera_2_48,images/thread_defect_ng/thread_defect_ng_camera_2_48.png,0,1,0,0,0,train
thread_defect_ng_camera_2_49,images/thread_defect_ng/thread_defect_ng_camera_2_49.png,0,1,0,0,0,train
thread_defect_ng_camera_2_5,images/thread_defect_ng/thread_defect_ng_camera_2_5.png,0,1,0,0,0,test
thread_defect_ng_camera_2_50,images/thread_defect_ng/thread_defect_ng_camera_2_50.png,0,1,0,0,0,train
thread_defect_ng_camera_2_51,images/thread_defect_ng/thread_defect_ng_camera_2_51.png,0,1,0,0,0,test
thread_defect_ng_camera_2_52,images/thread_defect_ng/thread_defect_ng_camera_2_52.png,0,1,0,0,0,val
thread_defect_ng_camera_2_53,images/thread_defect_ng/thread_defect_ng_camera_2_53.png,0,1,0,0,0,val
thread_defect_ng_camera_2_54,images/thread_defect_ng/thread_defect_ng_camera_2_54.png,0,1,0,0,0,train
thread_defect_ng_camera_2_55,images/thread_defect_ng/thread_defect_ng_camera_2_55.png,0,1,0,0,0,val
thread_defect_ng_camera_2_56,images/thread_defect_ng/thread_defect_ng_camera_2_56.png,0,1,0,0,0,train
thread_defect_ng_camera_2_57,images/thread_defect_ng/thread_defect_ng_camera_2_57.png,0,1,0,0,0,train
thread_defect_ng_camera_2_58,images/thread_defect_ng/thread_defect_ng_camera_2_58.png,0,1,0,0,0,train
thread_defect_ng_camera_2_59,images/thread_defect_ng/thread_defect_ng_camera_2_59.png,0,1,0,0,0,train
thread_defect_ng_camera_2_6,images/thread_defect_ng/thread_defect_ng_camera_2_6.png,0,1,0,0,0,train
thread_defect_ng_camera_2_60,images/thread_defect_ng/thread_defect_ng_camera_2_60.png,0,1,0,0,0,train
thread_defect_ng_camera_2_61,images/thread_defect_ng/thread_defect_ng_camera_2_61.png,0,1,0,0,0,train
thread_defect_ng_camera_2_62,images/thread_defect_ng/thread_defect_ng_camera_2_62.png,0,1,0,0,0,train
thread_defect_ng_camera_2_63,images/thread_defect_ng/thread_defect_ng_camera_2_63.png,0,1,0,0,0,train
thread_defect_ng_camera_2_64,images/thread_defect_ng/thread_defect_ng_camera_2_64.png,0,1,0,0,0,test
thread_defect_ng_camera_2_65,images/thread_defect_ng/thread_defect_ng_camera_2_65.png,0,1,0,0,0,val
thread_defect_ng_camera_2_66,images/thread_defect_ng/thread_defect_ng_camera_2_66.png,0,1,0,0,0,train
thread_defect_ng_camera_2_67,images/thread_defect_ng/thread_defect_ng_camera_2_67.png,0,1,0,0,0,test
thread_defect_ng_camera_2_68,images/thread_defect_ng/thread_defect_ng_camera_2_68.png,0,1,0,0,0,train
thread_defect_ng_camera_2_69,images/thread_defect_ng/thread_defect_ng_camera_2_69.png,0,1,0,0,0,val
thread_defect_ng_camera_2_7,images/thread_defect_ng/thread_defect_ng_camera_2_7.png,0,1,0,0,0,val
thread_defect_ng_camera_2_70,images/thread_defect_ng/thread_defect_ng_camera_2_70.png,0,1,0,0,0,train
thread_defect_ng_camera_2_71,images/thread_defect_ng/thread_defect_ng_camera_2_71.png,0,1,0,0,0,train
thread_defect_ng_camera_2_72,images/thread_defect_ng/thread_defect_ng_camera_2_72.png,0,1,0,0,0,val
thread_defect_ng_camera_2_73,images/thread_defect_ng/thread_defect_ng_camera_2_73.png,0,1,0,0,0,val
thread_defect_ng_camera_2_74,images/thread_defect_ng/thread_defect_ng_camera_2_74.png,0,1,0,0,0,train
thread_defect_ng_camera_2_75,images/thread_defect_ng/thread_defect_ng_camera_2_75.png,0,1,0,0,0,test
thread_defect_ng_camera_2_76,images/thread_defect_ng/thread_defect_ng_camera_2_76.png,0,1,0,0,0,train
thread_defect_ng_camera_2_77,images/thread_defect_ng/thread_defect_ng_camera_2_77.png,0,1,0,0,0,val
thread_defect_ng_camera_2_78,images/thread_defect_ng/thread_defect_ng_camera_2_78.png,0,1,0,0,0,train
thread_defect_ng_camera_2_79,images/thread_defect_ng/thread_defect_ng_camera_2_79.png,0,1,0,0,0,train
thread_defect_ng_camera_2_8,images/thread_defect_ng/thread_defect_ng_camera_2_8.png,0,1,0,0,0,train
thread_defect_ng_camera_2_80,images/thread_defect_ng/thread_defect_ng_camera_2_80.png,0,1,0,0,0,train
thread_defect_ng_camera_2_81,images/thread_defect_ng/thread_defect_ng_camera_2_81.png,0,1,0,0,0,train
thread_defect_ng_camera_2_82,images/thread_defect_ng/thread_defect_ng_camera_2_82.png,0,1,0,0,0,train
thread_defect_ng_camera_2_83,images/thread_defect_ng/thread_defect_ng_camera_2_83.png,0,1,0,0,0,val
thread_defect_ng_camera_2_84,images/thread_defect_ng/thread_defect_ng_camera_2_84.png,0,1,0,0,0,train
thread_defect_ng_camera_2_85,images/thread_defect_ng/thread_defect_ng_camera_2_85.png,0,1,0,0,0,val
thread_defect_ng_camera_2_86,images/thread_defect_ng/thread_defect_ng_camera_2_86.png,0,1,0,0,0,train
thread_defect_ng_camera_2_87,images/thread_defect_ng/thread_defect_ng_camera_2_87.png,0,1,0,0,0,train
thread_defect_ng_camera_2_88,images/thread_defect_ng/thread_defect_ng_camera_2_88.png,0,1,0,0,0,val
thread_defect_ng_camera_2_89,images/thread_defect_ng/thread_defect_ng_camera_2_89.png,0,1,0,0,0,val
thread_defect_ng_camera_2_9,images/thread_defect_ng/thread_defect_ng_camera_2_9.png,0,1,0,0,0,train
thread_defect_ng_camera_2_90,images/thread_defect_ng/thread_defect_ng_camera_2_90.png,0,1,0,0,0,train
thread_defect_ng_camera_2_91,images/thread_defect_ng/thread_defect_ng_camera_2_91.png,0,1,0,0,0,train
thread_defect_ng_camera_2_92,images/thread_defect_ng/thread_defect_ng_camera_2_92.png,0,1,0,0,0,train
thread_defect_ng_camera_2_93,images/thread_defect_ng/thread_defect_ng_camera_2_93.png,0,1,0,0,0,train
thread_defect_ng_camera_2_94,images/thread_defect_ng/thread_defect_ng_camera_2_94.png,0,1,0,0,0,val
thread_defect_ng_camera_2_95,images/thread_defect_ng/thread_defect_ng_camera_2_95.png,0,1,0,0,0,train
thread_defect_ng_camera_2_96,images/thread_defect_ng/thread_defect_ng_camera_2_96.png,0,1,0,0,0,train
thread_defect_ng_camera_2_97,images/thread_defect_ng/thread_defect_ng_camera_2_97.png,0,1,0,0,0,train
thread_defect_ng_camera_2_98,images/thread_defect_ng/thread_defect_ng_camera_2_98.png,0,1,0,0,0,val
thread_defect_ng_camera_2_99,images/thread_defect_ng/thread_defect_ng_camera_2_99.png,0,1,0,0,0,val
thread_defect_ng_camera_3_1,images/thread_defect_ng/thread_defect_ng_camera_3_1.png,0,1,0,0,0,test
thread_defect_ng_camera_3_10,images/thread_defect_ng/thread_defect_ng_camera_3_10.png,0,1,0,0,0,val
thread_defect_ng_camera_3_100,images/thread_defect_ng/thread_defect_ng_camera_3_100.png,0,1,0,0,0,train
thread_defect_ng_camera_3_101,images/thread_defect_ng/thread_defect_ng_camera_3_101.png,0,1,0,0,0,train
thread_defect_ng_camera_3_102,images/thread_defect_ng/thread_defect_ng_camera_3_102.png,0,1,0,0,0,train
thread_defect_ng_camera_3_103,images/thread_defect_ng/thread_defect_ng_camera_3_103.png,0,1,0,0,0,train
thread_defect_ng_camera_3_104,images/thread_defect_ng/thread_defect_ng_camera_3_104.png,0,1,0,0,0,test
thread_defect_ng_camera_3_105,images/thread_defect_ng/thread_defect_ng_camera_3_105.png,0,1,0,0,0,train
thread_defect_ng_camera_3_106,images/thread_defect_ng/thread_defect_ng_camera_3_106.png,0,1,0,0,0,train
thread_defect_ng_camera_3_107,images/thread_defect_ng/thread_defect_ng_camera_3_107.png,0,1,0,0,0,val
thread_defect_ng_camera_3_108,images/thread_defect_ng/thread_defect_ng_camera_3_108.png,0,1,0,0,0,train
thread_defect_ng_camera_3_109,images/thread_defect_ng/thread_defect_ng_camera_3_109.png,0,1,0,0,0,train
thread_defect_ng_camera_3_11,images/thread_defect_ng/thread_defect_ng_camera_3_11.png,0,1,0,0,0,train
thread_defect_ng_camera_3_110,images/thread_defect_ng/thread_defect_ng_camera_3_110.png,0,1,0,0,0,train
thread_defect_ng_camera_3_111,images/thread_defect_ng/thread_defect_ng_camera_3_111.png,0,1,0,0,0,train
thread_defect_ng_camera_3_112,images/thread_defect_ng/thread_defect_ng_camera_3_112.png,0,1,0,0,0,train
thread_defect_ng_camera_3_113,images/thread_defect_ng/thread_defect_ng_camera_3_113.png,0,1,0,0,0,train
thread_defect_ng_camera_3_114,images/thread_defect_ng/thread_defect_ng_camera_3_114.png,0,1,0,0,0,train
thread_defect_ng_camera_3_115,images/thread_defect_ng/thread_defect_ng_camera_3_115.png,0,1,0,0,0,val
thread_defect_ng_camera_3_116,images/thread_defect_ng/thread_defect_ng_camera_3_116.png,0,1,0,0,0,train
thread_defect_ng_camera_3_117,images/thread_defect_ng/thread_defect_ng_camera_3_117.png,0,1,0,0,0,train
thread_defect_ng_camera_3_118,images/thread_defect_ng/thread_defect_ng_camera_3_118.png,0,1,0,0,0,train
thread_defect_ng_camera_3_119,images/thread_defect_ng/thread_defect_ng_camera_3_119.png,0,1,0,0,0,val
thread_defect_ng_camera_3_12,images/thread_defect_ng/thread_defect_ng_camera_3_12.png,0,1,0,0,0,train
thread_defect_ng_camera_3_120,images/thread_defect_ng/thread_defect_ng_camera_3_120.png,0,1,0,0,0,val
thread_defect_ng_camera_3_121,images/thread_defect_ng/thread_defect_ng_camera_3_121.png,0,1,0,0,0,train
thread_defect_ng_camera_3_122,images/thread_defect_ng/thread_defect_ng_camera_3_122.png,0,1,0,0,0,train
thread_defect_ng_camera_3_123,images/thread_defect_ng/thread_defect_ng_camera_3_123.png,0,1,0,0,0,train
thread_defect_ng_camera_3_124,images/thread_defect_ng/thread_defect_ng_camera_3_124.png,0,1,0,0,0,train
thread_defect_ng_camera_3_125,images/thread_defect_ng/thread_defect_ng_camera_3_125.png,0,1,0,0,0,test
thread_defect_ng_camera_3_126,images/thread_defect_ng/thread_defect_ng_camera_3_126.png,0,1,0,0,0,train
thread_defect_ng_camera_3_127,images/thread_defect_ng/thread_defect_ng_camera_3_127.png,0,1,0,0,0,train
thread_defect_ng_camera_3_128,images/thread_defect_ng/thread_defect_ng_camera_3_128.png,0,1,0,0,0,test
thread_defect_ng_camera_3_129,images/thread_defect_ng/thread_defect_ng_camera_3_129.png,0,1,0,0,0,train
thread_defect_ng_camera_3_13,images/thread_defect_ng/thread_defect_ng_camera_3_13.png,0,1,0,0,0,train
thread_defect_ng_camera_3_130,images/thread_defect_ng/thread_defect_ng_camera_3_130.png,0,1,0,0,0,train
thread_defect_ng_camera_3_131,images/thread_defect_ng/thread_defect_ng_camera_3_131.png,0,1,0,0,0,train
thread_defect_ng_camera_3_132,images/thread_defect_ng/thread_defect_ng_camera_3_132.png,0,1,0,0,0,train
thread_defect_ng_camera_3_133,images/thread_defect_ng/thread_defect_ng_camera_3_133.png,0,1,0,0,0,test
thread_defect_ng_camera_3_134,images/thread_defect_ng/thread_defect_ng_camera_3_134.png,0,1,0,0,0,train
thread_defect_ng_camera_3_135,images/thread_defect_ng/thread_defect_ng_camera_3_135.png,0,1,0,0,0,train
thread_defect_ng_camera_3_136,images/thread_defect_ng/thread_defect_ng_camera_3_136.png,0,1,0,0,0,train
thread_defect_ng_camera_3_137,images/thread_defect_ng/thread_defect_ng_camera_3_137.png,0,1,0,0,0,test
thread_defect_ng_camera_3_138,images/thread_defect_ng/thread_defect_ng_camera_3_138.png,0,1,0,0,0,val
thread_defect_ng_camera_3_139,images/thread_defect_ng/thread_defect_ng_camera_3_139.png,0,1,0,0,0,train
thread_defect_ng_camera_3_14,images/thread_defect_ng/thread_defect_ng_camera_3_14.png,0,1,0,0,0,train
thread_defect_ng_camera_3_140,images/thread_defect_ng/thread_defect_ng_camera_3_140.png,0,1,0,0,0,val
thread_defect_ng_camera_3_141,images/thread_defect_ng/thread_defect_ng_camera_3_141.png,0,1,0,0,0,train
thread_defect_ng_camera_3_142,images/thread_defect_ng/thread_defect_ng_camera_3_142.png,0,1,0,0,0,train
thread_defect_ng_camera_3_143,images/thread_defect_ng/thread_defect_ng_camera_3_143.png,0,1,0,0,0,train
thread_defect_ng_camera_3_144,images/thread_defect_ng/thread_defect_ng_camera_3_144.png,0,1,0,0,0,train
thread_defect_ng_camera_3_145,images/thread_defect_ng/thread_defect_ng_camera_3_145.png,0,1,0,0,0,train
thread_defect_ng_camera_3_146,images/thread_defect_ng/thread_defect_ng_camera_3_146.png,0,1,0,0,0,test
thread_defect_ng_camera_3_147,images/thread_defect_ng/thread_defect_ng_camera_3_147.png,0,1,0,0,0,train
thread_defect_ng_camera_3_148,images/thread_defect_ng/thread_defect_ng_camera_3_148.png,0,1,0,0,0,train
thread_defect_ng_camera_3_149,images/thread_defect_ng/thread_defect_ng_camera_3_149.png,0,1,0,0,0,train
thread_defect_ng_camera_3_15,images/thread_defect_ng/thread_defect_ng_camera_3_15.png,0,1,0,0,0,train
thread_defect_ng_camera_3_150,images/thread_defect_ng/thread_defect_ng_camera_3_150.png,0,1,0,0,0,test
thread_defect_ng_camera_3_151,images/thread_defect_ng/thread_defect_ng_camera_3_151.png,0,1,0,0,0,train
thread_defect_ng_camera_3_152,images/thread_defect_ng/thread_defect_ng_camera_3_152.png,0,1,0,0,0,val
thread_defect_ng_camera_3_153,images/thread_defect_ng/thread_defect_ng_camera_3_153.png,0,1,0,0,0,val
thread_defect_ng_camera_3_154,images/thread_defect_ng/thread_defect_ng_camera_3_154.png,0,1,0,0,0,train
thread_defect_ng_camera_3_155,images/thread_defect_ng/thread_defect_ng_camera_3_155.png,0,1,0,0,0,train
thread_defect_ng_camera_3_156,images/thread_defect_ng/thread_defect_ng_camera_3_156.png,0,1,0,0,0,train
thread_defect_ng_camera_3_157,images/thread_defect_ng/thread_defect_ng_camera_3_157.png,0,1,0,0,0,val
thread_defect_ng_camera_3_158,images/thread_defect_ng/thread_defect_ng_camera_3_158.png,0,1,0,0,0,train
thread_defect_ng_camera_3_159,images/thread_defect_ng/thread_defect_ng_camera_3_159.png,0,1,0,0,0,train
thread_defect_ng_camera_3_16,images/thread_defect_ng/thread_defect_ng_camera_3_16.png,0,1,0,0,0,train
thread_defect_ng_camera_3_160,images/thread_defect_ng/thread_defect_ng_camera_3_160.png,0,1,0,0,0,train
thread_defect_ng_camera_3_161,images/thread_defect_ng/thread_defect_ng_camera_3_161.png,0,1,0,0,0,train
thread_defect_ng_camera_3_162,images/thread_defect_ng/thread_defect_ng_camera_3_162.png,0,1,0,0,0,train
thread_defect_ng_camera_3_163,images/thread_defect_ng/thread_defect_ng_camera_3_163.png,0,1,0,0,0,train
thread_defect_ng_camera_3_164,images/thread_defect_ng/thread_defect_ng_camera_3_164.png,0,1,0,0,0,val
thread_defect_ng_camera_3_165,images/thread_defect_ng/thread_defect_ng_camera_3_165.png,0,1,0,0,0,train
thread_defect_ng_camera_3_166,images/thread_defect_ng/thread_defect_ng_camera_3_166.png,0,1,0,0,0,train
thread_defect_ng_camera_3_167,images/thread_defect_ng/thread_defect_ng_camera_3_167.png,0,1,0,0,0,train
thread_defect_ng_camera_3_168,images/thread_defect_ng/thread_defect_ng_camera_3_168.png,0,1,0,0,0,val
thread_defect_ng_camera_3_169,images/thread_defect_ng/thread_defect_ng_camera_3_169.png,0,1,0,0,0,train
thread_defect_ng_camera_3_17,images/thread_defect_ng/thread_defect_ng_camera_3_17.png,0,1,0,0,0,train
thread_defect_ng_camera_3_170,images/thread_defect_ng/thread_defect_ng_camera_3_170.png,0,1,0,0,0,val
thread_defect_ng_camera_3_171,images/thread_defect_ng/thread_defect_ng_camera_3_171.png,0,1,0,0,0,val
thread_defect_ng_camera_3_172,images/thread_defect_ng/thread_defect_ng_camera_3_172.png,0,1,0,0,0,train
thread_defect_ng_camera_3_173,images/thread_defect_ng/thread_defect_ng_camera_3_173.png,0,1,0,0,0,train
thread_defect_ng_camera_3_174,images/thread_defect_ng/thread_defect_ng_camera_3_174.png,0,1,0,0,0,train
thread_defect_ng_camera_3_175,images/thread_defect_ng/thread_defect_ng_camera_3_175.png,0,1,0,0,0,train
thread_defect_ng_camera_3_176,images/thread_defect_ng/thread_defect_ng_camera_3_176.png,0,1,0,0,0,train
thread_defect_ng_camera_3_177,images/thread_defect_ng/thread_defect_ng_camera_3_177.png,0,1,0,0,0,train
thread_defect_ng_camera_3_178,images/thread_defect_ng/thread_defect_ng_camera_3_178.png,0,1,0,0,0,train
thread_defect_ng_camera_3_179,images/thread_defect_ng/thread_defect_ng_camera_3_179.png,0,1,0,0,0,train
thread_defect_ng_camera_3_18,images/thread_defect_ng/thread_defect_ng_camera_3_18.png,0,1,0,0,0,test
thread_defect_ng_camera_3_180,images/thread_defect_ng/thread_defect_ng_camera_3_180.png,0,1,0,0,0,train
thread_defect_ng_camera_3_181,images/thread_defect_ng/thread_defect_ng_camera_3_181.png,0,1,0,0,0,val
thread_defect_ng_camera_3_182,images/thread_defect_ng/thread_defect_ng_camera_3_182.png,0,1,0,0,0,train
thread_defect_ng_camera_3_183,images/thread_defect_ng/thread_defect_ng_camera_3_183.png,0,1,0,0,0,train
thread_defect_ng_camera_3_184,images/thread_defect_ng/thread_defect_ng_camera_3_184.png,0,1,0,0,0,train
thread_defect_ng_camera_3_185,images/thread_defect_ng/thread_defect_ng_camera_3_185.png,0,1,0,0,0,train
thread_defect_ng_camera_3_186,images/thread_defect_ng/thread_defect_ng_camera_3_186.png,0,1,0,0,0,val
thread_defect_ng_camera_3_187,images/thread_defect_ng/thread_defect_ng_camera_3_187.png,0,1,0,0,0,val
thread_defect_ng_camera_3_188,images/thread_defect_ng/thread_defect_ng_camera_3_188.png,0,1,0,0,0,train
thread_defect_ng_camera_3_189,images/thread_defect_ng/thread_defect_ng_camera_3_189.png,0,1,0,0,0,train
thread_defect_ng_camera_3_19,images/thread_defect_ng/thread_defect_ng_camera_3_19.png,0,1,0,0,0,train
thread_defect_ng_camera_3_190,images/thread_defect_ng/thread_defect_ng_camera_3_190.png,0,1,0,0,0,test
thread_defect_ng_camera_3_191,images/thread_defect_ng/thread_defect_ng_camera_3_191.png,0,1,0,0,0,val
thread_defect_ng_camera_3_192,images/thread_defect_ng/thread_defect_ng_camera_3_192.png,0,1,0,0,0,val
thread_defect_ng_camera_3_193,images/thread_defect_ng/thread_defect_ng_camera_3_193.png,0,1,0,0,0,train
thread_defect_ng_camera_3_194,images/thread_defect_ng/thread_defect_ng_camera_3_194.png,0,1,0,0,0,train
thread_defect_ng_camera_3_195,images/thread_defect_ng/thread_defect_ng_camera_3_195.png,0,1,0,0,0,train
thread_defect_ng_camera_3_196,images/thread_defect_ng/thread_defect_ng_camera_3_196.png,0,1,0,0,0,train
thread_defect_ng_camera_3_197,images/thread_defect_ng/thread_defect_ng_camera_3_197.png,0,1,0,0,0,train
thread_defect_ng_camera_3_198,images/thread_defect_ng/thread_defect_ng_camera_3_198.png,0,1,0,0,0,train
thread_defect_ng_camera_3_199,images/thread_defect_ng/thread_defect_ng_camera_3_199.png,0,1,0,0,0,train
thread_defect_ng_camera_3_2,images/thread_defect_ng/thread_defect_ng_camera_3_2.png,0,1,0,0,0,test
thread_defect_ng_camera_3_20,images/thread_defect_ng/thread_defect_ng_camera_3_20.png,0,1,0,0,0,train
thread_defect_ng_camera_3_200,images/thread_defect_ng/thread_defect_ng_camera_3_200.png,0,1,0,0,0,train
thread_defect_ng_camera_3_201,images/thread_defect_ng/thread_defect_ng_camera_3_201.png,0,1,0,0,0,train
thread_defect_ng_camera_3_202,images/thread_defect_ng/thread_defect_ng_camera_3_202.png,0,1,0,0,0,train
thread_defect_ng_camera_3_203,images/thread_defect_ng/thread_defect_ng_camera_3_203.png,0,1,0,0,0,train
thread_defect_ng_camera_3_204,images/thread_defect_ng/thread_defect_ng_camera_3_204.png,0,1,0,0,0,train
thread_defect_ng_camera_3_205,images/thread_defect_ng/thread_defect_ng_camera_3_205.png,0,1,0,0,0,val
thread_defect_ng_camera_3_206,images/thread_defect_ng/thread_defect_ng_camera_3_206.png,0,1,0,0,0,train
thread_defect_ng_camera_3_207,images/thread_defect_ng/thread_defect_ng_camera_3_207.png,0,1,0,0,0,val
thread_defect_ng_camera_3_208,images/thread_defect_ng/thread_defect_ng_camera_3_208.png,0,1,0,0,0,train
thread_defect_ng_camera_3_209,images/thread_defect_ng/thread_defect_ng_camera_3_209.png,0,1,0,0,0,val
thread_defect_ng_camera_3_21,images/thread_defect_ng/thread_defect_ng_camera_3_21.png,0,1,0,0,0,val
thread_defect_ng_camera_3_210,images/thread_defect_ng/thread_defect_ng_camera_3_210.png,0,1,0,0,0,train
thread_defect_ng_camera_3_211,images/thread_defect_ng/thread_defect_ng_camera_3_211.png,0,1,0,0,0,train
thread_defect_ng_camera_3_212,images/thread_defect_ng/thread_defect_ng_camera_3_212.png,0,1,0,0,0,train
thread_defect_ng_camera_3_213,images/thread_defect_ng/thread_defect_ng_camera_3_213.png,0,1,0,0,0,train
thread_defect_ng_camera_3_214,images/thread_defect_ng/thread_defect_ng_camera_3_214.png,0,1,0,0,0,train
thread_defect_ng_camera_3_215,images/thread_defect_ng/thread_defect_ng_camera_3_215.png,0,1,0,0,0,val
thread_defect_ng_camera_3_216,images/thread_defect_ng/thread_defect_ng_camera_3_216.png,0,1,0,0,0,train
thread_defect_ng_camera_3_217,images/thread_defect_ng/thread_defect_ng_camera_3_217.png,0,1,0,0,0,val
thread_defect_ng_camera_3_218,images/thread_defect_ng/thread_defect_ng_camera_3_218.png,0,1,0,0,0,val
thread_defect_ng_camera_3_219,images/thread_defect_ng/thread_defect_ng_camera_3_219.png,0,1,0,0,0,train
thread_defect_ng_camera_3_22,images/thread_defect_ng/thread_defect_ng_camera_3_22.png,0,1,0,0,0,train
thread_defect_ng_camera_3_220,images/thread_defect_ng/thread_defect_ng_camera_3_220.png,0,1,0,0,0,train
thread_defect_ng_camera_3_221,images/thread_defect_ng/thread_defect_ng_camera_3_221.png,0,1,0,0,0,train
thread_defect_ng_camera_3_222,images/thread_defect_ng/thread_defect_ng_camera_3_222.png,0,1,0,0,0,train
thread_defect_ng_camera_3_223,images/thread_defect_ng/thread_defect_ng_camera_3_223.png,0,1,0,0,0,train
thread_defect_ng_camera_3_224,images/thread_defect_ng/thread_defect_ng_camera_3_224.png,0,1,0,0,0,val
thread_defect_ng_camera_3_225,images/thread_defect_ng/thread_defect_ng_camera_3_225.png,0,1,0,0,0,train
thread_defect_ng_camera_3_226,images/thread_defect_ng/thread_defect_ng_camera_3_226.png,0,1,0,0,0,train
thread_defect_ng_camera_3_227,images/thread_defect_ng/thread_defect_ng_camera_3_227.png,0,1,0,0,0,train
thread_defect_ng_camera_3_228,images/thread_defect_ng/thread_defect_ng_camera_3_228.png,0,1,0,0,0,train
thread_defect_ng_camera_3_229,images/thread_defect_ng/thread_defect_ng_camera_3_229.png,0,1,0,0,0,val
thread_defect_ng_camera_3_23,images/thread_defect_ng/thread_defect_ng_camera_3_23.png,0,1,0,0,0,train
thread_defect_ng_camera_3_230,images/thread_defect_ng/thread_defect_ng_camera_3_230.png,0,1,0,0,0,train
thread_defect_ng_camera_3_231,images/thread_defect_ng/thread_defect_ng_camera_3_231.png,0,1,0,0,0,train
thread_defect_ng_camera_3_232,images/thread_defect_ng/thread_defect_ng_camera_3_232.png,0,1,0,0,0,val
thread_defect_ng_camera_3_233,images/thread_defect_ng/thread_defect_ng_camera_3_233.png,0,1,0,0,0,train
thread_defect_ng_camera_3_234,images/thread_defect_ng/thread_defect_ng_camera_3_234.png,0,1,0,0,0,val
thread_defect_ng_camera_3_235,images/thread_defect_ng/thread_defect_ng_camera_3_235.png,0,1,0,0,0,train
thread_defect_ng_camera_3_236,images/thread_defect_ng/thread_defect_ng_camera_3_236.png,0,1,0,0,0,val
thread_defect_ng_camera_3_237,images/thread_defect_ng/thread_defect_ng_camera_3_237.png,0,1,0,0,0,train
thread_defect_ng_camera_3_238,images/thread_defect_ng/thread_defect_ng_camera_3_238.png,0,1,0,0,0,test
thread_defect_ng_camera_3_239,images/thread_defect_ng/thread_defect_ng_camera_3_239.png,0,1,0,0,0,train
thread_defect_ng_camera_3_24,images/thread_defect_ng/thread_defect_ng_camera_3_24.png,0,1,0,0,0,train
thread_defect_ng_camera_3_240,images/thread_defect_ng/thread_defect_ng_camera_3_240.png,0,1,0,0,0,test
thread_defect_ng_camera_3_241,images/thread_defect_ng/thread_defect_ng_camera_3_241.png,0,1,0,0,0,train
thread_defect_ng_camera_3_242,images/thread_defect_ng/thread_defect_ng_camera_3_242.png,0,1,0,0,0,test
thread_defect_ng_camera_3_243,images/thread_defect_ng/thread_defect_ng_camera_3_243.png,0,1,0,0,0,train
thread_defect_ng_camera_3_244,images/thread_defect_ng/thread_defect_ng_camera_3_244.png,0,1,0,0,0,train
thread_defect_ng_camera_3_245,images/thread_defect_ng/thread_defect_ng_camera_3_245.png,0,1,0,0,0,test
thread_defect_ng_camera_3_246,images/thread_defect_ng/thread_defect_ng_camera_3_246.png,0,1,0,0,0,train
thread_defect_ng_camera_3_247,images/thread_defect_ng/thread_defect_ng_camera_3_247.png,0,1,0,0,0,train
thread_defect_ng_camera_3_248,images/thread_defect_ng/thread_defect_ng_camera_3_248.png,0,1,0,0,0,test
thread_defect_ng_camera_3_249,images/thread_defect_ng/thread_defect_ng_camera_3_249.png,0,1,0,0,0,train
thread_defect_ng_camera_3_25,images/thread_defect_ng/thread_defect_ng_camera_3_25.png,0,1,0,0,0,val
thread_defect_ng_camera_3_250,images/thread_defect_ng/thread_defect_ng_camera_3_250.png,0,1,0,0,0,train
thread_defect_ng_camera_3_251,images/thread_defect_ng/thread_defect_ng_camera_3_251.png,0,1,0,0,0,train
thread_defect_ng_camera_3_252,images/thread_defect_ng/thread_defect_ng_camera_3_252.png,0,1,0,0,0,train
thread_defect_ng_camera_3_253,images/thread_defect_ng/thread_defect_ng_camera_3_253.png,0,1,0,0,0,train
thread_defect_ng_camera_3_254,images/thread_defect_ng/thread_defect_ng_camera_3_254.png,0,1,0,0,0,train
thread_defect_ng_camera_3_255,images/thread_defect_ng/thread_defect_ng_camera_3_255.png,0,1,0,0,0,val
thread_defect_ng_camera_3_256,images/thread_defect_ng/thread_defect_ng_camera_3_256.png,0,1,0,0,0,train
thread_defect_ng_camera_3_257,images/thread_defect_ng/thread_defect_ng_camera_3_257.png,0,1,0,0,0,train
thread_defect_ng_camera_3_258,images/thread_defect_ng/thread_defect_ng_camera_3_258.png,0,1,0,0,0,train
thread_defect_ng_camera_3_259,images/thread_defect_ng/thread_defect_ng_camera_3_259.png,0,1,0,0,0,train
thread_defect_ng_camera_3_26,images/thread_defect_ng/thread_defect_ng_camera_3_26.png,0,1,0,0,0,train
thread_defect_ng_camera_3_260,images/thread_defect_ng/thread_defect_ng_camera_3_260.png,0,1,0,0,0,train
thread_defect_ng_camera_3_261,images/thread_defect_ng/thread_defect_ng_camera_3_261.png,0,1,0,0,0,train
thread_defect_ng_camera_3_262,images/thread_defect_ng/thread_defect_ng_camera_3_262.png,0,1,0,0,0,test
thread_defect_ng_camera_3_263,images/thread_defect_ng/thread_defect_ng_camera_3_263.png,0,1,0,0,0,val
thread_defect_ng_camera_3_264,images/thread_defect_ng/thread_defect_ng_camera_3_264.png,0,1,0,0,0,train
thread_defect_ng_camera_3_265,images/thread_defect_ng/thread_defect_ng_camera_3_265.png,0,1,0,0,0,train
thread_defect_ng_camera_3_266,images/thread_defect_ng/thread_defect_ng_camera_3_266.png,0,1,0,0,0,train
thread_defect_ng_camera_3_267,images/thread_defect_ng/thread_defect_ng_camera_3_267.png,0,1,0,0,0,train
thread_defect_ng_camera_3_268,images/thread_defect_ng/thread_defect_ng_camera_3_268.png,0,1,0,0,0,train
thread_defect_ng_camera_3_269,images/thread_defect_ng/thread_defect_ng_camera_3_269.png,0,1,0,0,0,val
thread_defect_ng_camera_3_27,images/thread_defect_ng/thread_defect_ng_camera_3_27.png,0,1,0,0,0,train
thread_defect_ng_camera_3_270,images/thread_defect_ng/thread_defect_ng_camera_3_270.png,0,1,0,0,0,train
thread_defect_ng_camera_3_271,images/thread_defect_ng/thread_defect_ng_camera_3_271.png,0,1,0,0,0,train
thread_defect_ng_camera_3_272,images/thread_defect_ng/thread_defect_ng_camera_3_272.png,0,1,0,0,0,val
thread_defect_ng_camera_3_273,images/thread_defect_ng/thread_defect_ng_camera_3_273.png,0,1,0,0,0,train
thread_defect_ng_camera_3_274,images/thread_defect_ng/thread_defect_ng_camera_3_274.png,0,1,0,0,0,train
thread_defect_ng_camera_3_275,images/thread_defect_ng/thread_defect_ng_camera_3_275.png,0,1,0,0,0,train
thread_defect_ng_camera_3_276,images/thread_defect_ng/thread_defect_ng_camera_3_276.png,0,1,0,0,0,test
thread_defect_ng_camera_3_277,images/thread_defect_ng/thread_defect_ng_camera_3_277.png,0,1,0,0,0,train
thread_defect_ng_camera_3_278,images/thread_defect_ng/thread_defect_ng_camera_3_278.png,0,1,0,0,0,train
thread_defect_ng_camera_3_279,images/thread_defect_ng/thread_defect_ng_camera_3_279.png,0,1,0,0,0,val
thread_defect_ng_camera_3_28,images/thread_defect_ng/thread_defect_ng_camera_3_28.png,0,1,0,0,0,train
thread_defect_ng_camera_3_280,images/thread_defect_ng/thread_defect_ng_camera_3_280.png,0,1,0,0,0,train
thread_defect_ng_camera_3_281,images/thread_defect_ng/thread_defect_ng_camera_3_281.png,0,1,0,0,0,train
thread_defect_ng_camera_3_282,images/thread_defect_ng/thread_defect_ng_camera_3_282.png,0,1,0,0,0,val
thread_defect_ng_camera_3_283,images/thread_defect_ng/thread_defect_ng_camera_3_283.png,0,1,0,0,0,train
thread_defect_ng_camera_3_284,images/thread_defect_ng/thread_defect_ng_camera_3_284.png,0,1,0,0,0,train
thread_defect_ng_camera_3_285,images/thread_defect_ng/thread_defect_ng_camera_3_285.png,0,1,0,0,0,train
thread_defect_ng_camera_3_286,images/thread_defect_ng/thread_defect_ng_camera_3_286.png,0,1,0,0,0,val
thread_defect_ng_camera_3_287,images/thread_defect_ng/thread_defect_ng_camera_3_287.png,0,1,0,0,0,test
thread_defect_ng_camera_3_288,images/thread_defect_ng/thread_defect_ng_camera_3_288.png,0,1,0,0,0,train
thread_defect_ng_camera_3_289,images/thread_defect_ng/thread_defect_ng_camera_3_289.png,0,1,0,0,0,train
thread_defect_ng_camera_3_29,images/thread_defect_ng/thread_defect_ng_camera_3_29.png,0,1,0,0,0,train
thread_defect_ng_camera_3_290,images/thread_defect_ng/thread_defect_ng_camera_3_290.png,0,1,0,0,0,train
thread_defect_ng_camera_3_291,images/thread_defect_ng/thread_defect_ng_camera_3_291.png,0,1,0,0,0,train
thread_defect_ng_camera_3_292,images/thread_defect_ng/thread_defect_ng_camera_3_292.png,0,1,0,0,0,train
thread_defect_ng_camera_3_293,images/thread_defect_ng/thread_defect_ng_camera_3_293.png,0,1,0,0,0,train
thread_defect_ng_camera_3_294,images/thread_defect_ng/thread_defect_ng_camera_3_294.png,0,1,0,0,0,train
thread_defect_ng_camera_3_295,images/thread_defect_ng/thread_defect_ng_camera_3_295.png,0,1,0,0,0,val
thread_defect_ng_camera_3_296,images/thread_defect_ng/thread_defect_ng_camera_3_296.png,0,1,0,0,0,train
thread_defect_ng_camera_3_297,images/thread_defect_ng/thread_defect_ng_camera_3_297.png,0,1,0,0,0,val
thread_defect_ng_camera_3_298,images/thread_defect_ng/thread_defect_ng_camera_3_298.png,0,1,0,0,0,train
thread_defect_ng_camera_3_299,images/thread_defect_ng/thread_defect_ng_camera_3_299.png,0,1,0,0,0,val
thread_defect_ng_camera_3_3,images/thread_defect_ng/thread_defect_ng_camera_3_3.png,0,1,0,0,0,val
thread_defect_ng_camera_3_30,images/thread_defect_ng/thread_defect_ng_camera_3_30.png,0,1,0,0,0,train
thread_defect_ng_camera_3_300,images/thread_defect_ng/thread_defect_ng_camera_3_300.png,0,1,0,0,0,test
thread_defect_ng_camera_3_301,images/thread_defect_ng/thread_defect_ng_camera_3_301.png,0,1,0,0,0,val
thread_defect_ng_camera_3_302,images/thread_defect_ng/thread_defect_ng_camera_3_302.png,0,1,0,0,0,train
thread_defect_ng_camera_3_303,images/thread_defect_ng/thread_defect_ng_camera_3_303.png,0,1,0,0,0,train
thread_defect_ng_camera_3_304,images/thread_defect_ng/thread_defect_ng_camera_3_304.png,0,1,0,0,0,train
thread_defect_ng_camera_3_305,images/thread_defect_ng/thread_defect_ng_camera_3_305.png,0,1,0,0,0,train
thread_defect_ng_camera_3_306,images/thread_defect_ng/thread_defect_ng_camera_3_306.png,0,1,0,0,0,test
thread_defect_ng_camera_3_307,images/thread_defect_ng/thread_defect_ng_camera_3_307.png,0,1,0,0,0,train
thread_defect_ng_camera_3_308,images/thread_defect_ng/thread_defect_ng_camera_3_308.png,0,1,0,0,0,train
thread_defect_ng_camera_3_309,images/thread_defect_ng/thread_defect_ng_camera_3_309.png,0,1,0,0,0,train
thread_defect_ng_camera_3_31,images/thread_defect_ng/thread_defect_ng_camera_3_31.png,0,1,0,0,0,train
thread_defect_ng_camera_3_310,images/thread_defect_ng/thread_defect_ng_camera_3_310.png,0,1,0,0,0,test
thread_defect_ng_camera_3_311,images/thread_defect_ng/thread_defect_ng_camera_3_311.png,0,1,0,0,0,train
thread_defect_ng_camera_3_312,images/thread_defect_ng/thread_defect_ng_camera_3_312.png,0,1,0,0,0,train
thread_defect_ng_camera_3_313,images/thread_defect_ng/thread_defect_ng_camera_3_313.png,0,1,0,0,0,train
thread_defect_ng_camera_3_314,images/thread_defect_ng/thread_defect_ng_camera_3_314.png,0,1,0,0,0,test
thread_defect_ng_camera_3_315,images/thread_defect_ng/thread_defect_ng_camera_3_315.png,0,1,0,0,0,train
thread_defect_ng_camera_3_316,images/thread_defect_ng/thread_defect_ng_camera_3_316.png,0,1,0,0,0,train
thread_defect_ng_camera_3_317,images/thread_defect_ng/thread_defect_ng_camera_3_317.png,0,1,0,0,0,test
thread_defect_ng_camera_3_318,images/thread_defect_ng/thread_defect_ng_camera_3_318.png,0,1,0,0,0,val
thread_defect_ng_camera_3_319,images/thread_defect_ng/thread_defect_ng_camera_3_319.png,0,1,0,0,0,train
thread_defect_ng_camera_3_32,images/thread_defect_ng/thread_defect_ng_camera_3_32.png,0,1,0,0,0,train
thread_defect_ng_camera_3_320,images/thread_defect_ng/thread_defect_ng_camera_3_320.png,0,1,0,0,0,train
thread_defect_ng_camera_3_321,images/thread_defect_ng/thread_defect_ng_camera_3_321.png,0,1,0,0,0,train
thread_defect_ng_camera_3_322,images/thread_defect_ng/thread_defect_ng_camera_3_322.png,0,1,0,0,0,test
thread_defect_ng_camera_3_323,images/thread_defect_ng/thread_defect_ng_camera_3_323.png,0,1,0,0,0,train
thread_defect_ng_camera_3_324,images/thread_defect_ng/thread_defect_ng_camera_3_324.png,0,1,0,0,0,train
thread_defect_ng_camera_3_325,images/thread_defect_ng/thread_defect_ng_camera_3_325.png,0,1,0,0,0,train
thread_defect_ng_camera_3_326,images/thread_defect_ng/thread_defect_ng_camera_3_326.png,0,1,0,0,0,train
thread_defect_ng_camera_3_327,images/thread_defect_ng/thread_defect_ng_camera_3_327.png,0,1,0,0,0,train
thread_defect_ng_camera_3_328,images/thread_defect_ng/thread_defect_ng_camera_3_328.png,0,1,0,0,0,train
thread_defect_ng_camera_3_329,images/thread_defect_ng/thread_defect_ng_camera_3_329.png,0,1,0,0,0,train
thread_defect_ng_camera_3_33,images/thread_defect_ng/thread_defect_ng_camera_3_33.png,0,1,0,0,0,val
thread_defect_ng_camera_3_330,images/thread_defect_ng/thread_defect_ng_camera_3_330.png,0,1,0,0,0,val
thread_defect_ng_camera_3_331,images/thread_defect_ng/thread_defect_ng_camera_3_331.png,0,1,0,0,0,train
thread_defect_ng_camera_3_332,images/thread_defect_ng/thread_defect_ng_camera_3_332.png,0,1,0,0,0,train
thread_defect_ng_camera_3_333,images/thread_defect_ng/thread_defect_ng_camera_3_333.png,0,1,0,0,0,train
thread_defect_ng_camera_3_334,images/thread_defect_ng/thread_defect_ng_camera_3_334.png,0,1,0,0,0,test
thread_defect_ng_camera_3_335,images/thread_defect_ng/thread_defect_ng_camera_3_335.png,0,1,0,0,0,test
thread_defect_ng_camera_3_336,images/thread_defect_ng/thread_defect_ng_camera_3_336.png,0,1,0,0,0,train
thread_defect_ng_camera_3_337,images/thread_defect_ng/thread_defect_ng_camera_3_337.png,0,1,0,0,0,train
thread_defect_ng_camera_3_338,images/thread_defect_ng/thread_defect_ng_camera_3_338.png,0,1,0,0,0,train
thread_defect_ng_camera_3_339,images/thread_defect_ng/thread_defect_ng_camera_3_339.png,0,1,0,0,0,train
thread_defect_ng_camera_3_34,images/thread_defect_ng/thread_defect_ng_camera_3_34.png,0,1,0,0,0,train
thread_defect_ng_camera_3_340,images/thread_defect_ng/thread_defect_ng_camera_3_340.png,0,1,0,0,0,test
thread_defect_ng_camera_3_341,images/thread_defect_ng/thread_defect_ng_camera_3_341.png,0,1,0,0,0,test
thread_defect_ng_camera_3_342,images/thread_defect_ng/thread_defect_ng_camera_3_342.png,0,1,0,0,0,val
thread_defect_ng_camera_3_343,images/thread_defect_ng/thread_defect_ng_camera_3_343.png,0,1,0,0,0,val
thread_defect_ng_camera_3_344,images/thread_defect_ng/thread_defect_ng_camera_3_344.png,0,1,0,0,0,val
thread_defect_ng_camera_3_345,images/thread_defect_ng/thread_defect_ng_camera_3_345.png,0,1,0,0,0,train
thread_defect_ng_camera_3_346,images/thread_defect_ng/thread_defect_ng_camera_3_346.png,0,1,0,0,0,train
thread_defect_ng_camera_3_347,images/thread_defect_ng/thread_defect_ng_camera_3_347.png,0,1,0,0,0,val
thread_defect_ng_camera_3_348,images/thread_defect_ng/thread_defect_ng_camera_3_348.png,0,1,0,0,0,train
thread_defect_ng_camera_3_349,images/thread_defect_ng/thread_defect_ng_camera_3_349.png,0,1,0,0,0,val
thread_defect_ng_camera_3_35,images/thread_defect_ng/thread_defect_ng_camera_3_35.png,0,1,0,0,0,train
thread_defect_ng_camera_3_350,images/thread_defect_ng/thread_defect_ng_camera_3_350.png,0,1,0,0,0,val
thread_defect_ng_camera_3_351,images/thread_defect_ng/thread_defect_ng_camera_3_351.png,0,1,0,0,0,val
thread_defect_ng_camera_3_352,images/thread_defect_ng/thread_defect_ng_camera_3_352.png,0,1,0,0,0,train
thread_defect_ng_camera_3_353,images/thread_defect_ng/thread_defect_ng_camera_3_353.png,0,1,0,0,0,test
thread_defect_ng_camera_3_354,images/thread_defect_ng/thread_defect_ng_camera_3_354.png,0,1,0,0,0,train
thread_defect_ng_camera_3_355,images/thread_defect_ng/thread_defect_ng_camera_3_355.png,0,1,0,0,0,val
thread_defect_ng_camera_3_356,images/thread_defect_ng/thread_defect_ng_camera_3_356.png,0,1,0,0,0,train
thread_defect_ng_camera_3_357,images/thread_defect_ng/thread_defect_ng_camera_3_357.png,0,1,0,0,0,train
thread_defect_ng_camera_3_358,images/thread_defect_ng/thread_defect_ng_camera_3_358.png,0,1,0,0,0,train
thread_defect_ng_camera_3_359,images/thread_defect_ng/thread_defect_ng_camera_3_359.png,0,1,0,0,0,val
thread_defect_ng_camera_3_36,images/thread_defect_ng/thread_defect_ng_camera_3_36.png,0,1,0,0,0,train
thread_defect_ng_camera_3_37,images/thread_defect_ng/thread_defect_ng_camera_3_37.png,0,1,0,0,0,train
thread_defect_ng_camera_3_38,images/thread_defect_ng/thread_defect_ng_camera_3_38.png,0,1,0,0,0,train
thread_defect_ng_camera_3_39,images/thread_defect_ng/thread_defect_ng_camera_3_39.png,0,1,0,0,0,test
thread_defect_ng_camera_3_4,images/thread_defect_ng/thread_defect_ng_camera_3_4.png,0,1,0,0,0,val
thread_defect_ng_camera_3_40,images/thread_defect_ng/thread_defect_ng_camera_3_40.png,0,1,0,0,0,train
thread_defect_ng_camera_3_41,images/thread_defect_ng/thread_defect_ng_camera_3_41.png,0,1,0,0,0,train
thread_defect_ng_camera_3_42,images/thread_defect_ng/thread_defect_ng_camera_3_42.png,0,1,0,0,0,val
thread_defect_ng_camera_3_43,images/thread_defect_ng/thread_defect_ng_camera_3_43.png,0,1,0,0,0,train
thread_defect_ng_camera_3_44,images/thread_defect_ng/thread_defect_ng_camera_3_44.png,0,1,0,0,0,val
thread_defect_ng_camera_3_45,images/thread_defect_ng/thread_defect_ng_camera_3_45.png,0,1,0,0,0,val
thread_defect_ng_camera_3_46,images/thread_defect_ng/thread_defect_ng_camera_3_46.png,0,1,0,0,0,train
thread_defect_ng_camera_3_47,images/thread_defect_ng/thread_defect_ng_camera_3_47.png,0,1,0,0,0,test
thread_defect_ng_camera_3_48,images/thread_defect_ng/thread_defect_ng_camera_3_48.png,0,1,0,0,0,val
thread_defect_ng_camera_3_49,images/thread_defect_ng/thread_defect_ng_camera_3_49.png,0,1,0,0,0,train
thread_defect_ng_camera_3_5,images/thread_defect_ng/thread_defect_ng_camera_3_5.png,0,1,0,0,0,val
thread_defect_ng_camera_3_50,images/thread_defect_ng/thread_defect_ng_camera_3_50.png,0,1,0,0,0,val
thread_defect_ng_camera_3_51,images/thread_defect_ng/thread_defect_ng_camera_3_51.png,0,1,0,0,0,train
thread_defect_ng_camera_3_52,images/thread_defect_ng/thread_defect_ng_camera_3_52.png,0,1,0,0,0,test
thread_defect_ng_camera_3_53,images/thread_defect_ng/thread_defect_ng_camera_3_53.png,0,1,0,0,0,train
thread_defect_ng_camera_3_54,images/thread_defect_ng/thread_defect_ng_camera_3_54.png,0,1,0,0,0,train
thread_defect_ng_camera_3_55,images/thread_defect_ng/thread_defect_ng_camera_3_55.png,0,1,0,0,0,train
thread_defect_ng_camera_3_56,images/thread_defect_ng/thread_defect_ng_camera_3_56.png,0,1,0,0,0,train
thread_defect_ng_camera_3_57,images/thread_defect_ng/thread_defect_ng_camera_3_57.png,0,1,0,0,0,train
thread_defect_ng_camera_3_58,images/thread_defect_ng/thread_defect_ng_camera_3_58.png,0,1,0,0,0,train
thread_defect_ng_camera_3_59,images/thread_defect_ng/thread_defect_ng_camera_3_59.png,0,1,0,0,0,train
thread_defect_ng_camera_3_6,images/thread_defect_ng/thread_defect_ng_camera_3_6.png,0,1,0,0,0,train
thread_defect_ng_camera_3_60,images/thread_defect_ng/thread_defect_ng_camera_3_60.png,0,1,0,0,0,train
thread_defect_ng_camera_3_61,images/thread_defect_ng/thread_defect_ng_camera_3_61.png,0,1,0,0,0,val
thread_defect_ng_camera_3_62,images/thread_defect_ng/thread_defect_ng_camera_3_62.png,0,1,0,0,0,train
thread_defect_ng_camera_3_63,images/thread_defect_ng/thread_defect_ng_camera_3_63.png,0,1,0,0,0,val
thread_defect_ng_camera_3_64,images/thread_defect_ng/thread_defect_ng_camera_3_64.png,0,1,0,0,0,train
thread_defect_ng_camera_3_65,images/thread_defect_ng/thread_defect_ng_camera_3_65.png,0,1,0,0,0,test
thread_defect_ng_camera_3_66,images/thread_defect_ng/thread_defect_ng_camera_3_66.png,0,1,0,0,0,train
thread_defect_ng_camera_3_67,images/thread_defect_ng/thread_defect_ng_camera_3_67.png,0,1,0,0,0,train
thread_defect_ng_camera_3_68,images/thread_defect_ng/thread_defect_ng_camera_3_68.png,0,1,0,0,0,train
thread_defect_ng_camera_3_69,images/thread_defect_ng/thread_defect_ng_camera_3_69.png,0,1,0,0,0,train
thread_defect_ng_camera_3_7,images/thread_defect_ng/thread_defect_ng_camera_3_7.png,0,1,0,0,0,train
thread_defect_ng_camera_3_70,images/thread_defect_ng/thread_defect_ng_camera_3_70.png,0,1,0,0,0,val
thread_defect_ng_camera_3_71,images/thread_defect_ng/thread_defect_ng_camera_3_71.png,0,1,0,0,0,train
thread_defect_ng_camera_3_72,images/thread_defect_ng/thread_defect_ng_camera_3_72.png,0,1,0,0,0,val
thread_defect_ng_camera_3_73,images/thread_defect_ng/thread_defect_ng_camera_3_73.png,0,1,0,0,0,train
thread_defect_ng_camera_3_74,images/thread_defect_ng/thread_defect_ng_camera_3_74.png,0,1,0,0,0,train
thread_defect_ng_camera_3_75,images/thread_defect_ng/thread_defect_ng_camera_3_75.png,0,1,0,0,0,test
thread_defect_ng_camera_3_76,images/thread_defect_ng/thread_defect_ng_camera_3_76.png,0,1,0,0,0,val
thread_defect_ng_camera_3_77,images/thread_defect_ng/thread_defect_ng_camera_3_77.png,0,1,0,0,0,train
thread_defect_ng_camera_3_78,images/thread_defect_ng/thread_defect_ng_camera_3_78.png,0,1,0,0,0,train
thread_defect_ng_camera_3_79,images/thread_defect_ng/thread_defect_ng_camera_3_79.png,0,1,0,0,0,train
thread_defect_ng_camera_3_8,images/thread_defect_ng/thread_defect_ng_camera_3_8.png,0,1,0,0,0,train
thread_defect_ng_camera_3_80,images/thread_defect_ng/thread_defect_ng_camera_3_80.png,0,1,0,0,0,val
thread_defect_ng_camera_3_81,images/thread_defect_ng/thread_defect_ng_camera_3_81.png,0,1,0,0,0,train
thread_defect_ng_camera_3_82,images/thread_defect_ng/thread_defect_ng_camera_3_82.png,0,1,0,0,0,train
thread_defect_ng_camera_3_83,images/thread_defect_ng/thread_defect_ng_camera_3_83.png,0,1,0,0,0,train
thread_defect_ng_camera_3_84,images/thread_defect_ng/thread_defect_ng_camera_3_84.png,0,1,0,0,0,train
thread_defect_ng_camera_3_85,images/thread_defect_ng/thread_defect_ng_camera_3_85.png,0,1,0,0,0,train
thread_defect_ng_camera_3_86,images/thread_defect_ng/thread_defect_ng_camera_3_86.png,0,1,0,0,0,train
thread_defect_ng_camera_3_87,images/thread_defect_ng/thread_defect_ng_camera_3_87.png,0,1,0,0,0,train
thread_defect_ng_camera_3_88,images/thread_defect_ng/thread_defect_ng_camera_3_88.png,0,1,0,0,0,train
thread_defect_ng_camera_3_89,images/thread_defect_ng/thread_defect_ng_camera_3_89.png,0,1,0,0,0,train
thread_defect_ng_camera_3_9,images/thread_defect_ng/thread_defect_ng_camera_3_9.png,0,1,0,0,0,train
thread_defect_ng_camera_3_90,images/thread_defect_ng/thread_defect_ng_camera_3_90.png,0,1,0,0,0,val
thread_defect_ng_camera_3_91,images/thread_defect_ng/thread_defect_ng_camera_3_91.png,0,1,0,0,0,train
thread_defect_ng_camera_3_92,images/thread_defect_ng/thread_defect_ng_camera_3_92.png,0,1,0,0,0,train
thread_defect_ng_camera_3_93,images/thread_defect_ng/thread_defect_ng_camera_3_93.png,0,1,0,0,0,train
thread_defect_ng_camera_3_94,images/thread_defect_ng/thread_defect_ng_camera_3_94.png,0,1,0,0,0,val
thread_defect_ng_camera_3_95,images/thread_defect_ng/thread_defect_ng_camera_3_95.png,0,1,0,0,0,train
thread_defect_ng_camera_3_96,images/thread_defect_ng/thread_defect_ng_camera_3_96.png,0,1,0,0,0,val
thread_defect_ng_camera_3_97,images/thread_defect_ng/thread_defect_ng_camera_3_97.png,0,1,0,0,0,test
thread_defect_ng_camera_3_98,images/thread_defect_ng/thread_defect_ng_camera_3_98.png,0,1,0,0,0,train
thread_defect_ng_camera_3_99,images/thread_defect_ng/thread_defect_ng_camera_3_99.png,0,1,0,0,0,train
thread_defect_ng_camera_4_1,images/thread_defect_ng/thread_defect_ng_camera_4_1.png,0,1,0,0,0,train
thread_defect_ng_camera_4_10,images/thread_defect_ng/thread_defect_ng_camera_4_10.png,0,1,0,0,0,train
thread_defect_ng_camera_4_100,images/thread_defect_ng/thread_defect_ng_camera_4_100.png,0,1,0,0,0,train
thread_defect_ng_camera_4_101,images/thread_defect_ng/thread_defect_ng_camera_4_101.png,0,1,0,0,0,train
thread_defect_ng_camera_4_102,images/thread_defect_ng/thread_defect_ng_camera_4_102.png,0,1,0,0,0,train
thread_defect_ng_camera_4_103,images/thread_defect_ng/thread_defect_ng_camera_4_103.png,0,1,0,0,0,train
thread_defect_ng_camera_4_104,images/thread_defect_ng/thread_defect_ng_camera_4_104.png,0,1,0,0,0,train
thread_defect_ng_camera_4_105,images/thread_defect_ng/thread_defect_ng_camera_4_105.png,0,1,0,0,0,train
thread_defect_ng_camera_4_106,images/thread_defect_ng/thread_defect_ng_camera_4_106.png,0,1,0,0,0,train
thread_defect_ng_camera_4_107,images/thread_defect_ng/thread_defect_ng_camera_4_107.png,0,1,0,0,0,val
thread_defect_ng_camera_4_108,images/thread_defect_ng/thread_defect_ng_camera_4_108.png,0,1,0,0,0,train
thread_defect_ng_camera_4_109,images/thread_defect_ng/thread_defect_ng_camera_4_109.png,0,1,0,0,0,train
thread_defect_ng_camera_4_11,images/thread_defect_ng/thread_defect_ng_camera_4_11.png,0,1,0,0,0,train
thread_defect_ng_camera_4_110,images/thread_defect_ng/thread_defect_ng_camera_4_110.png,0,1,0,0,0,train
thread_defect_ng_camera_4_111,images/thread_defect_ng/thread_defect_ng_camera_4_111.png,0,1,0,0,0,test
thread_defect_ng_camera_4_112,images/thread_defect_ng/thread_defect_ng_camera_4_112.png,0,1,0,0,0,train
thread_defect_ng_camera_4_113,images/thread_defect_ng/thread_defect_ng_camera_4_113.png,0,1,0,0,0,train
thread_defect_ng_camera_4_114,images/thread_defect_ng/thread_defect_ng_camera_4_114.png,0,1,0,0,0,val
thread_defect_ng_camera_4_115,images/thread_defect_ng/thread_defect_ng_camera_4_115.png,0,1,0,0,0,train
thread_defect_ng_camera_4_116,images/thread_defect_ng/thread_defect_ng_camera_4_116.png,0,1,0,0,0,test
thread_defect_ng_camera_4_117,images/thread_defect_ng/thread_defect_ng_camera_4_117.png,0,1,0,0,0,train
thread_defect_ng_camera_4_118,images/thread_defect_ng/thread_defect_ng_camera_4_118.png,0,1,0,0,0,train
thread_defect_ng_camera_4_119,images/thread_defect_ng/thread_defect_ng_camera_4_119.png,0,1,0,0,0,train
thread_defect_ng_camera_4_12,images/thread_defect_ng/thread_defect_ng_camera_4_12.png,0,1,0,0,0,test
thread_defect_ng_camera_4_120,images/thread_defect_ng/thread_defect_ng_camera_4_120.png,0,1,0,0,0,train
thread_defect_ng_camera_4_121,images/thread_defect_ng/thread_defect_ng_camera_4_121.png,0,1,0,0,0,train
thread_defect_ng_camera_4_122,images/thread_defect_ng/thread_defect_ng_camera_4_122.png,0,1,0,0,0,val
thread_defect_ng_camera_4_123,images/thread_defect_ng/thread_defect_ng_camera_4_123.png,0,1,0,0,0,test
thread_defect_ng_camera_4_124,images/thread_defect_ng/thread_defect_ng_camera_4_124.png,0,1,0,0,0,val
thread_defect_ng_camera_4_125,images/thread_defect_ng/thread_defect_ng_camera_4_125.png,0,1,0,0,0,train
thread_defect_ng_camera_4_126,images/thread_defect_ng/thread_defect_ng_camera_4_126.png,0,1,0,0,0,train
thread_defect_ng_camera_4_127,images/thread_defect_ng/thread_defect_ng_camera_4_127.png,0,1,0,0,0,train
thread_defect_ng_camera_4_128,images/thread_defect_ng/thread_defect_ng_camera_4_128.png,0,1,0,0,0,train
thread_defect_ng_camera_4_129,images/thread_defect_ng/thread_defect_ng_camera_4_129.png,0,1,0,0,0,test
thread_defect_ng_camera_4_13,images/thread_defect_ng/thread_defect_ng_camera_4_13.png,0,1,0,0,0,train
thread_defect_ng_camera_4_130,images/thread_defect_ng/thread_defect_ng_camera_4_130.png,0,1,0,0,0,train
thread_defect_ng_camera_4_131,images/thread_defect_ng/thread_defect_ng_camera_4_131.png,0,1,0,0,0,train
thread_defect_ng_camera_4_132,images/thread_defect_ng/thread_defect_ng_camera_4_132.png,0,1,0,0,0,val
thread_defect_ng_camera_4_133,images/thread_defect_ng/thread_defect_ng_camera_4_133.png,0,1,0,0,0,train
thread_defect_ng_camera_4_134,images/thread_defect_ng/thread_defect_ng_camera_4_134.png,0,1,0,0,0,val
thread_defect_ng_camera_4_135,images/thread_defect_ng/thread_defect_ng_camera_4_135.png,0,1,0,0,0,train
thread_defect_ng_camera_4_136,images/thread_defect_ng/thread_defect_ng_camera_4_136.png,0,1,0,0,0,train
thread_defect_ng_camera_4_137,images/thread_defect_ng/thread_defect_ng_camera_4_137.png,0,1,0,0,0,train
thread_defect_ng_camera_4_138,images/thread_defect_ng/thread_defect_ng_camera_4_138.png,0,1,0,0,0,train
thread_defect_ng_camera_4_139,images/thread_defect_ng/thread_defect_ng_camera_4_139.png,0,1,0,0,0,train
thread_defect_ng_camera_4_14,images/thread_defect_ng/thread_defect_ng_camera_4_14.png,0,1,0,0,0,train
thread_defect_ng_camera_4_140,images/thread_defect_ng/thread_defect_ng_camera_4_140.png,0,1,0,0,0,train
thread_defect_ng_camera_4_141,images/thread_defect_ng/thread_defect_ng_camera_4_141.png,0,1,0,0,0,train
thread_defect_ng_camera_4_142,images/thread_defect_ng/thread_defect_ng_camera_4_142.png,0,1,0,0,0,train
thread_defect_ng_camera_4_143,images/thread_defect_ng/thread_defect_ng_camera_4_143.png,0,1,0,0,0,train
thread_defect_ng_camera_4_144,images/thread_defect_ng/thread_defect_ng_camera_4_144.png,0,1,0,0,0,train
thread_defect_ng_camera_4_145,images/thread_defect_ng/thread_defect_ng_camera_4_145.png,0,1,0,0,0,train
thread_defect_ng_camera_4_146,images/thread_defect_ng/thread_defect_ng_camera_4_146.png,0,1,0,0,0,train
thread_defect_ng_camera_4_147,images/thread_defect_ng/thread_defect_ng_camera_4_147.png,0,1,0,0,0,val
thread_defect_ng_camera_4_148,images/thread_defect_ng/thread_defect_ng_camera_4_148.png,0,1,0,0,0,train
thread_defect_ng_camera_4_149,images/thread_defect_ng/thread_defect_ng_camera_4_149.png,0,1,0,0,0,train
thread_defect_ng_camera_4_15,images/thread_defect_ng/thread_defect_ng_camera_4_15.png,0,1,0,0,0,train
thread_defect_ng_camera_4_150,images/thread_defect_ng/thread_defect_ng_camera_4_150.png,0,1,0,0,0,train
thread_defect_ng_camera_4_151,images/thread_defect_ng/thread_defect_ng_camera_4_151.png,0,1,0,0,0,val
thread_defect_ng_camera_4_152,images/thread_defect_ng/thread_defect_ng_camera_4_152.png,0,1,0,0,0,train
thread_defect_ng_camera_4_153,images/thread_defect_ng/thread_defect_ng_camera_4_153.png,0,1,0,0,0,train
thread_defect_ng_camera_4_154,images/thread_defect_ng/thread_defect_ng_camera_4_154.png,0,1,0,0,0,train
thread_defect_ng_camera_4_155,images/thread_defect_ng/thread_defect_ng_camera_4_155.png,0,1,0,0,0,train
thread_defect_ng_camera_4_156,images/thread_defect_ng/thread_defect_ng_camera_4_156.png,0,1,0,0,0,train
thread_defect_ng_camera_4_157,images/thread_defect_ng/thread_defect_ng_camera_4_157.png,0,1,0,0,0,train
thread_defect_ng_camera_4_158,images/thread_defect_ng/thread_defect_ng_camera_4_158.png,0,1,0,0,0,train
thread_defect_ng_camera_4_159,images/thread_defect_ng/thread_defect_ng_camera_4_159.png,0,1,0,0,0,train
thread_defect_ng_camera_4_16,images/thread_defect_ng/thread_defect_ng_camera_4_16.png,0,1,0,0,0,train
thread_defect_ng_camera_4_160,images/thread_defect_ng/thread_defect_ng_camera_4_160.png,0,1,0,0,0,train
thread_defect_ng_camera_4_161,images/thread_defect_ng/thread_defect_ng_camera_4_161.png,0,1,0,0,0,train
thread_defect_ng_camera_4_162,images/thread_defect_ng/thread_defect_ng_camera_4_162.png,0,1,0,0,0,train
thread_defect_ng_camera_4_163,images/thread_defect_ng/thread_defect_ng_camera_4_163.png,0,1,0,0,0,train
thread_defect_ng_camera_4_164,images/thread_defect_ng/thread_defect_ng_camera_4_164.png,0,1,0,0,0,train
thread_defect_ng_camera_4_165,images/thread_defect_ng/thread_defect_ng_camera_4_165.png,0,1,0,0,0,train
thread_defect_ng_camera_4_166,images/thread_defect_ng/thread_defect_ng_camera_4_166.png,0,1,0,0,0,val
thread_defect_ng_camera_4_167,images/thread_defect_ng/thread_defect_ng_camera_4_167.png,0,1,0,0,0,train
thread_defect_ng_camera_4_168,images/thread_defect_ng/thread_defect_ng_camera_4_168.png,0,1,0,0,0,train
thread_defect_ng_camera_4_169,images/thread_defect_ng/thread_defect_ng_camera_4_169.png,0,1,0,0,0,train
thread_defect_ng_camera_4_17,images/thread_defect_ng/thread_defect_ng_camera_4_17.png,0,1,0,0,0,train
thread_defect_ng_camera_4_170,images/thread_defect_ng/thread_defect_ng_camera_4_170.png,0,1,0,0,0,train
thread_defect_ng_camera_4_171,images/thread_defect_ng/thread_defect_ng_camera_4_171.png,0,1,0,0,0,train
thread_defect_ng_camera_4_172,images/thread_defect_ng/thread_defect_ng_camera_4_172.png,0,1,0,0,0,val
thread_defect_ng_camera_4_173,images/thread_defect_ng/thread_defect_ng_camera_4_173.png,0,1,0,0,0,test
thread_defect_ng_camera_4_174,images/thread_defect_ng/thread_defect_ng_camera_4_174.png,0,1,0,0,0,train
thread_defect_ng_camera_4_175,images/thread_defect_ng/thread_defect_ng_camera_4_175.png,0,1,0,0,0,train
thread_defect_ng_camera_4_176,images/thread_defect_ng/thread_defect_ng_camera_4_176.png,0,1,0,0,0,test
thread_defect_ng_camera_4_177,images/thread_defect_ng/thread_defect_ng_camera_4_177.png,0,1,0,0,0,test
thread_defect_ng_camera_4_178,images/thread_defect_ng/thread_defect_ng_camera_4_178.png,0,1,0,0,0,val
thread_defect_ng_camera_4_179,images/thread_defect_ng/thread_defect_ng_camera_4_179.png,0,1,0,0,0,val
thread_defect_ng_camera_4_18,images/thread_defect_ng/thread_defect_ng_camera_4_18.png,0,1,0,0,0,train
thread_defect_ng_camera_4_180,images/thread_defect_ng/thread_defect_ng_camera_4_180.png,0,1,0,0,0,test
thread_defect_ng_camera_4_181,images/thread_defect_ng/thread_defect_ng_camera_4_181.png,0,1,0,0,0,train
thread_defect_ng_camera_4_182,images/thread_defect_ng/thread_defect_ng_camera_4_182.png,0,1,0,0,0,train
thread_defect_ng_camera_4_183,images/thread_defect_ng/thread_defect_ng_camera_4_183.png,0,1,0,0,0,train
thread_defect_ng_camera_4_184,images/thread_defect_ng/thread_defect_ng_camera_4_184.png,0,1,0,0,0,train
thread_defect_ng_camera_4_185,images/thread_defect_ng/thread_defect_ng_camera_4_185.png,0,1,0,0,0,test
thread_defect_ng_camera_4_186,images/thread_defect_ng/thread_defect_ng_camera_4_186.png,0,1,0,0,0,val
thread_defect_ng_camera_4_187,images/thread_defect_ng/thread_defect_ng_camera_4_187.png,0,1,0,0,0,train
thread_defect_ng_camera_4_188,images/thread_defect_ng/thread_defect_ng_camera_4_188.png,0,1,0,0,0,train
thread_defect_ng_camera_4_189,images/thread_defect_ng/thread_defect_ng_camera_4_189.png,0,1,0,0,0,train
thread_defect_ng_camera_4_19,images/thread_defect_ng/thread_defect_ng_camera_4_19.png,0,1,0,0,0,train
thread_defect_ng_camera_4_190,images/thread_defect_ng/thread_defect_ng_camera_4_190.png,0,1,0,0,0,val
thread_defect_ng_camera_4_191,images/thread_defect_ng/thread_defect_ng_camera_4_191.png,0,1,0,0,0,val
thread_defect_ng_camera_4_192,images/thread_defect_ng/thread_defect_ng_camera_4_192.png,0,1,0,0,0,train
thread_defect_ng_camera_4_193,images/thread_defect_ng/thread_defect_ng_camera_4_193.png,0,1,0,0,0,train
thread_defect_ng_camera_4_194,images/thread_defect_ng/thread_defect_ng_camera_4_194.png,0,1,0,0,0,val
thread_defect_ng_camera_4_195,images/thread_defect_ng/thread_defect_ng_camera_4_195.png,0,1,0,0,0,train
thread_defect_ng_camera_4_196,images/thread_defect_ng/thread_defect_ng_camera_4_196.png,0,1,0,0,0,train
thread_defect_ng_camera_4_197,images/thread_defect_ng/thread_defect_ng_camera_4_197.png,0,1,0,0,0,val
thread_defect_ng_camera_4_198,images/thread_defect_ng/thread_defect_ng_camera_4_198.png,0,1,0,0,0,train
thread_defect_ng_camera_4_199,images/thread_defect_ng/thread_defect_ng_camera_4_199.png,0,1,0,0,0,test
thread_defect_ng_camera_4_2,images/thread_defect_ng/thread_defect_ng_camera_4_2.png,0,1,0,0,0,test
thread_defect_ng_camera_4_20,images/thread_defect_ng/thread_defect_ng_camera_4_20.png,0,1,0,0,0,train
thread_defect_ng_camera_4_200,images/thread_defect_ng/thread_defect_ng_camera_4_200.png,0,1,0,0,0,train
thread_defect_ng_camera_4_201,images/thread_defect_ng/thread_defect_ng_camera_4_201.png,0,1,0,0,0,val
thread_defect_ng_camera_4_202,images/thread_defect_ng/thread_defect_ng_camera_4_202.png,0,1,0,0,0,val
thread_defect_ng_camera_4_203,images/thread_defect_ng/thread_defect_ng_camera_4_203.png,0,1,0,0,0,train
thread_defect_ng_camera_4_204,images/thread_defect_ng/thread_defect_ng_camera_4_204.png,0,1,0,0,0,train
thread_defect_ng_camera_4_205,images/thread_defect_ng/thread_defect_ng_camera_4_205.png,0,1,0,0,0,val
thread_defect_ng_camera_4_206,images/thread_defect_ng/thread_defect_ng_camera_4_206.png,0,1,0,0,0,train
thread_defect_ng_camera_4_207,images/thread_defect_ng/thread_defect_ng_camera_4_207.png,0,1,0,0,0,val
thread_defect_ng_camera_4_208,images/thread_defect_ng/thread_defect_ng_camera_4_208.png,0,1,0,0,0,train
thread_defect_ng_camera_4_209,images/thread_defect_ng/thread_defect_ng_camera_4_209.png,0,1,0,0,0,train
thread_defect_ng_camera_4_21,images/thread_defect_ng/thread_defect_ng_camera_4_21.png,0,1,0,0,0,train
thread_defect_ng_camera_4_210,images/thread_defect_ng/thread_defect_ng_camera_4_210.png,0,1,0,0,0,test
thread_defect_ng_camera_4_211,images/thread_defect_ng/thread_defect_ng_camera_4_211.png,0,1,0,0,0,train
thread_defect_ng_camera_4_212,images/thread_defect_ng/thread_defect_ng_camera_4_212.png,0,1,0,0,0,val
thread_defect_ng_camera_4_213,images/thread_defect_ng/thread_defect_ng_camera_4_213.png,0,1,0,0,0,test
thread_defect_ng_camera_4_214,images/thread_defect_ng/thread_defect_ng_camera_4_214.png,0,1,0,0,0,train
thread_defect_ng_camera_4_215,images/thread_defect_ng/thread_defect_ng_camera_4_215.png,0,1,0,0,0,train
thread_defect_ng_camera_4_216,images/thread_defect_ng/thread_defect_ng_camera_4_216.png,0,1,0,0,0,train
thread_defect_ng_camera_4_217,images/thread_defect_ng/thread_defect_ng_camera_4_217.png,0,1,0,0,0,test
thread_defect_ng_camera_4_218,images/thread_defect_ng/thread_defect_ng_camera_4_218.png,0,1,0,0,0,train
thread_defect_ng_camera_4_219,images/thread_defect_ng/thread_defect_ng_camera_4_219.png,0,1,0,0,0,train
thread_defect_ng_camera_4_22,images/thread_defect_ng/thread_defect_ng_camera_4_22.png,0,1,0,0,0,train
thread_defect_ng_camera_4_220,images/thread_defect_ng/thread_defect_ng_camera_4_220.png,0,1,0,0,0,train
thread_defect_ng_camera_4_221,images/thread_defect_ng/thread_defect_ng_camera_4_221.png,0,1,0,0,0,val
thread_defect_ng_camera_4_222,images/thread_defect_ng/thread_defect_ng_camera_4_222.png,0,1,0,0,0,train
thread_defect_ng_camera_4_223,images/thread_defect_ng/thread_defect_ng_camera_4_223.png,0,1,0,0,0,val
thread_defect_ng_camera_4_224,images/thread_defect_ng/thread_defect_ng_camera_4_224.png,0,1,0,0,0,train
thread_defect_ng_camera_4_225,images/thread_defect_ng/thread_defect_ng_camera_4_225.png,0,1,0,0,0,train
thread_defect_ng_camera_4_226,images/thread_defect_ng/thread_defect_ng_camera_4_226.png,0,1,0,0,0,train
thread_defect_ng_camera_4_227,images/thread_defect_ng/thread_defect_ng_camera_4_227.png,0,1,0,0,0,train
thread_defect_ng_camera_4_228,images/thread_defect_ng/thread_defect_ng_camera_4_228.png,0,1,0,0,0,train
thread_defect_ng_camera_4_229,images/thread_defect_ng/thread_defect_ng_camera_4_229.png,0,1,0,0,0,train
thread_defect_ng_camera_4_23,images/thread_defect_ng/thread_defect_ng_camera_4_23.png,0,1,0,0,0,train
thread_defect_ng_camera_4_230,images/thread_defect_ng/thread_defect_ng_camera_4_230.png,0,1,0,0,0,train
thread_defect_ng_camera_4_231,images/thread_defect_ng/thread_defect_ng_camera_4_231.png,0,1,0,0,0,train
thread_defect_ng_camera_4_232,images/thread_defect_ng/thread_defect_ng_camera_4_232.png,0,1,0,0,0,train
thread_defect_ng_camera_4_233,images/thread_defect_ng/thread_defect_ng_camera_4_233.png,0,1,0,0,0,val
thread_defect_ng_camera_4_234,images/thread_defect_ng/thread_defect_ng_camera_4_234.png,0,1,0,0,0,val
thread_defect_ng_camera_4_235,images/thread_defect_ng/thread_defect_ng_camera_4_235.png,0,1,0,0,0,train
thread_defect_ng_camera_4_236,images/thread_defect_ng/thread_defect_ng_camera_4_236.png,0,1,0,0,0,train
thread_defect_ng_camera_4_237,images/thread_defect_ng/thread_defect_ng_camera_4_237.png,0,1,0,0,0,train
thread_defect_ng_camera_4_238,images/thread_defect_ng/thread_defect_ng_camera_4_238.png,0,1,0,0,0,val
thread_defect_ng_camera_4_239,images/thread_defect_ng/thread_defect_ng_camera_4_239.png,0,1,0,0,0,val
thread_defect_ng_camera_4_24,images/thread_defect_ng/thread_defect_ng_camera_4_24.png,0,1,0,0,0,train
thread_defect_ng_camera_4_240,images/thread_defect_ng/thread_defect_ng_camera_4_240.png,0,1,0,0,0,train
thread_defect_ng_camera_4_241,images/thread_defect_ng/thread_defect_ng_camera_4_241.png,0,1,0,0,0,train
thread_defect_ng_camera_4_242,images/thread_defect_ng/thread_defect_ng_camera_4_242.png,0,1,0,0,0,train
thread_defect_ng_camera_4_243,images/thread_defect_ng/thread_defect_ng_camera_4_243.png,0,1,0,0,0,train
thread_defect_ng_camera_4_244,images/thread_defect_ng/thread_defect_ng_camera_4_244.png,0,1,0,0,0,val
thread_defect_ng_camera_4_245,images/thread_defect_ng/thread_defect_ng_camera_4_245.png,0,1,0,0,0,train
thread_defect_ng_camera_4_246,images/thread_defect_ng/thread_defect_ng_camera_4_246.png,0,1,0,0,0,train
thread_defect_ng_camera_4_247,images/thread_defect_ng/thread_defect_ng_camera_4_247.png,0,1,0,0,0,val
thread_defect_ng_camera_4_248,images/thread_defect_ng/thread_defect_ng_camera_4_248.png,0,1,0,0,0,val
thread_defect_ng_camera_4_249,images/thread_defect_ng/thread_defect_ng_camera_4_249.png,0,1,0,0,0,train
thread_defect_ng_camera_4_25,images/thread_defect_ng/thread_defect_ng_camera_4_25.png,0,1,0,0,0,train
thread_defect_ng_camera_4_250,images/thread_defect_ng/thread_defect_ng_camera_4_250.png,0,1,0,0,0,val
thread_defect_ng_camera_4_251,images/thread_defect_ng/thread_defect_ng_camera_4_251.png,0,1,0,0,0,train
thread_defect_ng_camera_4_252,images/thread_defect_ng/thread_defect_ng_camera_4_252.png,0,1,0,0,0,test
thread_defect_ng_camera_4_253,images/thread_defect_ng/thread_defect_ng_camera_4_253.png,0,1,0,0,0,test
thread_defect_ng_camera_4_254,images/thread_defect_ng/thread_defect_ng_camera_4_254.png,0,1,0,0,0,train
thread_defect_ng_camera_4_255,images/thread_defect_ng/thread_defect_ng_camera_4_255.png,0,1,0,0,0,train
thread_defect_ng_camera_4_256,images/thread_defect_ng/thread_defect_ng_camera_4_256.png,0,1,0,0,0,val
thread_defect_ng_camera_4_257,images/thread_defect_ng/thread_defect_ng_camera_4_257.png,0,1,0,0,0,train
thread_defect_ng_camera_4_258,images/thread_defect_ng/thread_defect_ng_camera_4_258.png,0,1,0,0,0,test
thread_defect_ng_camera_4_259,images/thread_defect_ng/thread_defect_ng_camera_4_259.png,0,1,0,0,0,train
thread_defect_ng_camera_4_26,images/thread_defect_ng/thread_defect_ng_camera_4_26.png,0,1,0,0,0,test
thread_defect_ng_camera_4_260,images/thread_defect_ng/thread_defect_ng_camera_4_260.png,0,1,0,0,0,train
thread_defect_ng_camera_4_261,images/thread_defect_ng/thread_defect_ng_camera_4_261.png,0,1,0,0,0,val
thread_defect_ng_camera_4_262,images/thread_defect_ng/thread_defect_ng_camera_4_262.png,0,1,0,0,0,train
thread_defect_ng_camera_4_263,images/thread_defect_ng/thread_defect_ng_camera_4_263.png,0,1,0,0,0,train
thread_defect_ng_camera_4_264,images/thread_defect_ng/thread_defect_ng_camera_4_264.png,0,1,0,0,0,train
thread_defect_ng_camera_4_265,images/thread_defect_ng/thread_defect_ng_camera_4_265.png,0,1,0,0,0,test
thread_defect_ng_camera_4_266,images/thread_defect_ng/thread_defect_ng_camera_4_266.png,0,1,0,0,0,train
thread_defect_ng_camera_4_267,images/thread_defect_ng/thread_defect_ng_camera_4_267.png,0,1,0,0,0,val
thread_defect_ng_camera_4_268,images/thread_defect_ng/thread_defect_ng_camera_4_268.png,0,1,0,0,0,train
thread_defect_ng_camera_4_269,images/thread_defect_ng/thread_defect_ng_camera_4_269.png,0,1,0,0,0,train
thread_defect_ng_camera_4_27,images/thread_defect_ng/thread_defect_ng_camera_4_27.png,0,1,0,0,0,train
thread_defect_ng_camera_4_270,images/thread_defect_ng/thread_defect_ng_camera_4_270.png,0,1,0,0,0,train
thread_defect_ng_camera_4_271,images/thread_defect_ng/thread_defect_ng_camera_4_271.png,0,1,0,0,0,train
thread_defect_ng_camera_4_272,images/thread_defect_ng/thread_defect_ng_camera_4_272.png,0,1,0,0,0,train
thread_defect_ng_camera_4_273,images/thread_defect_ng/thread_defect_ng_camera_4_273.png,0,1,0,0,0,train
thread_defect_ng_camera_4_274,images/thread_defect_ng/thread_defect_ng_camera_4_274.png,0,1,0,0,0,test
thread_defect_ng_camera_4_275,images/thread_defect_ng/thread_defect_ng_camera_4_275.png,0,1,0,0,0,train
thread_defect_ng_camera_4_276,images/thread_defect_ng/thread_defect_ng_camera_4_276.png,0,1,0,0,0,train
thread_defect_ng_camera_4_277,images/thread_defect_ng/thread_defect_ng_camera_4_277.png,0,1,0,0,0,val
thread_defect_ng_camera_4_278,images/thread_defect_ng/thread_defect_ng_camera_4_278.png,0,1,0,0,0,train
thread_defect_ng_camera_4_279,images/thread_defect_ng/thread_defect_ng_camera_4_279.png,0,1,0,0,0,train
thread_defect_ng_camera_4_28,images/thread_defect_ng/thread_defect_ng_camera_4_28.png,0,1,0,0,0,train
thread_defect_ng_camera_4_280,images/thread_defect_ng/thread_defect_ng_camera_4_280.png,0,1,0,0,0,val
thread_defect_ng_camera_4_281,images/thread_defect_ng/thread_defect_ng_camera_4_281.png,0,1,0,0,0,train
thread_defect_ng_camera_4_282,images/thread_defect_ng/thread_defect_ng_camera_4_282.png,0,1,0,0,0,val
thread_defect_ng_camera_4_283,images/thread_defect_ng/thread_defect_ng_camera_4_283.png,0,1,0,0,0,test
thread_defect_ng_camera_4_284,images/thread_defect_ng/thread_defect_ng_camera_4_284.png,0,1,0,0,0,train
thread_defect_ng_camera_4_285,images/thread_defect_ng/thread_defect_ng_camera_4_285.png,0,1,0,0,0,val
thread_defect_ng_camera_4_286,images/thread_defect_ng/thread_defect_ng_camera_4_286.png,0,1,0,0,0,val
thread_defect_ng_camera_4_287,images/thread_defect_ng/thread_defect_ng_camera_4_287.png,0,1,0,0,0,train
thread_defect_ng_camera_4_288,images/thread_defect_ng/thread_defect_ng_camera_4_288.png,0,1,0,0,0,train
thread_defect_ng_camera_4_289,images/thread_defect_ng/thread_defect_ng_camera_4_289.png,0,1,0,0,0,train
thread_defect_ng_camera_4_29,images/thread_defect_ng/thread_defect_ng_camera_4_29.png,0,1,0,0,0,val
thread_defect_ng_camera_4_290,images/thread_defect_ng/thread_defect_ng_camera_4_290.png,0,1,0,0,0,train
thread_defect_ng_camera_4_291,images/thread_defect_ng/thread_defect_ng_camera_4_291.png,0,1,0,0,0,test
thread_defect_ng_camera_4_292,images/thread_defect_ng/thread_defect_ng_camera_4_292.png,0,1,0,0,0,train
thread_defect_ng_camera_4_293,images/thread_defect_ng/thread_defect_ng_camera_4_293.png,0,1,0,0,0,train
thread_defect_ng_camera_4_294,images/thread_defect_ng/thread_defect_ng_camera_4_294.png,0,1,0,0,0,val
thread_defect_ng_camera_4_295,images/thread_defect_ng/thread_defect_ng_camera_4_295.png,0,1,0,0,0,test
thread_defect_ng_camera_4_296,images/thread_defect_ng/thread_defect_ng_camera_4_296.png,0,1,0,0,0,train
thread_defect_ng_camera_4_297,images/thread_defect_ng/thread_defect_ng_camera_4_297.png,0,1,0,0,0,val
thread_defect_ng_camera_4_298,images/thread_defect_ng/thread_defect_ng_camera_4_298.png,0,1,0,0,0,train
thread_defect_ng_camera_4_299,images/thread_defect_ng/thread_defect_ng_camera_4_299.png,0,1,0,0,0,train
thread_defect_ng_camera_4_3,images/thread_defect_ng/thread_defect_ng_camera_4_3.png,0,1,0,0,0,val
thread_defect_ng_camera_4_30,images/thread_defect_ng/thread_defect_ng_camera_4_30.png,0,1,0,0,0,train
thread_defect_ng_camera_4_300,images/thread_defect_ng/thread_defect_ng_camera_4_300.png,0,1,0,0,0,val
thread_defect_ng_camera_4_301,images/thread_defect_ng/thread_defect_ng_camera_4_301.png,0,1,0,0,0,train
thread_defect_ng_camera_4_302,images/thread_defect_ng/thread_defect_ng_camera_4_302.png,0,1,0,0,0,train
thread_defect_ng_camera_4_303,images/thread_defect_ng/thread_defect_ng_camera_4_303.png,0,1,0,0,0,train
thread_defect_ng_camera_4_304,images/thread_defect_ng/thread_defect_ng_camera_4_304.png,0,1,0,0,0,train
thread_defect_ng_camera_4_305,images/thread_defect_ng/thread_defect_ng_camera_4_305.png,0,1,0,0,0,train
thread_defect_ng_camera_4_306,images/thread_defect_ng/thread_defect_ng_camera_4_306.png,0,1,0,0,0,train
thread_defect_ng_camera_4_307,images/thread_defect_ng/thread_defect_ng_camera_4_307.png,0,1,0,0,0,train
thread_defect_ng_camera_4_308,images/thread_defect_ng/thread_defect_ng_camera_4_308.png,0,1,0,0,0,test
thread_defect_ng_camera_4_309,images/thread_defect_ng/thread_defect_ng_camera_4_309.png,0,1,0,0,0,train
thread_defect_ng_camera_4_31,images/thread_defect_ng/thread_defect_ng_camera_4_31.png,0,1,0,0,0,train
thread_defect_ng_camera_4_310,images/thread_defect_ng/thread_defect_ng_camera_4_310.png,0,1,0,0,0,train
thread_defect_ng_camera_4_311,images/thread_defect_ng/thread_defect_ng_camera_4_311.png,0,1,0,0,0,train
thread_defect_ng_camera_4_312,images/thread_defect_ng/thread_defect_ng_camera_4_312.png,0,1,0,0,0,val
thread_defect_ng_camera_4_313,images/thread_defect_ng/thread_defect_ng_camera_4_313.png,0,1,0,0,0,train
thread_defect_ng_camera_4_314,images/thread_defect_ng/thread_defect_ng_camera_4_314.png,0,1,0,0,0,val
thread_defect_ng_camera_4_315,images/thread_defect_ng/thread_defect_ng_camera_4_315.png,0,1,0,0,0,train
thread_defect_ng_camera_4_316,images/thread_defect_ng/thread_defect_ng_camera_4_316.png,0,1,0,0,0,val
thread_defect_ng_camera_4_317,images/thread_defect_ng/thread_defect_ng_camera_4_317.png,0,1,0,0,0,train
thread_defect_ng_camera_4_318,images/thread_defect_ng/thread_defect_ng_camera_4_318.png,0,1,0,0,0,val
thread_defect_ng_camera_4_319,images/thread_defect_ng/thread_defect_ng_camera_4_319.png,0,1,0,0,0,train
thread_defect_ng_camera_4_32,images/thread_defect_ng/thread_defect_ng_camera_4_32.png,0,1,0,0,0,val
thread_defect_ng_camera_4_320,images/thread_defect_ng/thread_defect_ng_camera_4_320.png,0,1,0,0,0,train
thread_defect_ng_camera_4_321,images/thread_defect_ng/thread_defect_ng_camera_4_321.png,0,1,0,0,0,train
thread_defect_ng_camera_4_322,images/thread_defect_ng/thread_defect_ng_camera_4_322.png,0,1,0,0,0,train
thread_defect_ng_camera_4_323,images/thread_defect_ng/thread_defect_ng_camera_4_323.png,0,1,0,0,0,train
thread_defect_ng_camera_4_324,images/thread_defect_ng/thread_defect_ng_camera_4_324.png,0,1,0,0,0,train
thread_defect_ng_camera_4_325,images/thread_defect_ng/thread_defect_ng_camera_4_325.png,0,1,0,0,0,val
thread_defect_ng_camera_4_326,images/thread_defect_ng/thread_defect_ng_camera_4_326.png,0,1,0,0,0,val
thread_defect_ng_camera_4_327,images/thread_defect_ng/thread_defect_ng_camera_4_327.png,0,1,0,0,0,train
thread_defect_ng_camera_4_328,images/thread_defect_ng/thread_defect_ng_camera_4_328.png,0,1,0,0,0,train
thread_defect_ng_camera_4_329,images/thread_defect_ng/thread_defect_ng_camera_4_329.png,0,1,0,0,0,test
thread_defect_ng_camera_4_33,images/thread_defect_ng/thread_defect_ng_camera_4_33.png,0,1,0,0,0,val
thread_defect_ng_camera_4_330,images/thread_defect_ng/thread_defect_ng_camera_4_330.png,0,1,0,0,0,val
thread_defect_ng_camera_4_331,images/thread_defect_ng/thread_defect_ng_camera_4_331.png,0,1,0,0,0,train
thread_defect_ng_camera_4_332,images/thread_defect_ng/thread_defect_ng_camera_4_332.png,0,1,0,0,0,train
thread_defect_ng_camera_4_333,images/thread_defect_ng/thread_defect_ng_camera_4_333.png,0,1,0,0,0,val
thread_defect_ng_camera_4_334,images/thread_defect_ng/thread_defect_ng_camera_4_334.png,0,1,0,0,0,train
thread_defect_ng_camera_4_335,images/thread_defect_ng/thread_defect_ng_camera_4_335.png,0,1,0,0,0,train
thread_defect_ng_camera_4_336,images/thread_defect_ng/thread_defect_ng_camera_4_336.png,0,1,0,0,0,val
thread_defect_ng_camera_4_337,images/thread_defect_ng/thread_defect_ng_camera_4_337.png,0,1,0,0,0,train
thread_defect_ng_camera_4_338,images/thread_defect_ng/thread_defect_ng_camera_4_338.png,0,1,0,0,0,train
thread_defect_ng_camera_4_339,images/thread_defect_ng/thread_defect_ng_camera_4_339.png,0,1,0,0,0,train
thread_defect_ng_camera_4_34,images/thread_defect_ng/thread_defect_ng_camera_4_34.png,0,1,0,0,0,train
thread_defect_ng_camera_4_340,images/thread_defect_ng/thread_defect_ng_camera_4_340.png,0,1,0,0,0,train
thread_defect_ng_camera_4_341,images/thread_defect_ng/thread_defect_ng_camera_4_341.png,0,1,0,0,0,train
thread_defect_ng_camera_4_342,images/thread_defect_ng/thread_defect_ng_camera_4_342.png,0,1,0,0,0,train
thread_defect_ng_camera_4_343,images/thread_defect_ng/thread_defect_ng_camera_4_343.png,0,1,0,0,0,val
thread_defect_ng_camera_4_344,images/thread_defect_ng/thread_defect_ng_camera_4_344.png,0,1,0,0,0,val
thread_defect_ng_camera_4_345,images/thread_defect_ng/thread_defect_ng_camera_4_345.png,0,1,0,0,0,train
thread_defect_ng_camera_4_346,images/thread_defect_ng/thread_defect_ng_camera_4_346.png,0,1,0,0,0,train
thread_defect_ng_camera_4_347,images/thread_defect_ng/thread_defect_ng_camera_4_347.png,0,1,0,0,0,train
thread_defect_ng_camera_4_348,images/thread_defect_ng/thread_defect_ng_camera_4_348.png,0,1,0,0,0,train
thread_defect_ng_camera_4_349,images/thread_defect_ng/thread_defect_ng_camera_4_349.png,0,1,0,0,0,train
thread_defect_ng_camera_4_35,images/thread_defect_ng/thread_defect_ng_camera_4_35.png,0,1,0,0,0,train
thread_defect_ng_camera_4_350,images/thread_defect_ng/thread_defect_ng_camera_4_350.png,0,1,0,0,0,train
thread_defect_ng_camera_4_351,images/thread_defect_ng/thread_defect_ng_camera_4_351.png,0,1,0,0,0,train
thread_defect_ng_camera_4_352,images/thread_defect_ng/thread_defect_ng_camera_4_352.png,0,1,0,0,0,val
thread_defect_ng_camera_4_353,images/thread_defect_ng/thread_defect_ng_camera_4_353.png,0,1,0,0,0,train
thread_defect_ng_camera_4_354,images/thread_defect_ng/thread_defect_ng_camera_4_354.png,0,1,0,0,0,train
thread_defect_ng_camera_4_355,images/thread_defect_ng/thread_defect_ng_camera_4_355.png,0,1,0,0,0,train
thread_defect_ng_camera_4_356,images/thread_defect_ng/thread_defect_ng_camera_4_356.png,0,1,0,0,0,train
thread_defect_ng_camera_4_357,images/thread_defect_ng/thread_defect_ng_camera_4_357.png,0,1,0,0,0,train
thread_defect_ng_camera_4_358,images/thread_defect_ng/thread_defect_ng_camera_4_358.png,0,1,0,0,0,train
thread_defect_ng_camera_4_359,images/thread_defect_ng/thread_defect_ng_camera_4_359.png,0,1,0,0,0,train
thread_defect_ng_camera_4_36,images/thread_defect_ng/thread_defect_ng_camera_4_36.png,0,1,0,0,0,val
thread_defect_ng_camera_4_37,images/thread_defect_ng/thread_defect_ng_camera_4_37.png,0,1,0,0,0,test
thread_defect_ng_camera_4_38,images/thread_defect_ng/thread_defect_ng_camera_4_38.png,0,1,0,0,0,train
thread_defect_ng_camera_4_39,images/thread_defect_ng/thread_defect_ng_camera_4_39.png,0,1,0,0,0,val
thread_defect_ng_camera_4_4,images/thread_defect_ng/thread_defect_ng_camera_4_4.png,0,1,0,0,0,test
thread_defect_ng_camera_4_40,images/thread_defect_ng/thread_defect_ng_camera_4_40.png,0,1,0,0,0,train
thread_defect_ng_camera_4_41,images/thread_defect_ng/thread_defect_ng_camera_4_41.png,0,1,0,0,0,test
thread_defect_ng_camera_4_42,images/thread_defect_ng/thread_defect_ng_camera_4_42.png,0,1,0,0,0,train
thread_defect_ng_camera_4_43,images/thread_defect_ng/thread_defect_ng_camera_4_43.png,0,1,0,0,0,train
thread_defect_ng_camera_4_44,images/thread_defect_ng/thread_defect_ng_camera_4_44.png,0,1,0,0,0,train
thread_defect_ng_camera_4_45,images/thread_defect_ng/thread_defect_ng_camera_4_45.png,0,1,0,0,0,train
thread_defect_ng_camera_4_46,images/thread_defect_ng/thread_defect_ng_camera_4_46.png,0,1,0,0,0,train
thread_defect_ng_camera_4_47,images/thread_defect_ng/thread_defect_ng_camera_4_47.png,0,1,0,0,0,test
thread_defect_ng_camera_4_48,images/thread_defect_ng/thread_defect_ng_camera_4_48.png,0,1,0,0,0,train
thread_defect_ng_camera_4_49,images/thread_defect_ng/thread_defect_ng_camera_4_49.png,0,1,0,0,0,train
thread_defect_ng_camera_4_5,images/thread_defect_ng/thread_defect_ng_camera_4_5.png,0,1,0,0,0,train
thread_defect_ng_camera_4_50,images/thread_defect_ng/thread_defect_ng_camera_4_50.png,0,1,0,0,0,train
thread_defect_ng_camera_4_51,images/thread_defect_ng/thread_defect_ng_camera_4_51.png,0,1,0,0,0,train
thread_defect_ng_camera_4_52,images/thread_defect_ng/thread_defect_ng_camera_4_52.png,0,1,0,0,0,train
thread_defect_ng_camera_4_53,images/thread_defect_ng/thread_defect_ng_camera_4_53.png,0,1,0,0,0,test
thread_defect_ng_camera_4_54,images/thread_defect_ng/thread_defect_ng_camera_4_54.png,0,1,0,0,0,train
thread_defect_ng_camera_4_55,images/thread_defect_ng/thread_defect_ng_camera_4_55.png,0,1,0,0,0,train
thread_defect_ng_camera_4_56,images/thread_defect_ng/thread_defect_ng_camera_4_56.png,0,1,0,0,0,train
thread_defect_ng_camera_4_57,images/thread_defect_ng/thread_defect_ng_camera_4_57.png,0,1,0,0,0,test
thread_defect_ng_camera_4_58,images/thread_defect_ng/thread_defect_ng_camera_4_58.png,0,1,0,0,0,val
thread_defect_ng_camera_4_59,images/thread_defect_ng/thread_defect_ng_camera_4_59.png,0,1,0,0,0,train
thread_defect_ng_camera_4_6,images/thread_defect_ng/thread_defect_ng_camera_4_6.png,0,1,0,0,0,train
thread_defect_ng_camera_4_60,images/thread_defect_ng/thread_defect_ng_camera_4_60.png,0,1,0,0,0,val
thread_defect_ng_camera_4_61,images/thread_defect_ng/thread_defect_ng_camera_4_61.png,0,1,0,0,0,train
thread_defect_ng_camera_4_62,images/thread_defect_ng/thread_defect_ng_camera_4_62.png,0,1,0,0,0,test
thread_defect_ng_camera_4_63,images/thread_defect_ng/thread_defect_ng_camera_4_63.png,0,1,0,0,0,val
thread_defect_ng_camera_4_64,images/thread_defect_ng/thread_defect_ng_camera_4_64.png,0,1,0,0,0,val
thread_defect_ng_camera_4_65,images/thread_defect_ng/thread_defect_ng_camera_4_65.png,0,1,0,0,0,train
thread_defect_ng_camera_4_66,images/thread_defect_ng/thread_defect_ng_camera_4_66.png,0,1,0,0,0,train
thread_defect_ng_camera_4_67,images/thread_defect_ng/thread_defect_ng_camera_4_67.png,0,1,0,0,0,train
thread_defect_ng_camera_4_68,images/thread_defect_ng/thread_defect_ng_camera_4_68.png,0,1,0,0,0,train
thread_defect_ng_camera_4_69,images/thread_defect_ng/thread_defect_ng_camera_4_69.png,0,1,0,0,0,train
thread_defect_ng_camera_4_7,images/thread_defect_ng/thread_defect_ng_camera_4_7.png,0,1,0,0,0,val
thread_defect_ng_camera_4_70,images/thread_defect_ng/thread_defect_ng_camera_4_70.png,0,1,0,0,0,train
thread_defect_ng_camera_4_71,images/thread_defect_ng/thread_defect_ng_camera_4_71.png,0,1,0,0,0,train
thread_defect_ng_camera_4_72,images/thread_defect_ng/thread_defect_ng_camera_4_72.png,0,1,0,0,0,test
thread_defect_ng_camera_4_73,images/thread_defect_ng/thread_defect_ng_camera_4_73.png,0,1,0,0,0,train
thread_defect_ng_camera_4_74,images/thread_defect_ng/thread_defect_ng_camera_4_74.png,0,1,0,0,0,train
thread_defect_ng_camera_4_75,images/thread_defect_ng/thread_defect_ng_camera_4_75.png,0,1,0,0,0,val
thread_defect_ng_camera_4_76,images/thread_defect_ng/thread_defect_ng_camera_4_76.png,0,1,0,0,0,train
thread_defect_ng_camera_4_77,images/thread_defect_ng/thread_defect_ng_camera_4_77.png,0,1,0,0,0,train
thread_defect_ng_camera_4_78,images/thread_defect_ng/thread_defect_ng_camera_4_78.png,0,1,0,0,0,train
thread_defect_ng_camera_4_79,images/thread_defect_ng/thread_defect_ng_camera_4_79.png,0,1,0,0,0,train
thread_defect_ng_camera_4_8,images/thread_defect_ng/thread_defect_ng_camera_4_8.png,0,1,0,0,0,train
thread_defect_ng_camera_4_80,images/thread_defect_ng/thread_defect_ng_camera_4_80.png,0,1,0,0,0,test
thread_defect_ng_camera_4_81,images/thread_defect_ng/thread_defect_ng_camera_4_81.png,0,1,0,0,0,train
thread_defect_ng_camera_4_82,images/thread_defect_ng/thread_defect_ng_camera_4_82.png,0,1,0,0,0,train
thread_defect_ng_camera_4_83,images/thread_defect_ng/thread_defect_ng_camera_4_83.png,0,1,0,0,0,train
thread_defect_ng_camera_4_84,images/thread_defect_ng/thread_defect_ng_camera_4_84.png,0,1,0,0,0,train
thread_defect_ng_camera_4_85,images/thread_defect_ng/thread_defect_ng_camera_4_85.png,0,1,0,0,0,train
thread_defect_ng_camera_4_86,images/thread_defect_ng/thread_defect_ng_camera_4_86.png,0,1,0,0,0,val
thread_defect_ng_camera_4_87,images/thread_defect_ng/thread_defect_ng_camera_4_87.png,0,1,0,0,0,train
thread_defect_ng_camera_4_88,images/thread_defect_ng/thread_defect_ng_camera_4_88.png,0,1,0,0,0,val
thread_defect_ng_camera_4_89,images/thread_defect_ng/thread_defect_ng_camera_4_89.png,0,1,0,0,0,train
thread_defect_ng_camera_4_9,images/thread_defect_ng/thread_defect_ng_camera_4_9.png,0,1,0,0,0,val
thread_defect_ng_camera_4_90,images/thread_defect_ng/thread_defect_ng_camera_4_90.png,0,1,0,0,0,train
thread_defect_ng_camera_4_91,images/thread_defect_ng/thread_defect_ng_camera_4_91.png,0,1,0,0,0,train
thread_defect_ng_camera_4_92,images/thread_defect_ng/thread_defect_ng_camera_4_92.png,0,1,0,0,0,train
thread_defect_ng_camera_4_93,images/thread_defect_ng/thread_defect_ng_camera_4_93.png,0,1,0,0,0,train
thread_defect_ng_camera_4_94,images/thread_defect_ng/thread_defect_ng_camera_4_94.png,0,1,0,0,0,val
thread_defect_ng_camera_4_95,images/thread_defect_ng/thread_defect_ng_camera_4_95.png,0,1,0,0,0,train
thread_defect_ng_camera_4_96,images/thread_defect_ng/thread_defect_ng_camera_4_96.png,0,1,0,0,0,train
thread_defect_ng_camera_4_97,images/thread_defect_ng/thread_defect_ng_camera_4_97.png,0,1,0,0,0,val
thread_defect_ng_camera_4_98,images/thread_defect_ng/thread_defect_ng_camera_4_98.png,0,1,0,0,0,test
thread_defect_ng_camera_4_99,images/thread_defect_ng/thread_defect_ng_camera_4_99.png,0,1,0,0,0,train
thread_defect_ok_camera_2_1,images/thread_defect_ok/thread_defect_ok_camera_2_1.png,0,0,0,0,0,train
thread_defect_ok_camera_2_10,images/thread_defect_ok/thread_defect_ok_camera_2_10.png,0,0,0,0,0,train
thread_defect_ok_camera_2_11,images/thread_defect_ok/thread_defect_ok_camera_2_11.png,0,0,0,0,0,train
thread_defect_ok_camera_2_12,images/thread_defect_ok/thread_defect_ok_camera_2_12.png,0,0,0,0,0,train
thread_defect_ok_camera_2_13,images/thread_defect_ok/thread_defect_ok_camera_2_13.png,0,0,0,0,0,train
thread_defect_ok_camera_2_14,images/thread_defect_ok/thread_defect_ok_camera_2_14.png,0,0,0,0,0,train
thread_defect_ok_camera_2_15,images/thread_defect_ok/thread_defect_ok_camera_2_15.png,0,0,0,0,0,val
thread_defect_ok_camera_2_16,images/thread_defect_ok/thread_defect_ok_camera_2_16.png,0,0,0,0,0,test
thread_defect_ok_camera_2_17,images/thread_defect_ok/thread_defect_ok_camera_2_17.png,0,0,0,0,0,train
thread_defect_ok_camera_2_18,images/thread_defect_ok/thread_defect_ok_camera_2_18.png,0,0,0,0,0,train
thread_defect_ok_camera_2_19,images/thread_defect_ok/thread_defect_ok_camera_2_19.png,0,0,0,0,0,val
thread_defect_ok_camera_2_2,images/thread_defect_ok/thread_defect_ok_camera_2_2.png,0,0,0,0,0,val
thread_defect_ok_camera_2_20,images/thread_defect_ok/thread_defect_ok_camera_2_20.png,0,0,0,0,0,train
thread_defect_ok_camera_2_21,images/thread_defect_ok/thread_defect_ok_camera_2_21.png,0,0,0,0,0,train
thread_defect_ok_camera_2_22,images/thread_defect_ok/thread_defect_ok_camera_2_22.png,0,0,0,0,0,train
thread_defect_ok_camera_2_23,images/thread_defect_ok/thread_defect_ok_camera_2_23.png,0,0,0,0,0,train
thread_defect_ok_camera_2_24,images/thread_defect_ok/thread_defect_ok_camera_2_24.png,0,0,0,0,0,train
thread_defect_ok_camera_2_25,images/thread_defect_ok/thread_defect_ok_camera_2_25.png,0,0,0,0,0,train
thread_defect_ok_camera_2_26,images/thread_defect_ok/thread_defect_ok_camera_2_26.png,0,0,0,0,0,train
thread_defect_ok_camera_2_27,images/thread_defect_ok/thread_defect_ok_camera_2_27.png,0,0,0,0,0,train
thread_defect_ok_camera_2_28,images/thread_defect_ok/thread_defect_ok_camera_2_28.png,0,0,0,0,0,test
thread_defect_ok_camera_2_29,images/thread_defect_ok/thread_defect_ok_camera_2_29.png,0,0,0,0,0,val
thread_defect_ok_camera_2_3,images/thread_defect_ok/thread_defect_ok_camera_2_3.png,0,0,0,0,0,train
thread_defect_ok_camera_2_30,images/thread_defect_ok/thread_defect_ok_camera_2_30.png,0,0,0,0,0,train
thread_defect_ok_camera_2_31,images/thread_defect_ok/thread_defect_ok_camera_2_31.png,0,0,0,0,0,train
thread_defect_ok_camera_2_32,images/thread_defect_ok/thread_defect_ok_camera_2_32.png,0,0,0,0,0,train
thread_defect_ok_camera_2_33,images/thread_defect_ok/thread_defect_ok_camera_2_33.png,0,0,0,0,0,val
thread_defect_ok_camera_2_34,images/thread_defect_ok/thread_defect_ok_camera_2_34.png,0,0,0,0,0,train
thread_defect_ok_camera_2_35,images/thread_defect_ok/thread_defect_ok_camera_2_35.png,0,0,0,0,0,train
thread_defect_ok_camera_2_36,images/thread_defect_ok/thread_defect_ok_camera_2_36.png,0,0,0,0,0,train
thread_defect_ok_camera_2_37,images/thread_defect_ok/thread_defect_ok_camera_2_37.png,0,0,0,0,0,train
thread_defect_ok_camera_2_38,images/thread_defect_ok/thread_defect_ok_camera_2_38.png,0,0,0,0,0,test
thread_defect_ok_camera_2_39,images/thread_defect_ok/thread_defect_ok_camera_2_39.png,0,0,0,0,0,test
thread_defect_ok_camera_2_4,images/thread_defect_ok/thread_defect_ok_camera_2_4.png,0,0,0,0,0,train
thread_defect_ok_camera_2_40,images/thread_defect_ok/thread_defect_ok_camera_2_40.png,0,0,0,0,0,train
thread_defect_ok_camera_2_41,images/thread_defect_ok/thread_defect_ok_camera_2_41.png,0,0,0,0,0,train
thread_defect_ok_camera_2_42,images/thread_defect_ok/thread_defect_ok_camera_2_42.png,0,0,0,0,0,train
thread_defect_ok_camera_2_43,images/thread_defect_ok/thread_defect_ok_camera_2_43.png,0,0,0,0,0,train
thread_defect_ok_camera_2_44,images/thread_defect_ok/thread_defect_ok_camera_2_44.png,0,0,0,0,0,train
thread_defect_ok_camera_2_45,images/thread_defect_ok/thread_defect_ok_camera_2_45.png,0,0,0,0,0,val
thread_defect_ok_camera_2_46,images/thread_defect_ok/thread_defect_ok_camera_2_46.png,0,0,0,0,0,test
thread_defect_ok_camera_2_47,images/thread_defect_ok/thread_defect_ok_camera_2_47.png,0,0,0,0,0,train
thread_defect_ok_camera_2_48,images/thread_defect_ok/thread_defect_ok_camera_2_48.png,0,0,0,0,0,val
thread_defect_ok_camera_2_49,images/thread_defect_ok/thread_defect_ok_camera_2_49.png,0,0,0,0,0,test
thread_defect_ok_camera_2_5,images/thread_defect_ok/thread_defect_ok_camera_2_5.png,0,0,0,0,0,train
thread_defect_ok_camera_2_50,images/thread_defect_ok/thread_defect_ok_camera_2_50.png,0,0,0,0,0,train
thread_defect_ok_camera_2_51,images/thread_defect_ok/thread_defect_ok_camera_2_51.png,0,0,0,0,0,train
thread_defect_ok_camera_2_52,images/thread_defect_ok/thread_defect_ok_camera_2_52.png,0,0,0,0,0,train
thread_defect_ok_camera_2_53,images/thread_defect_ok/thread_defect_ok_camera_2_53.png,0,0,0,0,0,train
thread_defect_ok_camera_2_54,images/thread_defect_ok/thread_defect_ok_camera_2_54.png,0,0,0,0,0,train
thread_defect_ok_camera_2_55,images/thread_defect_ok/thread_defect_ok_camera_2_55.png,0,0,0,0,0,train
thread_defect_ok_camera_2_56,images/thread_defect_ok/thread_defect_ok_camera_2_56.png,0,0,0,0,0,train
thread_defect_ok_camera_2_57,images/thread_defect_ok/thread_defect_ok_camera_2_57.png,0,0,0,0,0,train
thread_defect_ok_camera_2_58,images/thread_defect_ok/thread_defect_ok_camera_2_58.png,0,0,0,0,0,train
thread_defect_ok_camera_2_59,images/thread_defect_ok/thread_defect_ok_camera_2_59.png,0,0,0,0,0,train
thread_defect_ok_camera_2_6,images/thread_defect_ok/thread_defect_ok_camera_2_6.png,0,0,0,0,0,test
thread_defect_ok_camera_2_60,images/thread_defect_ok/thread_defect_ok_camera_2_60.png,0,0,0,0,0,train
thread_defect_ok_camera_2_61,images/thread_defect_ok/thread_defect_ok_camera_2_61.png,0,0,0,0,0,test
thread_defect_ok_camera_2_62,images/thread_defect_ok/thread_defect_ok_camera_2_62.png,0,0,0,0,0,train
thread_defect_ok_camera_2_63,images/thread_defect_ok/thread_defect_ok_camera_2_63.png,0,0,0,0,0,train
thread_defect_ok_camera_2_64,images/thread_defect_ok/thread_defect_ok_camera_2_64.png,0,0,0,0,0,val
thread_defect_ok_camera_2_65,images/thread_defect_ok/thread_defect_ok_camera_2_65.png,0,0,0,0,0,val
thread_defect_ok_camera_2_66,images/thread_defect_ok/thread_defect_ok_camera_2_66.png,0,0,0,0,0,test
thread_defect_ok_camera_2_67,images/thread_defect_ok/thread_defect_ok_camera_2_67.png,0,0,0,0,0,train
thread_defect_ok_camera_2_68,images/thread_defect_ok/thread_defect_ok_camera_2_68.png,0,0,0,0,0,train
thread_defect_ok_camera_2_69,images/thread_defect_ok/thread_defect_ok_camera_2_69.png,0,0,0,0,0,train
thread_defect_ok_camera_2_7,images/thread_defect_ok/thread_defect_ok_camera_2_7.png,0,0,0,0,0,val
thread_defect_ok_camera_2_70,images/thread_defect_ok/thread_defect_ok_camera_2_70.png,0,0,0,0,0,train
thread_defect_ok_camera_2_71,images/thread_defect_ok/thread_defect_ok_camera_2_71.png,0,0,0,0,0,train
thread_defect_ok_camera_2_72,images/thread_defect_ok/thread_defect_ok_camera_2_72.png,0,0,0,0,0,val
thread_defect_ok_camera_2_73,images/thread_defect_ok/thread_defect_ok_camera_2_73.png,0,0,0,0,0,val
thread_defect_ok_camera_2_74,images/thread_defect_ok/thread_defect_ok_camera_2_74.png,0,0,0,0,0,train
thread_defect_ok_camera_2_75,images/thread_defect_ok/thread_defect_ok_camera_2_75.png,0,0,0,0,0,train
thread_defect_ok_camera_2_76,images/thread_defect_ok/thread_defect_ok_camera_2_76.png,0,0,0,0,0,val
thread_defect_ok_camera_2_8,images/thread_defect_ok/thread_defect_ok_camera_2_8.png,0,0,0,0,0,train
thread_defect_ok_camera_2_9,images/thread_defect_ok/thread_defect_ok_camera_2_9.png,0,0,0,0,0,train
thread_defect_ok_camera_3_1,images/thread_defect_ok/thread_defect_ok_camera_3_1.png,0,0,0,0,0,train
thread_defect_ok_camera_3_10,images/thread_defect_ok/thread_defect_ok_camera_3_10.png,0,0,0,0,0,val
thread_defect_ok_camera_3_11,images/thread_defect_ok/thread_defect_ok_camera_3_11.png,0,0,0,0,0,train
thread_defect_ok_camera_3_12,images/thread_defect_ok/thread_defect_ok_camera_3_12.png,0,0,0,0,0,train
thread_defect_ok_camera_3_13,images/thread_defect_ok/thread_defect_ok_camera_3_13.png,0,0,0,0,0,train
thread_defect_ok_camera_3_14,images/thread_defect_ok/thread_defect_ok_camera_3_14.png,0,0,0,0,0,train
thread_defect_ok_camera_3_15,images/thread_defect_ok/thread_defect_ok_camera_3_15.png,0,0,0,0,0,train
thread_defect_ok_camera_3_16,images/thread_defect_ok/thread_defect_ok_camera_3_16.png,0,0,0,0,0,train
thread_defect_ok_camera_3_17,images/thread_defect_ok/thread_defect_ok_camera_3_17.png,0,0,0,0,0,train
thread_defect_ok_camera_3_18,images/thread_defect_ok/thread_defect_ok_camera_3_18.png,0,0,0,0,0,train
thread_defect_ok_camera_3_19,images/thread_defect_ok/thread_defect_ok_camera_3_19.png,0,0,0,0,0,test
thread_defect_ok_camera_3_2,images/thread_defect_ok/thread_defect_ok_camera_3_2.png,0,0,0,0,0,train
thread_defect_ok_camera_3_20,images/thread_defect_ok/thread_defect_ok_camera_3_20.png,0,0,0,0,0,train
thread_defect_ok_camera_3_21,images/thread_defect_ok/thread_defect_ok_camera_3_21.png,0,0,0,0,0,train
thread_defect_ok_camera_3_22,images/thread_defect_ok/thread_defect_ok_camera_3_22.png,0,0,0,0,0,train
thread_defect_ok_camera_3_23,images/thread_defect_ok/thread_defect_ok_camera_3_23.png,0,0,0,0,0,train
thread_defect_ok_camera_3_24,images/thread_defect_ok/thread_defect_ok_camera_3_24.png,0,0,0,0,0,train
thread_defect_ok_camera_3_25,images/thread_defect_ok/thread_defect_ok_camera_3_25.png,0,0,0,0,0,val
thread_defect_ok_camera_3_26,images/thread_defect_ok/thread_defect_ok_camera_3_26.png,0,0,0,0,0,train
thread_defect_ok_camera_3_27,images/thread_defect_ok/thread_defect_ok_camera_3_27.png,0,0,0,0,0,test
thread_defect_ok_camera_3_28,images/thread_defect_ok/thread_defect_ok_camera_3_28.png,0,0,0,0,0,train
thread_defect_ok_camera_3_29,images/thread_defect_ok/thread_defect_ok_camera_3_29.png,0,0,0,0,0,train
thread_defect_ok_camera_3_3,images/thread_defect_ok/thread_defect_ok_camera_3_3.png,0,0,0,0,0,train
thread_defect_ok_camera_3_30,images/thread_defect_ok/thread_defect_ok_camera_3_30.png,0,0,0,0,0,train
thread_defect_ok_camera_3_31,images/thread_defect_ok/thread_defect_ok_camera_3_31.png,0,0,0,0,0,test
thread_defect_ok_camera_3_32,images/thread_defect_ok/thread_defect_ok_camera_3_32.png,0,0,0,0,0,train
thread_defect_ok_camera_3_33,images/thread_defect_ok/thread_defect_ok_camera_3_33.png,0,0,0,0,0,test
thread_defect_ok_camera_3_34,images/thread_defect_ok/thread_defect_ok_camera_3_34.png,0,0,0,0,0,train
thread_defect_ok_camera_3_35,images/thread_defect_ok/thread_defect_ok_camera_3_35.png,0,0,0,0,0,train
thread_defect_ok_camera_3_36,images/thread_defect_ok/thread_defect_ok_camera_3_36.png,0,0,0,0,0,train
thread_defect_ok_camera_3_37,images/thread_defect_ok/thread_defect_ok_camera_3_37.png,0,0,0,0,0,val
thread_defect_ok_camera_3_38,images/thread_defect_ok/thread_defect_ok_camera_3_38.png,0,0,0,0,0,train
thread_defect_ok_camera_3_39,images/thread_defect_ok/thread_defect_ok_camera_3_39.png,0,0,0,0,0,train
thread_defect_ok_camera_3_4,images/thread_defect_ok/thread_defect_ok_camera_3_4.png,0,0,0,0,0,test
thread_defect_ok_camera_3_40,images/thread_defect_ok/thread_defect_ok_camera_3_40.png,0,0,0,0,0,train
thread_defect_ok_camera_3_41,images/thread_defect_ok/thread_defect_ok_camera_3_41.png,0,0,0,0,0,train
thread_defect_ok_camera_3_42,images/thread_defect_ok/thread_defect_ok_camera_3_42.png,0,0,0,0,0,val
thread_defect_ok_camera_3_43,images/thread_defect_ok/thread_defect_ok_camera_3_43.png,0,0,0,0,0,train
thread_defect_ok_camera_3_44,images/thread_defect_ok/thread_defect_ok_camera_3_44.png,0,0,0,0,0,train
thread_defect_ok_camera_3_45,images/thread_defect_ok/thread_defect_ok_camera_3_45.png,0,0,0,0,0,train
thread_defect_ok_camera_3_46,images/thread_defect_ok/thread_defect_ok_camera_3_46.png,0,0,0,0,0,train
thread_defect_ok_camera_3_47,images/thread_defect_ok/thread_defect_ok_camera_3_47.png,0,0,0,0,0,val
thread_defect_ok_camera_3_48,images/thread_defect_ok/thread_defect_ok_camera_3_48.png,0,0,0,0,0,val
thread_defect_ok_camera_3_49,images/thread_defect_ok/thread_defect_ok_camera_3_49.png,0,0,0,0,0,train
thread_defect_ok_camera_3_5,images/thread_defect_ok/thread_defect_ok_camera_3_5.png,0,0,0,0,0,val
thread_defect_ok_camera_3_50,images/thread_defect_ok/thread_defect_ok_camera_3_50.png,0,0,0,0,0,train
thread_defect_ok_camera_3_51,images/thread_defect_ok/thread_defect_ok_camera_3_51.png,0,0,0,0,0,train
thread_defect_ok_camera_3_52,images/thread_defect_ok/thread_defect_ok_camera_3_52.png,0,0,0,0,0,train
thread_defect_ok_camera_3_53,images/thread_defect_ok/thread_defect_ok_camera_3_53.png,0,0,0,0,0,train
thread_defect_ok_camera_3_54,images/thread_defect_ok/thread_defect_ok_camera_3_54.png,0,0,0,0,0,train
thread_defect_ok_camera_3_55,images/thread_defect_ok/thread_defect_ok_camera_3_55.png,0,0,0,0,0,train
thread_defect_ok_camera_3_56,images/thread_defect_ok/thread_defect_ok_camera_3_56.png,0,0,0,0,0,test
thread_defect_ok_camera_3_57,images/thread_defect_ok/thread_defect_ok_camera_3_57.png,0,0,0,0,0,train
thread_defect_ok_camera_3_58,images/thread_defect_ok/thread_defect_ok_camera_3_58.png,0,0,0,0,0,train
thread_defect_ok_camera_3_59,images/thread_defect_ok/thread_defect_ok_camera_3_59.png,0,0,0,0,0,train
thread_defect_ok_camera_3_6,images/thread_defect_ok/thread_defect_ok_camera_3_6.png,0,0,0,0,0,train
thread_defect_ok_camera_3_60,images/thread_defect_ok/thread_defect_ok_camera_3_60.png,0,0,0,0,0,train
thread_defect_ok_camera_3_61,images/thread_defect_ok/thread_defect_ok_camera_3_61.png,0,0,0,0,0,val
thread_defect_ok_camera_3_62,images/thread_defect_ok/thread_defect_ok_camera_3_62.png,0,0,0,0,0,val
thread_defect_ok_camera_3_63,images/thread_defect_ok/thread_defect_ok_camera_3_63.png,0,0,0,0,0,test
thread_defect_ok_camera_3_64,images/thread_defect_ok/thread_defect_ok_camera_3_64.png,0,0,0,0,0,val
thread_defect_ok_camera_3_65,images/thread_defect_ok/thread_defect_ok_camera_3_65.png,0,0,0,0,0,train
thread_defect_ok_camera_3_66,images/thread_defect_ok/thread_defect_ok_camera_3_66.png,0,0,0,0,0,train
thread_defect_ok_camera_3_67,images/thread_defect_ok/thread_defect_ok_camera_3_67.png,0,0,0,0,0,val
thread_defect_ok_camera_3_68,images/thread_defect_ok/thread_defect_ok_camera_3_68.png,0,0,0,0,0,train
thread_defect_ok_camera_3_69,images/thread_defect_ok/thread_defect_ok_camera_3_69.png,0,0,0,0,0,train
thread_defect_ok_camera_3_7,images/thread_defect_ok/thread_defect_ok_camera_3_7.png,0,0,0,0,0,val
thread_defect_ok_camera_3_70,images/thread_defect_ok/thread_defect_ok_camera_3_70.png,0,0,0,0,0,train
thread_defect_ok_camera_3_71,images/thread_defect_ok/thread_defect_ok_camera_3_71.png,0,0,0,0,0,val
thread_defect_ok_camera_3_72,images/thread_defect_ok/thread_defect_ok_camera_3_72.png,0,0,0,0,0,train
thread_defect_ok_camera_3_73,images/thread_defect_ok/thread_defect_ok_camera_3_73.png,0,0,0,0,0,train
thread_defect_ok_camera_3_74,images/thread_defect_ok/thread_defect_ok_camera_3_74.png,0,0,0,0,0,train
thread_defect_ok_camera_3_75,images/thread_defect_ok/thread_defect_ok_camera_3_75.png,0,0,0,0,0,test
thread_defect_ok_camera_3_76,images/thread_defect_ok/thread_defect_ok_camera_3_76.png,0,0,0,0,0,train
thread_defect_ok_camera_3_8,images/thread_defect_ok/thread_defect_ok_camera_3_8.png,0,0,0,0,0,train
thread_defect_ok_camera_3_9,images/thread_defect_ok/thread_defect_ok_camera_3_9.png,0,0,0,0,0,test
thread_defect_ok_camera_4_1,images/thread_defect_ok/thread_defect_ok_camera_4_1.png,0,0,0,0,0,train
thread_defect_ok_camera_4_10,images/thread_defect_ok/thread_defect_ok_camera_4_10.png,0,0,0,0,0,val
thread_defect_ok_camera_4_11,images/thread_defect_ok/thread_defect_ok_camera_4_11.png,0,0,0,0,0,train
thread_defect_ok_camera_4_12,images/thread_defect_ok/thread_defect_ok_camera_4_12.png,0,0,0,0,0,train
thread_defect_ok_camera_4_13,images/thread_defect_ok/thread_defect_ok_camera_4_13.png,0,0,0,0,0,train
thread_defect_ok_camera_4_14,images/thread_defect_ok/thread_defect_ok_camera_4_14.png,0,0,0,0,0,train
thread_defect_ok_camera_4_15,images/thread_defect_ok/thread_defect_ok_camera_4_15.png,0,0,0,0,0,train
thread_defect_ok_camera_4_16,images/thread_defect_ok/thread_defect_ok_camera_4_16.png,0,0,0,0,0,train
thread_defect_ok_camera_4_17,images/thread_defect_ok/thread_defect_ok_camera_4_17.png,0,0,0,0,0,val
thread_defect_ok_camera_4_18,images/thread_defect_ok/thread_defect_ok_camera_4_18.png,0,0,0,0,0,train
thread_defect_ok_camera_4_19,images/thread_defect_ok/thread_defect_ok_camera_4_19.png,0,0,0,0,0,train
thread_defect_ok_camera_4_2,images/thread_defect_ok/thread_defect_ok_camera_4_2.png,0,0,0,0,0,train
thread_defect_ok_camera_4_20,images/thread_defect_ok/thread_defect_ok_camera_4_20.png,0,0,0,0,0,train
thread_defect_ok_camera_4_21,images/thread_defect_ok/thread_defect_ok_camera_4_21.png,0,0,0,0,0,train
thread_defect_ok_camera_4_22,images/thread_defect_ok/thread_defect_ok_camera_4_22.png,0,0,0,0,0,train
thread_defect_ok_camera_4_23,images/thread_defect_ok/thread_defect_ok_camera_4_23.png,0,0,0,0,0,train
thread_defect_ok_camera_4_24,images/thread_defect_ok/thread_defect_ok_camera_4_24.png,0,0,0,0,0,train
thread_defect_ok_camera_4_25,images/thread_defect_ok/thread_defect_ok_camera_4_25.png,0,0,0,0,0,test
thread_defect_ok_camera_4_26,images/thread_defect_ok/thread_defect_ok_camera_4_26.png,0,0,0,0,0,train
thread_defect_ok_camera_4_27,images/thread_defect_ok/thread_defect_ok_camera_4_27.png,0,0,0,0,0,test
thread_defect_ok_camera_4_28,images/thread_defect_ok/thread_defect_ok_camera_4_28.png,0,0,0,0,0,train
thread_defect_ok_camera_4_29,images/thread_defect_ok/thread_defect_ok_camera_4_29.png,0,0,0,0,0,val
thread_defect_ok_camera_4_3,images/thread_defect_ok/thread_defect_ok_camera_4_3.png,0,0,0,0,0,train
thread_defect_ok_camera_4_30,images/thread_defect_ok/thread_defect_ok_camera_4_30.png,0,0,0,0,0,train
thread_defect_ok_camera_4_31,images/thread_defect_ok/thread_defect_ok_camera_4_31.png,0,0,0,0,0,train
thread_defect_ok_camera_4_32,images/thread_defect_ok/thread_defect_ok_camera_4_32.png,0,0,0,0,0,train
thread_defect_ok_camera_4_33,images/thread_defect_ok/thread_defect_ok_camera_4_33.png,0,0,0,0,0,train
thread_defect_ok_camera_4_34,images/thread_defect_ok/thread_defect_ok_camera_4_34.png,0,0,0,0,0,val
thread_defect_ok_camera_4_35,images/thread_defect_ok/thread_defect_ok_camera_4_35.png,0,0,0,0,0,train
thread_defect_ok_camera_4_36,images/thread_defect_ok/thread_defect_ok_camera_4_36.png,0,0,0,0,0,val
thread_defect_ok_camera_4_37,images/thread_defect_ok/thread_defect_ok_camera_4_37.png,0,0,0,0,0,train
thread_defect_ok_camera_4_38,images/thread_defect_ok/thread_defect_ok_camera_4_38.png,0,0,0,0,0,train
thread_defect_ok_camera_4_39,images/thread_defect_ok/thread_defect_ok_camera_4_39.png,0,0,0,0,0,train
thread_defect_ok_camera_4_4,images/thread_defect_ok/thread_defect_ok_camera_4_4.png,0,0,0,0,0,train
thread_defect_ok_camera_4_40,images/thread_defect_ok/thread_defect_ok_camera_4_40.png,0,0,0,0,0,val
thread_defect_ok_camera_4_41,images/thread_defect_ok/thread_defect_ok_camera_4_41.png,0,0,0,0,0,train
thread_defect_ok_camera_4_42,images/thread_defect_ok/thread_defect_ok_camera_4_42.png,0,0,0,0,0,train
thread_defect_ok_camera_4_43,images/thread_defect_ok/thread_defect_ok_camera_4_43.png,0,0,0,0,0,train
thread_defect_ok_camera_4_44,images/thread_defect_ok/thread_defect_ok_camera_4_44.png,0,0,0,0,0,val
thread_defect_ok_camera_4_45,images/thread_defect_ok/thread_defect_ok_camera_4_45.png,0,0,0,0,0,test
thread_defect_ok_camera_4_46,images/thread_defect_ok/thread_defect_ok_camera_4_46.png,0,0,0,0,0,val
thread_defect_ok_camera_4_47,images/thread_defect_ok/thread_defect_ok_camera_4_47.png,0,0,0,0,0,train
thread_defect_ok_camera_4_48,images/thread_defect_ok/thread_defect_ok_camera_4_48.png,0,0,0,0,0,train
thread_defect_ok_camera_4_49,images/thread_defect_ok/thread_defect_ok_camera_4_49.png,0,0,0,0,0,val
thread_defect_ok_camera_4_5,images/thread_defect_ok/thread_defect_ok_camera_4_5.png,0,0,0,0,0,test
thread_defect_ok_camera_4_50,images/thread_defect_ok/thread_defect_ok_camera_4_50.png,0,0,0,0,0,train
thread_defect_ok_camera_4_51,images/thread_defect_ok/thread_defect_ok_camera_4_51.png,0,0,0,0,0,train
thread_defect_ok_camera_4_52,images/thread_defect_ok/thread_defect_ok_camera_4_52.png,0,0,0,0,0,train
thread_defect_ok_camera_4_53,images/thread_defect_ok/thread_defect_ok_camera_4_53.png,0,0,0,0,0,train
thread_defect_ok_camera_4_54,images/thread_defect_ok/thread_defect_ok_camera_4_54.png,0,0,0,0,0,train
thread_defect_ok_camera_4_55,images/thread_defect_ok/thread_defect_ok_camera_4_55.png,0,0,0,0,0,train
thread_defect_ok_camera_4_56,images/thread_defect_ok/thread_defect_ok_camera_4_56.png,0,0,0,0,0,train
thread_defect_ok_camera_4_57,images/thread_defect_ok/thread_defect_ok_camera_4_57.png,0,0,0,0,0,val
thread_defect_ok_camera_4_58,images/thread_defect_ok/thread_defect_ok_camera_4_58.png,0,0,0,0,0,train
thread_defect_ok_camera_4_59,images/thread_defect_ok/thread_defect_ok_camera_4_59.png,0,0,0,0,0,train
thread_defect_ok_camera_4_6,images/thread_defect_ok/thread_defect_ok_camera_4_6.png,0,0,0,0,0,train
thread_defect_ok_camera_4_60,images/thread_defect_ok/thread_defect_ok_camera_4_60.png,0,0,0,0,0,train
thread_defect_ok_camera_4_61,images/thread_defect_ok/thread_defect_ok_camera_4_61.png,0,0,0,0,0,train
thread_defect_ok_camera_4_62,images/thread_defect_ok/thread_defect_ok_camera_4_62.png,0,0,0,0,0,test
thread_defect_ok_camera_4_63,images/thread_defect_ok/thread_defect_ok_camera_4_63.png,0,0,0,0,0,train
thread_defect_ok_camera_4_64,images/thread_defect_ok/thread_defect_ok_camera_4_64.png,0,0,0,0,0,train
thread_defect_ok_camera_4_65,images/thread_defect_ok/thread_defect_ok_camera_4_65.png,0,0,0,0,0,train
thread_defect_ok_camera_4_66,images/thread_defect_ok/thread_defect_ok_camera_4_66.png,0,0,0,0,0,train
thread_defect_ok_camera_4_67,images/thread_defect_ok/thread_defect_ok_camera_4_67.png,0,0,0,0,0,test
thread_defect_ok_camera_4_68,images/thread_defect_ok/thread_defect_ok_camera_4_68.png,0,0,0,0,0,train
thread_defect_ok_camera_4_69,images/thread_defect_ok/thread_defect_ok_camera_4_69.png,0,0,0,0,0,train
thread_defect_ok_camera_4_7,images/thread_defect_ok/thread_defect_ok_camera_4_7.png,0,0,0,0,0,train
thread_defect_ok_camera_4_70,images/thread_defect_ok/thread_defect_ok_camera_4_70.png,0,0,0,0,0,train
thread_defect_ok_camera_4_71,images/thread_defect_ok/thread_defect_ok_camera_4_71.png,0,0,0,0,0,train
thread_defect_ok_camera_4_72,images/thread_defect_ok/thread_defect_ok_camera_4_72.png,0,0,0,0,0,train
thread_defect_ok_camera_4_73,images/thread_defect_ok/thread_defect_ok_camera_4_73.png,0,0,0,0,0,val
thread_defect_ok_camera_4_74,images/thread_defect_ok/thread_defect_ok_camera_4_74.png,0,0,0,0,0,train
thread_defect_ok_camera_4_75,images/thread_defect_ok/thread_defect_ok_camera_4_75.png,0,0,0,0,0,train
thread_defect_ok_camera_4_76,images/thread_defect_ok/thread_defect_ok_camera_4_76.png,0,0,0,0,0,train
thread_defect_ok_camera_4_8,images/thread_defect_ok/thread_defect_ok_camera_4_8.png,0,0,0,0,0,val
thread_defect_ok_camera_4_9,images/thread_defect_ok/thread_defect_ok_camera_4_9.png,0,0,0,0,0,train
